{
    "root_group": {
        "path": "",
        "id": "d41d8cd98f00b204e9800998ecf8427e",
        "groups": {},
        "checks": {
                "status is 2xx": {
                    "id": "625da780c1868b693c9052f10511e6a0",
                    "passes": 3600,
                    "fails": 0,
                    "name": "status is 2xx",
                    "path": "::status is 2xx"
                }
            },
        "name": ""
    },
    "metrics": {
        "iterations": {
            "count": 3600,
            "rate": 29.99980201280664
        },
        "http_req_connecting": {
            "avg": 0.0014816372222222225,
            "min": 0,
            "med": 0,
            "max": 0.346166,
            "p(90)": 0,
            "p(95)": 0,
            "p(99)": 0.10316442999999931
        },
        "http_req_tls_handshaking": {
            "max": 0,
            "p(90)": 0,
            "p(95)": 0,
            "p(99)": 0,
            "avg": 0,
            "min": 0,
            "med": 0
        },
        "vus": {
            "value": 0,
            "min": 0,
            "max": 0
        },
        "vus_max": {
            "value": 40,
            "min": 40,
            "max": 40
        },
        "http_req_receiving": {
            "p(99)": 0.1802004599999999,
            "avg": 0.13360806083333332,
            "min": 0.049873,
            "med": 0.1339035,
            "max": 0.311882,
            "p(90)": 0.1553799,
            "p(95)": 0.16512169999999998
        },
        "iteration_duration": {
            "p(95)": 4.2560793,
            "p(99)": 4.5220835899999985,
            "avg": 3.1271417533333334,
            "min": 2.003252,
            "med": 2.955488,
            "max": 6.074485,
            "p(90)": 4.1221768
        },
        "http_reqs": {
            "count": 3600,
            "rate": 29.99980201280664,
            "thresholds": {
                "rate>25": false
            }
        },
        "http_req_duration": {
            "max": 5.855377,
            "p(90)": 3.946845,
            "p(95)": 4.0659912,
            "p(99)": 4.30727866,
            "avg": 2.9551119572222166,
            "min": 1.894849,
            "med": 2.7702210000000003,
            "thresholds": {
                "p(95)<500": false
            }
        },
        "http_req_blocked": {
            "med": 0.0052045,
            "max": 0.395106,
            "p(90)": 0.006904999999999999,
            "p(95)": 0.008907999999999994,
            "p(99)": 0.14157861999999907,
            "avg": 0.007680665833333332,
            "min": 0.002976
        },
        "checks": {
            "fails": 0,
            "passes": 3600,
            "thresholds": {
                "rate>0.99": false
            },
            "value": 1
        },
        "http_req_sending": {
            "min": 0.009147,
            "med": 0.0227125,
            "max": 0.124362,
            "p(90)": 0.030347,
            "p(95)": 0.03317749999999997,
            "p(99)": 0.052449399999999965,
            "avg": 0.023815349444444484
        },
        "http_req_waiting": {
            "avg": 2.797688546944437,
            "min": 1.753125,
            "med": 2.61104,
            "max": 5.648402,
            "p(90)": 3.7818763,
            "p(95)": 3.9047788,
            "p(99)": 4.151747529999999
        },
        "data_sent": {
            "count": 298800,
            "rate": 2489.9835670629514
        },
        "http_req_failed": {
            "passes": 0,
            "fails": 3600,
            "thresholds": {
                "rate<0.01": false
            },
            "value": 0
        },
        "data_received": {
            "count": 862218,
            "rate": 7185.102581077254
        },
        "http_req_duration{expected_response:true}": {
            "med": 2.7702210000000003,
            "max": 5.855377,
            "p(90)": 3.946845,
            "p(95)": 4.0659912,
            "p(99)": 4.30727866,
            "avg": 2.9551119572222166,
            "min": 1.894849
        }
    }
}