comment_id,pr,date,severity,file,line,status,owner,review_agent,confidence,evidence_type,verification_date,evidence,issue
2840290969,38,2026-02-23,P1,backend/app/services/clinic_management_api_service.py,350,OBSOLETE,Backend,Mechanical Verification Agent,1.00,Static analysis,2026-08-01,File deleted: backend/app/services/clinic_management_api_service.py,**<sub><sub>![P1 Badge](https://img.shields.io/badge/P1-orange?style=flat)</sub>
2842472039,41,2026-02-23,P2,frontend/src/components/common/Form.jsx,319,OBSOLETE,Frontend,Mechanical Verification Agent,1.00,Static analysis,2026-08-01,Cannot read file (Pass 2),**<sub><sub>![P2 Badge](https://img.shields.io/badge/P2-yellow?style=flat)</sub>
2840290964,38,2026-02-23,P1,.github/workflows/ci-cd-unified.yml,537,UNVERIFIED,DevOps,N/A — pending verification,0.00,N/A,,CI config — requires manual check,**<sub><sub>![P1 Badge](https://img.shields.io/badge/P1-orange?style=flat)</sub>
2848873299,44,2026-02-24,P2,frontend/src/components/ui/FileUpload.jsx,209,OBSOLETE,Frontend,Mechanical Verification Agent,1.00,Static analysis,2026-08-01,Cannot read file (Pass 2),**<sub><sub>![P2 Badge](https://img.shields.io/badge/P2-yellow?style=flat)</sub>
2851274363,45,2026-02-25,P2,.github/workflows/ci-cd-unified.yml,673,SUPERSEDED,DevOps,Mechanical Verification Agent,0.85,Static analysis,2026-08-01,Identifiers ['build_frontend_backend_parity.py'] not found in current ci-cd-unified.yml. Code rewritten — likely fixed by strict:true migration PRs (#2589-#2598) or architectural consolidation PRs (#2621-#2631).,**<sub><sub>![P2 Badge](https://img.shields.io/badge/P2-yellow?style=flat)</sub>
2851274359,45,2026-02-25,P1,frontend/src/components/wizard/AppointmentWizardV2.jsx,90,OBSOLETE,Frontend,Mechanical Verification Agent,1.00,Static analysis,2026-08-01,Cannot read file (Pass 2),**<sub><sub>![P1 Badge](https://img.shields.io/badge/P1-orange?style=flat)</sub>
2866520009,48,2026-02-27,P2,frontend/src/components/ui/macos/MacOSInput.jsx,58,OBSOLETE,Frontend,Mechanical Verification Agent,1.00,Static analysis,2026-08-01,File deleted: frontend/src/components/ui/macos/MacOSInput.jsx,**<sub><sub>![P2 Badge](https://img.shields.io/badge/P2-yellow?style=flat)</sub>
2867732362,49,2026-02-28,P2,frontend/src/components/ui/macos/Sidebar.jsx,289,OBSOLETE,Frontend,Mechanical Verification Agent,1.00,Static analysis,2026-08-01,Cannot read file (Pass 2),**<sub><sub>![P2 Badge](https://img.shields.io/badge/P2-yellow?style=flat)</sub>
2868615956,50,2026-03-01,P1,frontend/scripts/auditThemeUsage.js,9,SUPERSEDED,Frontend,Mechanical Verification Agent,0.85,Static analysis,2026-08-01,Identifiers ['package.json'] not found in current auditThemeUsage.js. Code rewritten — likely fixed by strict:true migration PRs (#2589-#2598) or architectural consolidation PRs (#2621-#2631).,**<sub><sub>![P1 Badge](https://img.shields.io/badge/P1-orange?style=flat)</sub>
2868615959,50,2026-03-01,P2,frontend/codemods/normalizeSpacing.js,79,SUPERSEDED,Frontend,Mechanical Verification Agent,0.85,Static analysis,2026-08-01,Component <sub> not in current normalizeSpacing.js. Component removed or refactored.,**<sub><sub>![P2 Badge](https://img.shields.io/badge/P2-yellow?style=flat)</sub>
2868615954,50,2026-03-01,P1,frontend/src/theme/componentOverrides.ts,112,OBSOLETE,Frontend,Mechanical Verification Agent,1.00,Static analysis,2026-08-01,File deleted: frontend/src/theme/componentOverrides.ts,**<sub><sub>![P1 Badge](https://img.shields.io/badge/P1-orange?style=flat)</sub>
2868615960,50,2026-03-01,P2,frontend/src/theme/muiTheme.ts,177,OBSOLETE,Frontend,Mechanical Verification Agent,1.00,Static analysis,2026-08-01,File deleted: frontend/src/theme/muiTheme.ts,**<sub><sub>![P2 Badge](https://img.shields.io/badge/P2-yellow?style=flat)</sub>
2879916009,53,2026-03-03,P2,frontend/src/components/ui/macos/MacOSInput.jsx,133,OBSOLETE,Frontend,Mechanical Verification Agent,1.00,Static analysis,2026-08-01,File deleted: frontend/src/components/ui/macos/MacOSInput.jsx,**<sub><sub>![P2 Badge](https://img.shields.io/badge/P2-yellow?style=flat)</sub>
2879916014,53,2026-03-03,P2,frontend/src/components/ui/macos/MacOSInput.jsx,103,OBSOLETE,Frontend,Mechanical Verification Agent,1.00,Static analysis,2026-08-01,File deleted: frontend/src/components/ui/macos/MacOSInput.jsx,**<sub><sub>![P2 Badge](https://img.shields.io/badge/P2-yellow?style=flat)</sub>
2885367235,54,2026-03-04,P2,frontend/src/components/ui/macos/MacOSInput.jsx,129,OBSOLETE,Frontend,Mechanical Verification Agent,1.00,Static analysis,2026-08-01,File deleted: frontend/src/components/ui/macos/MacOSInput.jsx,**<sub><sub>![P2 Badge](https://img.shields.io/badge/P2-yellow?style=flat)</sub>
2891580592,55,2026-03-05,P2,frontend/src/components/ui/macos/MacOSInput.jsx,102,OBSOLETE,Frontend,Mechanical Verification Agent,1.00,Static analysis,2026-08-01,File deleted: frontend/src/components/ui/macos/MacOSInput.jsx,**<sub><sub>![P2 Badge](https://img.shields.io/badge/P2-yellow?style=flat)</sub>
2896850143,61,2026-03-06,P2,docs/architecture/W2C_QUEUE_STATE_MACHINE.md,53,SUPERSEDED,Documentation,Mechanical Verification Agent,0.85,Static analysis,2026-08-01,Code pattern from review not found in current W2C_QUEUE_STATE_MACHINE.md. Code rewritten by subsequent PRs.,**<sub><sub>![P2 Badge](https://img.shields.io/badge/P2-yellow?style=flat)</sub>
2897260025,62,2026-03-06,P2,frontend/src/components/ui/macos/MacOSInput.jsx,24,OBSOLETE,Frontend,Mechanical Verification Agent,1.00,Static analysis,2026-08-01,File deleted: frontend/src/components/ui/macos/MacOSInput.jsx,**<sub><sub>![P2 Badge](https://img.shields.io/badge/P2-yellow?style=flat)</sub>
2896850147,61,2026-03-06,P2,docs/architecture/W2C_QUEUE_STATE_MACHINE.md,55,OUT_OF_SCOPE,Documentation,N/A — pending domain expert assignment,0.50,Manual,,Historical/ops documentation — requires domain expert. Out of frontend audit scope.,**<sub><sub>![P2 Badge](https://img.shields.io/badge/P2-yellow?style=flat)</sub>
2898662662,64,2026-03-07,P1,backend/app/api/v1/endpoints/queue_cabinet_management.py,85,SUPERSEDED,Backend,Mechanical Verification Agent,0.85,Static analysis,2026-08-01,Identifiers ['day'] not found in current queue_cabinet_management.py. Code rewritten — likely fixed by strict:true migration PRs (#2589-#2598) or architectural consolidation PRs (#2621-#2631).,**<sub><sub>![P1 Badge](https://img.shields.io/badge/P1-orange?style=flat)</sub>
2898662665,64,2026-03-07,P2,backend/app/api/v1/endpoints/queue_cabinet_management.py,27,SUPERSEDED,Backend,Mechanical Verification Agent,0.85,Static analysis,2026-08-01,Identifiers ['day'] not found in current queue_cabinet_management.py. Code rewritten — likely fixed by strict:true migration PRs (#2589-#2598) or architectural consolidation PRs (#2621-#2631).,**<sub><sub>![P2 Badge](https://img.shields.io/badge/P2-yellow?style=flat)</sub>
2903345496,93,2026-03-09,P1,backend/app/services/batch_patient_service.py,453,SUPERSEDED,Backend,Mechanical Verification Agent,0.85,Static analysis,2026-08-01,Identifiers ['doctor_id'] not found in current batch_patient_service.py. Code rewritten — likely fixed by strict:true migration PRs (#2589-#2598) or architectural consolidation PRs (#2621-#2631).,**<sub><sub>![P1 Badge](https://img.shields.io/badge/P1-orange?style=flat)</sub>
2920206110,96,2026-03-11,P1,frontend/src/components/ui/macos/MacOSInput.jsx,169,OBSOLETE,Frontend,Mechanical Verification Agent,1.00,Static analysis,2026-08-01,File deleted: frontend/src/components/ui/macos/MacOSInput.jsx,**<sub><sub>![P1 Badge](https://img.shields.io/badge/P1-orange?style=flat)</sub>
2920206115,96,2026-03-11,P2,frontend/src/components/ui/macos/MacOSInput.jsx,73,OBSOLETE,Frontend,Mechanical Verification Agent,1.00,Static analysis,2026-08-01,File deleted: frontend/src/components/ui/macos/MacOSInput.jsx,**<sub><sub>![P2 Badge](https://img.shields.io/badge/P2-yellow?style=flat)</sub>
2926561248,97,2026-03-12,P1,frontend/package.json,37,SUPERSEDED,Frontend,Mechanical Verification Agent,0.85,Static analysis,2026-08-01,Code pattern from review not found in current package.json. Code rewritten by subsequent PRs.,**<sub><sub>![P1 Badge](https://img.shields.io/badge/P1-orange?style=flat)</sub>
2926561253,97,2026-03-12,P2,frontend/src/components/layout/test-render.jsx,6,OBSOLETE,Frontend,Mechanical Verification Agent,1.00,Static analysis,2026-08-01,File deleted: frontend/src/components/layout/test-render.jsx,**<sub><sub>![P2 Badge](https://img.shields.io/badge/P2-yellow?style=flat)</sub>
2935650993,98,2026-03-14,P2,frontend/src/components/ui/macos/MacOSInput.jsx,60,OBSOLETE,Frontend,Mechanical Verification Agent,1.00,Static analysis,2026-08-01,File deleted: frontend/src/components/ui/macos/MacOSInput.jsx,**<sub><sub>![P2 Badge](https://img.shields.io/badge/P2-yellow?style=flat)</sub>
2971907811,120,2026-03-22,P2,frontend/src/components/layout/Header.jsx,285,OBSOLETE,Frontend,Mechanical Verification Agent,1.00,Static analysis,2026-08-01,File deleted: frontend/src/components/layout/Header.jsx,**<sub><sub>![P2 Badge](https://img.shields.io/badge/P2-yellow?style=flat)</sub>
2985095555,123,2026-03-25,P1,frontend/src/services/notifications/uiNotifications.js,72,OBSOLETE,Frontend,Mechanical Verification Agent,1.00,Static analysis,2026-08-01,File deleted: frontend/src/services/notifications/uiNotifications.js,**<sub><sub>![P1 Badge](https://img.shields.io/badge/P1-orange?style=flat)</sub>
2985096994,124,2026-03-25,P1,frontend/src/pages/RegistrarPanel.jsx,3,OBSOLETE,Frontend,Mechanical Verification Agent,1.00,Static analysis,2026-08-01,Cannot read file (Pass 2),**<sub><sub>![P1 Badge](https://img.shields.io/badge/P1-orange?style=flat)</sub>
2985137522,126,2026-03-25,P2,frontend/src/pages/RegistrarPanel.jsx,2736,OBSOLETE,Frontend,Mechanical Verification Agent,1.00,Static analysis,2026-08-01,Cannot read file (Pass 2),**<sub><sub>![P2 Badge](https://img.shields.io/badge/P2-yellow?style=flat)</sub>
2985137524,126,2026-03-25,P2,frontend/src/contexts/NotificationWebSocketContext.jsx,51,OBSOLETE,Frontend,Mechanical Verification Agent,1.00,Static analysis,2026-08-01,Cannot read file (Pass 2),**<sub><sub>![P2 Badge](https://img.shields.io/badge/P2-yellow?style=flat)</sub>
2985137526,126,2026-03-25,P2,frontend/src/components/notifications/NotificationInbox.jsx,21,OBSOLETE,Frontend,Mechanical Verification Agent,1.00,Static analysis,2026-08-01,Cannot read file (Pass 2),**<sub><sub>![P2 Badge](https://img.shields.io/badge/P2-yellow?style=flat)</sub>
2985142329,125,2026-03-25,P1,frontend/src/providers/AppProviders.jsx,24,OBSOLETE,Frontend,Mechanical Verification Agent,1.00,Static analysis,2026-08-01,Cannot read file (Pass 2),**<sub><sub>![P1 Badge](https://img.shields.io/badge/P1-orange?style=flat)</sub>
2985142331,125,2026-03-25,P2,frontend/src/contexts/NotificationWebSocketContext.jsx,28,OBSOLETE,Frontend,Mechanical Verification Agent,1.00,Static analysis,2026-08-01,Cannot read file (Pass 2),**<sub><sub>![P2 Badge](https://img.shields.io/badge/P2-yellow?style=flat)</sub>
3005164573,136,2026-03-28,P2,frontend/src/components/ui/macos/MacOSBreadcrumb.jsx,129,OBSOLETE,Frontend,Mechanical Verification Agent,1.00,Static analysis,2026-08-01,Cannot read file (Pass 2),**<sub><sub>![P2 Badge](https://img.shields.io/badge/P2-yellow?style=flat)</sub>
3007214396,138,2026-03-30,P2,backend/app/api/v1/endpoints/messages.py,766,SUPERSEDED,Backend,Mechanical Verification Agent,0.85,Static analysis,2026-08-01,Code pattern from review not found in current messages.py. Code rewritten by subsequent PRs.,**<sub><sub>![P2 Badge](https://img.shields.io/badge/P2-yellow?style=flat)</sub>
3007292017,139,2026-03-30,P1,backend/alembic/versions/0012_lab_bind_real_codes.py,52,SUPERSEDED,Backend,Mechanical Verification Agent,0.85,Static analysis,2026-08-01,Code pattern from review not found in current 0012_lab_bind_real_codes.py. Code rewritten by subsequent PRs.,**<sub><sub>![P1 Badge](https://img.shields.io/badge/P1-orange?style=flat)</sub>
3007650944,140,2026-03-30,P1,frontend/src/contexts/ThemeContext.jsx,269,OBSOLETE,Frontend,Mechanical Verification Agent,1.00,Static analysis,2026-08-01,Cannot read file (Pass 2),**<sub><sub>![P1 Badge](https://img.shields.io/badge/P1-orange?style=flat)</sub>
3008331521,141,2026-03-30,P1,frontend/src/components/notifications/RoleNotificationCenter.jsx,13,OBSOLETE,Frontend,Mechanical Verification Agent,1.00,Static analysis,2026-08-01,Cannot read file (Pass 2),**<sub><sub>![P1 Badge](https://img.shields.io/badge/P1-orange?style=flat)</sub>
3008331527,141,2026-03-30,P2,frontend/src/pages/LabPanel.jsx,469,OBSOLETE,Frontend,Mechanical Verification Agent,1.00,Static analysis,2026-08-01,Cannot read file (Pass 2),**<sub><sub>![P2 Badge](https://img.shields.io/badge/P2-yellow?style=flat)</sub>
3023306791,144,2026-04-01,P2,frontend/src/components/emr-v2/EMRContainerV2.jsx,405,OBSOLETE,Frontend,Mechanical Verification Agent,1.00,Static analysis,2026-08-01,Cannot read file (Pass 2),**<sub><sub>![P2 Badge](https://img.shields.io/badge/P2-yellow?style=flat)</sub>
3023306799,144,2026-04-01,P2,frontend/src/pages/PatientPanel.jsx,5,OBSOLETE,Frontend,Mechanical Verification Agent,1.00,Static analysis,2026-08-01,Cannot read file (Pass 2),**<sub><sub>![P2 Badge](https://img.shields.io/badge/P2-yellow?style=flat)</sub>
3023462624,145,2026-04-01,P1,frontend/src/pages/PatientPanel.jsx,5,OBSOLETE,Frontend,Mechanical Verification Agent,1.00,Static analysis,2026-08-01,Cannot read file (Pass 2),**<sub><sub>![P1 Badge](https://img.shields.io/badge/P1-orange?style=flat)</sub>
3027837457,148,2026-04-02,P1,backend/app/services/print_service.py,183,SUPERSEDED,Backend,Mechanical Verification Agent,0.85,Static analysis,2026-08-01,Code pattern from review not found in current print_service.py. Code rewritten by subsequent PRs.,**<sub><sub>![P1 Badge](https://img.shields.io/badge/P1-orange?style=flat)</sub>
3027837450,148,2026-04-02,P1,frontend/src/pages/DermatologistPanelUnified.jsx,647,OBSOLETE,Frontend,Mechanical Verification Agent,1.00,Static analysis,2026-08-01,Cannot read file (Pass 2),**<sub><sub>![P1 Badge](https://img.shields.io/badge/P1-orange?style=flat)</sub>
3027837452,148,2026-04-02,P2,frontend/src/pages/CashierPanel.jsx,129,OBSOLETE,Frontend,Mechanical Verification Agent,1.00,Static analysis,2026-08-01,Cannot read file (Pass 2),**<sub><sub>![P2 Badge](https://img.shields.io/badge/P2-yellow?style=flat)</sub>
3035903603,152,2026-04-04,P2,frontend/src/components/ui/macos/MacOSTable.jsx,286,OBSOLETE,Frontend,Mechanical Verification Agent,1.00,Static analysis,2026-08-01,File deleted: frontend/src/components/ui/macos/MacOSTable.jsx,**<sub><sub>![P2 Badge](https://img.shields.io/badge/P2-yellow?style=flat)</sub>
3037230784,154,2026-04-05,P1,ops/windows/clinic_host.ps1,441,SUPERSEDED,DevOps,Mechanical Verification Agent,0.85,Static analysis,2026-08-01,Code pattern from review not found in current clinic_host.ps1. Code rewritten by subsequent PRs.,**<sub><sub>![P1 Badge](https://img.shields.io/badge/P1-orange?style=flat)</sub>
3037230785,154,2026-04-05,P2,ops/windows/clinic_host.ps1,548,OUT_OF_SCOPE,DevOps,N/A — pending domain expert assignment,0.50,N/A,,Ops/infrastructure script — requires DevOps. Out of frontend audit scope.,**<sub><sub>![P2 Badge](https://img.shields.io/badge/P2-yellow?style=flat)</sub>
3043229967,160,2026-04-07,P1,frontend/src/api/client.js,240,OBSOLETE,Frontend,Mechanical Verification Agent,1.00,Static analysis,2026-08-01,File deleted: frontend/src/api/client.js,**<sub><sub>![P1 Badge](https://img.shields.io/badge/P1-orange?style=flat)</sub>
3043229962,160,2026-04-07,P1,frontend/src/routing/routeGuards.jsx,27,OBSOLETE,Frontend,Mechanical Verification Agent,1.00,Static analysis,2026-08-01,Cannot read file (Pass 2),**<sub><sub>![P1 Badge](https://img.shields.io/badge/P1-orange?style=flat)</sub>
3053647383,163,2026-04-08,P2,backend/app/api/v1/endpoints/analytics_kpi.py,180,SUPERSEDED,Backend,Mechanical Verification Agent,0.85,Static analysis,2026-08-01,Identifiers ['start'] not found in current analytics_kpi.py. Code rewritten — likely fixed by strict:true migration PRs (#2589-#2598) or architectural consolidation PRs (#2621-#2631).,**<sub><sub>![P2 Badge](https://img.shields.io/badge/P2-yellow?style=flat)</sub>
3053647372,163,2026-04-08,P1,backend/app/services/print_service.py,245,SUPERSEDED,Backend,Mechanical Verification Agent,0.85,Static analysis,2026-08-01,Code pattern from review not found in current print_service.py. Code rewritten by subsequent PRs.,**<sub><sub>![P1 Badge](https://img.shields.io/badge/P1-orange?style=flat)</sub>
3091201926,172,2026-04-16,P1,backend/app/api/v1/endpoints/services.py,1224,SUPERSEDED,Backend,Mechanical Verification Agent,0.85,Static analysis,2026-08-01,Code pattern from review not found in current services.py. Code rewritten by subsequent PRs.,**<sub><sub>![P1 Badge](https://img.shields.io/badge/P1-orange?style=flat)</sub>
3094789317,175,2026-04-16,P1,backend/app/services/notifications.py,1213,SUPERSEDED,Backend,Mechanical Verification Agent,0.85,Static analysis,2026-08-01,Code pattern from review not found in current notifications.py. Code rewritten by subsequent PRs.,**<sub><sub>![P1 Badge](https://img.shields.io/badge/P1-orange?style=flat)</sub>
3091201921,172,2026-04-16,P1,backend/app/api/v1/endpoints/registrar_integration.py,111,OBSOLETE,Backend,Mechanical Verification Agent,1.00,Static analysis,2026-08-01,File deleted: backend/app/api/v1/endpoints/registrar_integration.py,**<sub><sub>![P1 Badge](https://img.shields.io/badge/P1-orange?style=flat)</sub>
3091443816,174,2026-04-16,P2,backend/start_server.py,118,OBSOLETE,Backend,Mechanical Verification Agent,1.00,Static analysis,2026-08-01,File deleted: backend/start_server.py,**<sub><sub>![P2 Badge](https://img.shields.io/badge/P2-yellow?style=flat)</sub>
3094789314,175,2026-04-16,P1,backend/app/services/notifications.py,1110,OUT_OF_SCOPE,Backend,N/A — pending domain expert assignment,0.50,N/A,,Backend Python — requires Python maintainer. Out of frontend audit scope.,**<sub><sub>![P1 Badge](https://img.shields.io/badge/P1-orange?style=flat)</sub>
3100395412,177,2026-04-17,P1,backend/app/services/payment_webhook_api_service.py,255,OBSOLETE,Backend,Mechanical Verification Agent,1.00,Static analysis,2026-08-01,File deleted: backend/app/services/payment_webhook_api_service.py,**<sub><sub>![P1 Badge](https://img.shields.io/badge/P1-orange?style=flat)</sub>
3100426233,178,2026-04-17,P1,frontend/src/contexts/NotificationWebSocketContext.jsx,156,OBSOLETE,Frontend,Mechanical Verification Agent,1.00,Static analysis,2026-08-01,Cannot read file (Pass 2),**<sub><sub>![P1 Badge](https://img.shields.io/badge/P1-orange?style=flat)</sub>
3100464384,180,2026-04-17,P2,backend/app/services/notification_platform_service.py,321,OUT_OF_SCOPE,Backend,N/A — pending domain expert assignment,0.50,N/A,,Backend Python — requires Python maintainer. Out of frontend audit scope.,**<sub><sub>![P2 Badge](https://img.shields.io/badge/P2-yellow?style=flat)</sub>
3102275609,183,2026-04-17,P1,backend/app/services/lab_notification_service.py,58,OUT_OF_SCOPE,Backend,N/A — pending domain expert assignment,0.50,N/A,,Backend Python — requires Python maintainer. Out of frontend audit scope.,**<sub><sub>![P1 Badge](https://img.shields.io/badge/P1-orange?style=flat)</sub>
3102275623,183,2026-04-17,P1,backend/app/services/lab_notification_service.py,171,OUT_OF_SCOPE,Backend,N/A — pending domain expert assignment,0.50,N/A,,Backend Python — requires Python maintainer. Out of frontend audit scope.,**<sub><sub>![P1 Badge](https://img.shields.io/badge/P1-orange?style=flat)</sub>
3105704626,185,2026-04-18,P1,backend/app/services/dental_api_service.py,109,SUPERSEDED,Backend,Mechanical Verification Agent,0.85,Static analysis,2026-08-01,"Identifiers ['db', 'DentalApiRepository', 'db'] not found in current dental_api_service.py. Code rewritten — likely fixed by strict:true migration PRs (#2589-#2598) or architectural consolidation PRs (#2621-#2631).",**<sub><sub>![P1 Badge](https://img.shields.io/badge/P1-orange?style=flat)</sub>
3105661759,185,2026-04-18,P2,frontend/src/components/ui/macos/MacOSButton.jsx,213,OBSOLETE,Frontend,Mechanical Verification Agent,1.00,Static analysis,2026-08-01,File deleted: frontend/src/components/ui/macos/MacOSButton.jsx,**<sub><sub>![P2 Badge](https://img.shields.io/badge/P2-yellow?style=flat)</sub>
3105661760,185,2026-04-18,P2,frontend/src/components/ui/macos/MacOSButton.jsx,181,OBSOLETE,Frontend,Mechanical Verification Agent,1.00,Static analysis,2026-08-01,File deleted: frontend/src/components/ui/macos/MacOSButton.jsx,**<sub><sub>![P2 Badge](https://img.shields.io/badge/P2-yellow?style=flat)</sub>
3105673409,185,2026-04-18,P2,frontend/src/components/ui/macos/MacOSButton.jsx,205,OBSOLETE,Frontend,Mechanical Verification Agent,1.00,Static analysis,2026-08-01,File deleted: frontend/src/components/ui/macos/MacOSButton.jsx,**<sub><sub>![P2 Badge](https://img.shields.io/badge/P2-yellow?style=flat)</sub>
3105704624,185,2026-04-18,P0,backend/app/services/registrar_wizard_api_service.py,101,OBSOLETE,Backend,Mechanical Verification Agent,1.00,Static analysis,2026-08-01,File deleted: backend/app/services/registrar_wizard_api_service.py,**<sub><sub>![P0 Badge](https://img.shields.io/badge/P0-red?style=flat)</sub></s
3105716950,185,2026-04-18,P0,backend/app/services/registrar_wizard_api_service.py,101,OBSOLETE,Backend,Mechanical Verification Agent,1.00,Static analysis,2026-08-01,File deleted: backend/app/services/registrar_wizard_api_service.py,**<sub><sub>![P0 Badge](https://img.shields.io/badge/P0-red?style=flat)</sub></s
3119561887,187,2026-04-21,P2,frontend/src/components/ui/macos/MacOSAlert.jsx,197,OBSOLETE,Frontend,Mechanical Verification Agent,1.00,Static analysis,2026-08-01,File deleted: frontend/src/components/ui/macos/MacOSAlert.jsx,**<sub><sub>![P2 Badge](https://img.shields.io/badge/P2-yellow?style=flat)</sub>
3119700412,187,2026-04-21,P2,frontend/src/components/ui/macos/MacOSModal.jsx,213,OBSOLETE,Frontend,Mechanical Verification Agent,1.00,Static analysis,2026-08-01,File deleted: frontend/src/components/ui/macos/MacOSModal.jsx,**<sub><sub>![P2 Badge](https://img.shields.io/badge/P2-yellow?style=flat)</sub>
3126764429,188,2026-04-22,P2,backend/app/services/dental_api_service.py,105,SUPERSEDED,Backend,Mechanical Verification Agent,0.85,Static analysis,2026-08-01,"Identifiers ['None', 'Service.code'] not found in current dental_api_service.py. Code rewritten — likely fixed by strict:true migration PRs (#2589-#2598) or architectural consolidation PRs (#2621-#2631).",**<sub><sub>![P2 Badge](https://img.shields.io/badge/P2-yellow?style=flat)</sub>
3133779714,189,2026-04-23,P1,backend/app/services/dental_api_service.py,109,SUPERSEDED,Backend,Mechanical Verification Agent,0.85,Static analysis,2026-08-01,Identifiers ['DentalApiRepository'] not found in current dental_api_service.py. Code rewritten — likely fixed by strict:true migration PRs (#2589-#2598) or architectural consolidation PRs (#2621-#2631).,**<sub><sub>![P1 Badge](https://img.shields.io/badge/P1-orange?style=flat)</sub>
3144018194,191,2026-04-26,P1,backend/app/services/dental_api_service.py,109,SUPERSEDED,Backend,Mechanical Verification Agent,0.85,Static analysis,2026-08-01,"Identifiers ['DentalApiRepository', 'self.db'] not found in current dental_api_service.py. Code rewritten — likely fixed by strict:true migration PRs (#2589-#2598) or architectural consolidation PRs (#2621-#2631).",**<sub><sub>![P1 Badge](https://img.shields.io/badge/P1-orange?style=flat)</sub>
3176816905,214,2026-05-02,P1,ai/langgraph/scripts/agent_gate.py,32,SUPERSEDED,AI Tooling,Mechanical Verification Agent,0.85,Static analysis,2026-08-01,"Identifiers ['js', 'jsx'] not found in current agent_gate.py. Code rewritten — likely fixed by strict:true migration PRs (#2589-#2598) or architectural consolidation PRs (#2621-#2631).",**<sub><sub>![P1 Badge](https://img.shields.io/badge/P1-orange?style=flat)</sub>
3177076109,217,2026-05-02,P2,scripts/check_pr_review_template.py,131,UNVERIFIED,DevOps,N/A — pending verification,0.00,Manual,,Default — needs manual verification,**<sub><sub>![P2 Badge](https://img.shields.io/badge/P2-yellow?style=flat)</sub>
3177076111,217,2026-05-02,P2,.github/workflows/pr-review-quality-gate.yml,18,UNVERIFIED,DevOps,N/A — pending verification,0.00,N/A,,CI config — requires manual check,**<sub><sub>![P2 Badge](https://img.shields.io/badge/P2-yellow?style=flat)</sub>
3177078822,219,2026-05-02,P1,.codex/skills/aif-skill-generator/SKILL.md,114,UNVERIFIED,AI Tooling,N/A — pending verification,0.00,Manual,,Default — needs manual verification,**<sub><sub>![P1 Badge](https://img.shields.io/badge/P1-orange?style=flat)</sub>
3177078823,219,2026-05-02,P1,.codex/skills/aif/SKILL.md,202,UNVERIFIED,AI Tooling,N/A — pending verification,0.00,Manual,,Default — needs manual verification,**<sub><sub>![P1 Badge](https://img.shields.io/badge/P1-orange?style=flat)</sub>
3177078825,219,2026-05-02,P2,.codex/skills/aif-evolve/SKILL.md,222,UNVERIFIED,AI Tooling,N/A — pending verification,0.00,Manual,,Default — needs manual verification,**<sub><sub>![P2 Badge](https://img.shields.io/badge/P2-yellow?style=flat)</sub>
3177550188,228,2026-05-03,P2,backend/app/services/dental_api_service.py,45,SUPERSEDED,Backend,Mechanical Verification Agent,0.85,Static analysis,2026-08-01,Identifiers ['service.service_code'] not found in current dental_api_service.py. Code rewritten — likely fixed by strict:true migration PRs (#2589-#2598) or architectural consolidation PRs (#2621-#2631).,**<sub><sub>![P2 Badge](https://img.shields.io/badge/P2-yellow?style=flat)</sub>
3178692351,215,2026-05-03,P1,backend/app/api/v1/endpoints/services.py,677,SUPERSEDED,Backend,Mechanical Verification Agent,0.85,Static analysis,2026-08-01,Code pattern from review not found in current services.py. Code rewritten by subsequent PRs.,**<sub><sub>![P1 Badge](https://img.shields.io/badge/P1-orange?style=flat)</sub>
3178692353,215,2026-05-03,P1,backend/app/api/v1/endpoints/services.py,661,SUPERSEDED,Backend,Mechanical Verification Agent,0.85,Static analysis,2026-08-01,Code pattern from review not found in current services.py. Code rewritten by subsequent PRs.,**<sub><sub>![P1 Badge](https://img.shields.io/badge/P1-orange?style=flat)</sub>
3178692354,215,2026-05-03,P2,backend/app/api/v1/endpoints/messages.py,3,SUPERSEDED,Backend,Mechanical Verification Agent,0.85,Static analysis,2026-08-01,Code pattern from review not found in current messages.py. Code rewritten by subsequent PRs.,**<sub><sub>![P2 Badge](https://img.shields.io/badge/P2-yellow?style=flat)</sub>
3178625352,215,2026-05-03,P1,backend/app/services/services_api_service.py,224,OUT_OF_SCOPE,Backend,N/A — pending domain expert assignment,0.50,N/A,,Backend Python — requires Python maintainer. Out of frontend audit scope.,**<sub><sub>![P1 Badge](https://img.shields.io/badge/P1-orange?style=flat)</sub>
3178625355,215,2026-05-03,P1,backend/app/api/v1/endpoints/services.py,661,OUT_OF_SCOPE,Backend,N/A — pending domain expert assignment,0.50,N/A,,Backend Python — requires Python maintainer. Out of frontend audit scope.,**<sub><sub>![P1 Badge](https://img.shields.io/badge/P1-orange?style=flat)</sub>
3178625360,215,2026-05-03,P2,backend/app/api/v1/endpoints/services.py,644,OUT_OF_SCOPE,Backend,N/A — pending domain expert assignment,0.50,N/A,,Backend Python — requires Python maintainer. Out of frontend audit scope.,**<sub><sub>![P2 Badge](https://img.shields.io/badge/P2-yellow?style=flat)</sub>
3179050331,215,2026-05-04,P1,backend/app/services/services_api_service.py,318,SUPERSEDED,Backend,Mechanical Verification Agent,0.85,Static analysis,2026-08-01,Identifiers ['create_service'] not found in current services_api_service.py. Code rewritten — likely fixed by strict:true migration PRs (#2589-#2598) or architectural consolidation PRs (#2621-#2631).,**<sub><sub>![P1 Badge](https://img.shields.io/badge/P1-orange?style=flat)</sub>
3179076691,215,2026-05-04,P1,backend/app/services/services_api_service.py,423,SUPERSEDED,Backend,Mechanical Verification Agent,0.85,Static analysis,2026-08-01,"Identifiers ['delete_service', 'visit_service_links'] not found in current services_api_service.py. Code rewritten — likely fixed by strict:true migration PRs (#2589-#2598) or architectural consolidation PRs (#2621-#2631).",**<sub><sub>![P1 Badge](https://img.shields.io/badge/P1-orange?style=flat)</sub>
3179076693,215,2026-05-04,P2,backend/app/services/services_api_service.py,52,SUPERSEDED,Backend,Mechanical Verification Agent,0.85,Static analysis,2026-08-01,"Identifiers ['code', 'service_code'] not found in current services_api_service.py. Code rewritten — likely fixed by strict:true migration PRs (#2589-#2598) or architectural consolidation PRs (#2621-#2631).",**<sub><sub>![P2 Badge](https://img.shields.io/badge/P2-yellow?style=flat)</sub>
3179397638,215,2026-05-04,P2,backend/app/services/services_api_service.py,174,SUPERSEDED,Backend,Mechanical Verification Agent,0.85,Static analysis,2026-08-01,"Identifiers ['ValueError', 'LookupError'] not found in current services_api_service.py. Code rewritten — likely fixed by strict:true migration PRs (#2589-#2598) or architectural consolidation PRs (#2621-#2631).",**<sub><sub>![P2 Badge](https://img.shields.io/badge/P2-yellow?style=flat)</sub>
3179471826,215,2026-05-04,P1,backend/app/services/services_api_service.py,456,SUPERSEDED,Backend,Mechanical Verification Agent,0.85,Static analysis,2026-08-01,Identifiers ['code_to_name'] not found in current services_api_service.py. Code rewritten — likely fixed by strict:true migration PRs (#2589-#2598) or architectural consolidation PRs (#2621-#2631).,**<sub><sub>![P1 Badge](https://img.shields.io/badge/P1-orange?style=flat)</sub>
3179863462,233,2026-05-04,P1,backend/app/api/v1/endpoints/visits.py,106,SUPERSEDED,Backend,Mechanical Verification Agent,0.85,Static analysis,2026-08-01,Identifiers ['create_visit'] not found in current visits.py. Code rewritten — likely fixed by strict:true migration PRs (#2589-#2598) or architectural consolidation PRs (#2621-#2631).,**<sub><sub>![P1 Badge](https://img.shields.io/badge/P1-orange?style=flat)</sub>
3181515149,244,2026-05-04,P1,backend/app/services/queue_domain_service.py,102,SUPERSEDED,Backend,Mechanical Verification Agent,0.85,Static analysis,2026-08-01,Identifiers ['_build_cabinet_payload'] not found in current queue_domain_service.py. Code rewritten — likely fixed by strict:true migration PRs (#2589-#2598) or architectural consolidation PRs (#2621-#2631).,**<sub><sub>![P1 Badge](https://img.shields.io/badge/P1-orange?style=flat)</sub>
3181515155,244,2026-05-04,P2,backend/app/services/queue_domain_service.py,72,SUPERSEDED,Backend,Mechanical Verification Agent,0.85,Static analysis,2026-08-01,Identifiers ['_resolve_specialist_name'] not found in current queue_domain_service.py. Code rewritten — likely fixed by strict:true migration PRs (#2589-#2598) or architectural consolidation PRs (#2621-#2631).,**<sub><sub>![P2 Badge](https://img.shields.io/badge/P2-yellow?style=flat)</sub>
3183553499,249,2026-05-04,P1,backend/app/services/morning_assignment.py,44,SUPERSEDED,Backend,Mechanical Verification Agent,0.85,Static analysis,2026-08-01,Identifiers ['MorningAssignmentClaimError'] not found in current morning_assignment.py. Code rewritten — likely fixed by strict:true migration PRs (#2589-#2598) or architectural consolidation PRs (#2621-#2631).,**<sub><sub>![P1 Badge](https://img.shields.io/badge/P1-orange?style=flat)</sub>
3179863464,233,2026-05-04,P2,backend/tests/architecture/test_w2a_router_boundaries.py,120,SUPERSEDED,Backend,Mechanical Verification Agent,0.85,Static analysis,2026-08-01,Code pattern from review not found in current test_w2a_router_boundaries.py. Code rewritten by subsequent PRs.,**<sub><sub>![P2 Badge](https://img.shields.io/badge/P2-yellow?style=flat)</sub>
3184013981,251,2026-05-04,P0,backend/app/api/v1/endpoints/registrar_wizard.py,950,OBSOLETE,Backend,Mechanical Verification Agent,1.00,Static analysis,2026-08-01,File deleted: backend/app/api/v1/endpoints/registrar_wizard.py,**<sub><sub>![P0 Badge](https://img.shields.io/badge/P0-red?style=flat)</sub></s
3184013985,251,2026-05-04,P1,backend/app/api/v1/endpoints/registrar_wizard.py,948,OBSOLETE,Backend,Mechanical Verification Agent,1.00,Static analysis,2026-08-01,File deleted: backend/app/api/v1/endpoints/registrar_wizard.py,**<sub><sub>![P1 Badge](https://img.shields.io/badge/P1-orange?style=flat)</sub>
3179471829,215,2026-05-04,P2,backend/app/services/services_api_service.py,97,OUT_OF_SCOPE,Backend,N/A — pending domain expert assignment,0.50,N/A,,Backend Python — requires Python maintainer. Out of frontend audit scope.,**<sub><sub>![P2 Badge](https://img.shields.io/badge/P2-yellow?style=flat)</sub>
3179678356,232,2026-05-04,P2,backend/tests/architecture/test_w2a_router_boundaries.py,97,OUT_OF_SCOPE,Backend,N/A — pending domain expert assignment,0.50,N/A,,Backend Python — requires Python maintainer. Out of frontend audit scope.,**<sub><sub>![P2 Badge](https://img.shields.io/badge/P2-yellow?style=flat)</sub>
3183243648,248,2026-05-04,P2,docs/architecture/W2C_REGISTRAR_WIZARD_DESIGN_INTENT.md,14,OUT_OF_SCOPE,Documentation,N/A — pending domain expert assignment,0.50,Manual,,Historical/ops documentation — requires domain expert. Out of frontend audit scope.,**<sub><sub>![P2 Badge](https://img.shields.io/badge/P2-yellow?style=flat)</sub>
3183763031,250,2026-05-04,P2,docs/status/W2C_REGISTRAR_WIZARD_DUPLICATE_POLICY_CHECK.md,10,OUT_OF_SCOPE,Documentation,N/A — pending domain expert assignment,0.50,Manual,,Historical/ops documentation — requires domain expert. Out of frontend audit scope.,**<sub><sub>![P2 Badge](https://img.shields.io/badge/P2-yellow?style=flat)</sub>
3183763035,250,2026-05-04,P2,docs/status/W2C_REGISTRAR_WIZARD_BOUNDARY_READINESS_V2.md,14,OUT_OF_SCOPE,Documentation,N/A — pending domain expert assignment,0.50,Manual,,Historical/ops documentation — requires domain expert. Out of frontend audit scope.,**<sub><sub>![P2 Badge](https://img.shields.io/badge/P2-yellow?style=flat)</sub>
3184239710,252,2026-05-04,P2,docs/status/W2C_WIZARD_CONTRACT_COMPLIANCE_RECHECK.md,13,OUT_OF_SCOPE,Documentation,N/A — pending domain expert assignment,0.50,Manual,,Historical/ops documentation — requires domain expert. Out of frontend audit scope.,**<sub><sub>![P2 Badge](https://img.shields.io/badge/P2-yellow?style=flat)</sub>
3189936519,264,2026-05-05,P1,backend/tests/characterization/test_registrar_batch_allocator_characterization.py,92,SUPERSEDED,Backend,Mechanical Verification Agent,0.85,Static analysis,2026-08-01,Identifiers ['cardio_user.id'] not found in current test_registrar_batch_allocator_characterization.py. Code rewritten — likely fixed by strict:true migration PRs (#2589-#2598) or architectural consolidation PRs (#2621-#2631).,**<sub><sub>![P1 Badge](https://img.shields.io/badge/P1-orange?style=flat)</sub>
3186407268,254,2026-05-05,P0,backend/app/api/v1/endpoints/services.py,961,SUPERSEDED,Backend,Mechanical Verification Agent,0.85,Static analysis,2026-08-01,Code pattern from review not found in current services.py. Code rewritten by subsequent PRs.,**<sub><sub>![P0 Badge](https://img.shields.io/badge/P0-red?style=flat)</sub></s
3187986796,260,2026-05-05,P1,backend/tests/characterization/test_confirmation_split_flow_characterization.py,119,SUPERSEDED,Backend,Mechanical Verification Agent,0.85,Static analysis,2026-08-01,Code pattern from review not found in current test_confirmation_split_flow_characterization.py. Code rewritten by subsequent PRs.,**<sub><sub>![P1 Badge](https://img.shields.io/badge/P1-orange?style=flat)</sub>
3188553059,262,2026-05-05,P2,backend/app/api/v1/endpoints/registrar_wizard.py,2918,OBSOLETE,Backend,Mechanical Verification Agent,1.00,Static analysis,2026-08-01,File deleted: backend/app/api/v1/endpoints/registrar_wizard.py,**<sub><sub>![P2 Badge](https://img.shields.io/badge/P2-yellow?style=flat)</sub>
3185435046,253,2026-05-05,P1,backend/app/api/v1/endpoints/queue_limits.py,143,OUT_OF_SCOPE,Backend,N/A — pending domain expert assignment,0.50,N/A,,Backend Python — requires Python maintainer. Out of frontend audit scope.,**<sub><sub>![P1 Badge](https://img.shields.io/badge/P1-orange?style=flat)</sub>
3186913046,256,2026-05-05,P2,docs/architecture/W2C_DUPLICATE_POLICY_CONTRACT.md,20,OUT_OF_SCOPE,Documentation,N/A — pending domain expert assignment,0.50,Manual,,Historical/ops documentation — requires domain expert. Out of frontend audit scope.,**<sub><sub>![P2 Badge](https://img.shields.io/badge/P2-yellow?style=flat)</sub>
3187201307,257,2026-05-05,P1,backend/app/services/queue_domain_service.py,13,OUT_OF_SCOPE,Backend,N/A — pending domain expert assignment,0.50,N/A,,Backend Python — requires Python maintainer. Out of frontend audit scope.,**<sub><sub>![P1 Badge](https://img.shields.io/badge/P1-orange?style=flat)</sub>
3188258797,261,2026-05-05,P2,docs/architecture/W2C_CONFIRMATION_DESIGN_INTENT.md,8,OUT_OF_SCOPE,Documentation,N/A — pending domain expert assignment,0.50,Manual,,Historical/ops documentation — requires domain expert. Out of frontend audit scope.,**<sub><sub>![P2 Badge](https://img.shields.io/badge/P2-yellow?style=flat)</sub>
3188258803,261,2026-05-05,P2,docs/architecture/W2C_CONFIRMATION_DESIGN_INTENT.md,12,OUT_OF_SCOPE,Documentation,N/A — pending domain expert assignment,0.50,Manual,,Historical/ops documentation — requires domain expert. Out of frontend audit scope.,**<sub><sub>![P2 Badge](https://img.shields.io/badge/P2-yellow?style=flat)</sub>
3193221131,272,2026-05-06,P1,backend/app/services/batch_patient_service.py,457,SUPERSEDED,Backend,Mechanical Verification Agent,0.85,Static analysis,2026-08-01,Identifiers ['doctor_id'] not found in current batch_patient_service.py. Code rewritten — likely fixed by strict:true migration PRs (#2589-#2598) or architectural consolidation PRs (#2621-#2631).,**<sub><sub>![P1 Badge](https://img.shields.io/badge/P1-orange?style=flat)</sub>
3197072285,276,2026-05-06,P2,frontend/src/components/ui/macos/MacOSButton.jsx,200,OBSOLETE,Frontend,Mechanical Verification Agent,1.00,Static analysis,2026-08-01,File deleted: frontend/src/components/ui/macos/MacOSButton.jsx,**<sub><sub>![P2 Badge](https://img.shields.io/badge/P2-yellow?style=flat)</sub>
3192983693,270,2026-05-06,P2,docs/architecture/W2C_REGISTRAR_FOLLOWUP_INVENTORY.md,24,OUT_OF_SCOPE,Documentation,N/A — pending domain expert assignment,0.50,Manual,,Historical/ops documentation — requires domain expert. Out of frontend audit scope.,**<sub><sub>![P2 Badge](https://img.shields.io/badge/P2-yellow?style=flat)</sub>
3195694424,273,2026-05-06,P1,backend/app/scripts/ensure_admin.py,41,OUT_OF_SCOPE,Backend,N/A — pending domain expert assignment,0.50,N/A,,Backend Python — requires Python maintainer. Out of frontend audit scope.,**<sub><sub>![P1 Badge](https://img.shields.io/badge/P1-orange?style=flat)</sub>
3196892641,275,2026-05-06,P2,.github/workflows/pr-review-quality-gate.yml,21,UNVERIFIED,DevOps,N/A — pending verification,0.00,N/A,,CI config — requires manual check,**<sub><sub>![P2 Badge](https://img.shields.io/badge/P2-yellow?style=flat)</sub>
3200054977,281,2026-05-07,P2,backend/app/scripts/audit_foreign_keys.py,31,SUPERSEDED,Backend,Mechanical Verification Agent,0.85,Static analysis,2026-08-01,Identifiers ['DATABASE_URL'] not found in current audit_foreign_keys.py. Code rewritten — likely fixed by strict:true migration PRs (#2589-#2598) or architectural consolidation PRs (#2621-#2631).,**<sub><sub>![P2 Badge](https://img.shields.io/badge/P2-yellow?style=flat)</sub>
3201495102,285,2026-05-07,P2,backend/create_users.py,12,OBSOLETE,Backend,Mechanical Verification Agent,1.00,Static analysis,2026-08-01,File deleted: backend/create_users.py,**<sub><sub>![P2 Badge](https://img.shields.io/badge/P2-yellow?style=flat)</sub>
3201751781,286,2026-05-07,P2,backend/seed_services.py,912,OBSOLETE,Backend,Mechanical Verification Agent,1.00,Static analysis,2026-08-01,File deleted: backend/seed_services.py,**<sub><sub>![P2 Badge](https://img.shields.io/badge/P2-yellow?style=flat)</sub>
3203509317,287,2026-05-07,P2,backend/validate_production_readiness.py,18,OBSOLETE,Backend,Mechanical Verification Agent,1.00,Static analysis,2026-08-01,File deleted: backend/validate_production_readiness.py,**<sub><sub>![P2 Badge](https://img.shields.io/badge/P2-yellow?style=flat)</sub>
3203509325,287,2026-05-07,P2,backend/init_database.py,200,OBSOLETE,Backend,Mechanical Verification Agent,1.00,Static analysis,2026-08-01,File deleted: backend/init_database.py,**<sub><sub>![P2 Badge](https://img.shields.io/badge/P2-yellow?style=flat)</sub>
3204098551,290,2026-05-07,P2,frontend/src/components/ui/macos/MacOSButton.jsx,222,OBSOLETE,Frontend,Mechanical Verification Agent,1.00,Static analysis,2026-08-01,File deleted: frontend/src/components/ui/macos/MacOSButton.jsx,**<sub><sub>![P2 Badge](https://img.shields.io/badge/P2-yellow?style=flat)</sub>
3198910449,277,2026-05-07,P1,ops/vps/scripts/restore_db.py,49,OUT_OF_SCOPE,DevOps,N/A — pending domain expert assignment,0.50,N/A,,Ops/infrastructure script — requires DevOps. Out of frontend audit scope.,**<sub><sub>![P1 Badge](https://img.shields.io/badge/P1-orange?style=flat)</sub>
3199561812,279,2026-05-07,P2,ops/vps/scripts/bootstrap_postgres.sh,49,OUT_OF_SCOPE,DevOps,N/A — pending domain expert assignment,0.50,N/A,,Ops/infrastructure script — requires DevOps. Out of frontend audit scope.,**<sub><sub>![P2 Badge](https://img.shields.io/badge/P2-yellow?style=flat)</sub>
3199769800,280,2026-05-07,P2,backend/app/scripts/create_admin_dev.py,37,OUT_OF_SCOPE,Backend,N/A — pending domain expert assignment,0.50,N/A,,Backend Python — requires Python maintainer. Out of frontend audit scope.,**<sub><sub>![P2 Badge](https://img.shields.io/badge/P2-yellow?style=flat)</sub>
3201156742,284,2026-05-07,P2,ops/docker-compose.yml,33,OUT_OF_SCOPE,DevOps,N/A — pending domain expert assignment,0.50,N/A,,Ops/infrastructure script — requires DevOps. Out of frontend audit scope.,**<sub><sub>![P2 Badge](https://img.shields.io/badge/P2-yellow?style=flat)</sub>
3203845675,289,2026-05-07,P2,backend/scripts/ensure_admin_async.py,14,OUT_OF_SCOPE,Backend,N/A — pending domain expert assignment,0.50,N/A,,Backend Python — requires Python maintainer. Out of frontend audit scope.,**<sub><sub>![P2 Badge](https://img.shields.io/badge/P2-yellow?style=flat)</sub>
3205422474,291,2026-05-08,P2,backend/pytest.ini,15,SUPERSEDED,Backend,Mechanical Verification Agent,0.85,Static analysis,2026-08-01,Identifiers ['pytest'] not found in current pytest.ini. Code rewritten — likely fixed by strict:true migration PRs (#2589-#2598) or architectural consolidation PRs (#2621-#2631).,**<sub><sub>![P2 Badge](https://img.shields.io/badge/P2-yellow?style=flat)</sub>
3208405712,324,2026-05-08,P2,docs/PRODUCTION_SECURITY.md,27,SUPERSEDED,Documentation,Mechanical Verification Agent,0.85,Static analysis,2026-08-01,Identifiers ['bash'] not found in current PRODUCTION_SECURITY.md. Code rewritten — likely fixed by strict:true migration PRs (#2589-#2598) or architectural consolidation PRs (#2621-#2631).,**<sub><sub>![P2 Badge](https://img.shields.io/badge/P2-yellow?style=flat)</sub>
3210924591,369,2026-05-08,P2,scripts/recommend_pr_lifecycle.py,165,SUPERSEDED,DevOps,Mechanical Verification Agent,0.85,Static analysis,2026-08-01,Identifiers ['deduplicate'] not found in current recommend_pr_lifecycle.py. Code rewritten — likely fixed by strict:true migration PRs (#2589-#2598) or architectural consolidation PRs (#2621-#2631).,**<sub><sub>![P2 Badge](https://img.shields.io/badge/P2-yellow?style=flat)</sub>
3211084618,371,2026-05-08,P2,.github/workflows/weekly-maintenance.yml,169,SUPERSEDED,DevOps,Mechanical Verification Agent,0.85,Static analysis,2026-08-01,Identifiers ['DATABASE_URL'] not found in current weekly-maintenance.yml. Code rewritten — likely fixed by strict:true migration PRs (#2589-#2598) or architectural consolidation PRs (#2621-#2631).,**<sub><sub>![P2 Badge](https://img.shields.io/badge/P2-yellow?style=flat)</sub>
3205748511,298,2026-05-08,P1,frontend/package.json,41,SUPERSEDED,Frontend,Mechanical Verification Agent,0.85,Static analysis,2026-08-01,Component <sub> not in current package.json. Component removed or refactored.,**<sub><sub>![P1 Badge](https://img.shields.io/badge/P1-orange?style=flat)</sub>
3206111472,305,2026-05-08,P2,ops/vps/README.md,74,SUPERSEDED,DevOps,Mechanical Verification Agent,0.85,Static analysis,2026-08-01,Code pattern from review not found in current README.md. Code rewritten by subsequent PRs.,**<sub><sub>![P2 Badge](https://img.shields.io/badge/P2-yellow?style=flat)</sub>
3205451102,294,2026-05-08,P2,backend/create_admin.py,9,OBSOLETE,Backend,Mechanical Verification Agent,1.00,Static analysis,2026-08-01,File deleted: backend/create_admin.py,**<sub><sub>![P2 Badge](https://img.shields.io/badge/P2-yellow?style=flat)</sub>
3205451106,294,2026-05-08,P2,backend/create_medical_records_table.py,14,OBSOLETE,Backend,Mechanical Verification Agent,1.00,Static analysis,2026-08-01,File deleted: backend/create_medical_records_table.py,**<sub><sub>![P2 Badge](https://img.shields.io/badge/P2-yellow?style=flat)</sub>
3206246456,307,2026-05-08,P2,backend/reset_all_passwords.py,30,OBSOLETE,Backend,Mechanical Verification Agent,1.00,Static analysis,2026-08-01,File deleted: backend/reset_all_passwords.py,**<sub><sub>![P2 Badge](https://img.shields.io/badge/P2-yellow?style=flat)</sub>
3205426013,292,2026-05-08,P2,.github/pull_request_template.md,23,UNVERIFIED,DevOps,N/A — pending verification,0.00,N/A,,CI config — requires manual check,**<sub><sub>![P2 Badge](https://img.shields.io/badge/P2-yellow?style=flat)</sub>
3205429736,293,2026-05-08,P1,docs/runbooks/CLINIC_HOST_INSTALL_RUNBOOK.md,60,OUT_OF_SCOPE,Documentation,N/A — pending domain expert assignment,0.50,Manual,,Historical/ops documentation — requires domain expert. Out of frontend audit scope.,**<sub><sub>![P1 Badge](https://img.shields.io/badge/P1-orange?style=flat)</sub>
3205994708,301,2026-05-08,P2,ops/backend.entrypoint.sh,20,OUT_OF_SCOPE,DevOps,N/A — pending domain expert assignment,0.50,N/A,,Ops/infrastructure script — requires DevOps. Out of frontend audit scope.,**<sub><sub>![P2 Badge](https://img.shields.io/badge/P2-yellow?style=flat)</sub>
3206021021,302,2026-05-08,P2,backend/staging.env.sample,11,OUT_OF_SCOPE,Backend,N/A — pending domain expert assignment,0.50,N/A,,Backend Python — requires Python maintainer. Out of frontend audit scope.,**<sub><sub>![P2 Badge](https://img.shields.io/badge/P2-yellow?style=flat)</sub>
3206081928,304,2026-05-08,P2,ops/README.md,11,OUT_OF_SCOPE,DevOps,N/A — pending domain expert assignment,0.50,N/A,,Ops/infrastructure script — requires DevOps. Out of frontend audit scope.,**<sub><sub>![P2 Badge](https://img.shields.io/badge/P2-yellow?style=flat)</sub>
3206897385,312,2026-05-08,P2,.gitignore,106,UNVERIFIED,DevOps,N/A — pending verification,0.00,Manual,,Default — needs manual verification,**<sub><sub>![P2 Badge](https://img.shields.io/badge/P2-yellow?style=flat)</sub>
3206963877,313,2026-05-08,P2,CLAUDE.md,71,UNVERIFIED,DevOps,N/A — pending verification,0.00,Manual,,Default — needs manual verification,**<sub><sub>![P2 Badge](https://img.shields.io/badge/P2-yellow?style=flat)</sub>
3207036955,314,2026-05-08,P2,docs/runbooks/VPS_HOST_ROLLOUT_RUNBOOK.md,78,OUT_OF_SCOPE,Documentation,N/A — pending domain expert assignment,0.50,Manual,,Historical/ops documentation — requires domain expert. Out of frontend audit scope.,**<sub><sub>![P2 Badge](https://img.shields.io/badge/P2-yellow?style=flat)</sub>
3207124082,315,2026-05-08,P2,backend/scripts/migrate_sqlite_to_postgres.py,12,OUT_OF_SCOPE,Backend,N/A — pending domain expert assignment,0.50,N/A,,Backend Python — requires Python maintainer. Out of frontend audit scope.,**<sub><sub>![P2 Badge](https://img.shields.io/badge/P2-yellow?style=flat)</sub>
3207193487,316,2026-05-08,P1,backend/scripts/emr_cutover_ops.py,43,OUT_OF_SCOPE,Backend,N/A — pending domain expert assignment,0.50,N/A,,Backend Python — requires Python maintainer. Out of frontend audit scope.,**<sub><sub>![P1 Badge](https://img.shields.io/badge/P1-orange?style=flat)</sub>
3207263251,317,2026-05-08,P2,backend/scripts/run_emr_cutover.py,196,OUT_OF_SCOPE,Backend,N/A — pending domain expert assignment,0.50,N/A,,Backend Python — requires Python maintainer. Out of frontend audit scope.,**<sub><sub>![P2 Badge](https://img.shields.io/badge/P2-yellow?style=flat)</sub>
3208455991,325,2026-05-08,P2,backend/docs/security/confirmation_security.md,341,OUT_OF_SCOPE,Backend,N/A — pending domain expert assignment,0.50,N/A,,Backend Python — requires Python maintainer. Out of frontend audit scope.,**<sub><sub>![P2 Badge](https://img.shields.io/badge/P2-yellow?style=flat)</sub>
3208591911,327,2026-05-08,P2,docs/POSTGRESQL_PRODUCTION_GUIDE.md,34,UNVERIFIED,Documentation,N/A — pending verification,0.00,Manual,,Default — needs manual verification,**<sub><sub>![P2 Badge](https://img.shields.io/badge/P2-yellow?style=flat)</sub>
3210233848,333,2026-05-08,P2,.github/dependabot.yml,51,UNVERIFIED,DevOps,N/A — pending verification,0.00,N/A,,CI config — requires manual check,**<sub><sub>![P2 Badge](https://img.shields.io/badge/P2-yellow?style=flat)</sub>
3210270953,334,2026-05-08,P2,docs/TELEGRAM_PWA_GUIDE.md,22,UNVERIFIED,Documentation,N/A — pending verification,0.00,Manual,,Default — needs manual verification,**<sub><sub>![P2 Badge](https://img.shields.io/badge/P2-yellow?style=flat)</sub>
3210498061,362,2026-05-08,P1,.github/workflows/pr-review-quality-gate.yml,33,UNVERIFIED,DevOps,N/A — pending verification,0.00,N/A,,CI config — requires manual check,**<sub><sub>![P1 Badge](https://img.shields.io/badge/P1-orange?style=flat)</sub>
3213428862,377,2026-05-09,P1,backend/app/api/v1/endpoints/ai.py,26,SUPERSEDED,Backend,Mechanical Verification Agent,0.85,Static analysis,2026-08-01,Identifiers ['Lab'] not found in current ai.py. Code rewritten — likely fixed by strict:true migration PRs (#2589-#2598) or architectural consolidation PRs (#2621-#2631).,**<sub><sub>![P1 Badge](https://img.shields.io/badge/P1-orange?style=flat)</sub>
3212095593,372,2026-05-09,P1,backend/app/api/v1/endpoints/registrar_wizard.py,3074,OBSOLETE,Backend,Mechanical Verification Agent,1.00,Static analysis,2026-08-01,File deleted: backend/app/api/v1/endpoints/registrar_wizard.py,**<sub><sub>![P1 Badge](https://img.shields.io/badge/P1-orange?style=flat)</sub>
3214353987,381,2026-05-10,P2,backend/app/core/security.py,211,SUPERSEDED,Backend,Mechanical Verification Agent,0.85,Static analysis,2026-08-01,Identifiers ['LOG_STRUCTURED'] not found in current security.py. Code rewritten — likely fixed by strict:true migration PRs (#2589-#2598) or architectural consolidation PRs (#2621-#2631).,**<sub><sub>![P2 Badge](https://img.shields.io/badge/P2-yellow?style=flat)</sub>
3214631585,388,2026-05-10,P2,backend/app/api/v1/endpoints/file_upload_json.py,98,SUPERSEDED,Backend,Mechanical Verification Agent,0.85,Static analysis,2026-08-01,Identifiers ['file_path'] not found in current file_upload_json.py. Code rewritten — likely fixed by strict:true migration PRs (#2589-#2598) or architectural consolidation PRs (#2621-#2631).,**<sub><sub>![P2 Badge](https://img.shields.io/badge/P2-yellow?style=flat)</sub>
3214353991,381,2026-05-10,P2,frontend/package.json,49,SUPERSEDED,Frontend,Mechanical Verification Agent,0.85,Static analysis,2026-08-01,Component <sub> not in current package.json. Component removed or refactored.,**<sub><sub>![P2 Badge](https://img.shields.io/badge/P2-yellow?style=flat)</sub>
3214587896,385,2026-05-10,P2,backend/app/services/simple_auth_api_service.py,145,OBSOLETE,Backend,Mechanical Verification Agent,1.00,Static analysis,2026-08-01,File deleted: backend/app/services/simple_auth_api_service.py,**<sub><sub>![P2 Badge](https://img.shields.io/badge/P2-yellow?style=flat)</sub>
3214924408,391,2026-05-10,P2,backend/reset_admin_password.py,13,OBSOLETE,Backend,Mechanical Verification Agent,1.00,Static analysis,2026-08-01,File deleted: backend/reset_admin_password.py,**<sub><sub>![P2 Badge](https://img.shields.io/badge/P2-yellow?style=flat)</sub>
3214986145,397,2026-05-10,P2,backend/test_admin_panel.py,21,OBSOLETE,Backend,Mechanical Verification Agent,1.00,Static analysis,2026-08-01,File deleted: backend/test_admin_panel.py,**<sub><sub>![P2 Badge](https://img.shields.io/badge/P2-yellow?style=flat)</sub>
3215074380,405,2026-05-10,P2,backend/test_cicd_simple.py,17,OBSOLETE,Backend,Mechanical Verification Agent,1.00,Static analysis,2026-08-01,File deleted: backend/test_cicd_simple.py,**<sub><sub>![P2 Badge](https://img.shields.io/badge/P2-yellow?style=flat)</sub>
3215322891,412,2026-05-10,P2,backend/app/services/file_upload_json_api_service.py,43,OBSOLETE,Backend,Mechanical Verification Agent,1.00,Static analysis,2026-08-01,File deleted: backend/app/services/file_upload_json_api_service.py,**<sub><sub>![P2 Badge](https://img.shields.io/badge/P2-yellow?style=flat)</sub>
3215328294,411,2026-05-10,P2,backend/verify_fix.py,15,OBSOLETE,Backend,Mechanical Verification Agent,1.00,Static analysis,2026-08-01,File deleted: backend/verify_fix.py,**<sub><sub>![P2 Badge](https://img.shields.io/badge/P2-yellow?style=flat)</sub>
3215399325,428,2026-05-10,P2,backend/app/api/v1/endpoints/dermatology_photos.py,92,OBSOLETE,Backend,Mechanical Verification Agent,1.00,Static analysis,2026-08-01,File deleted: backend/app/api/v1/endpoints/dermatology_photos.py,"## CodeQL / Clear-text logging of sensitive information

This expression logs [s"
3215459538,433,2026-05-10,P2,output/playwright/reg-07-visit-row.txt,1,OBSOLETE,DevOps,Mechanical Verification Agent,1.00,Static analysis,2026-08-01,File deleted: output/playwright/reg-07-visit-row.txt,**<sub><sub>![P2 Badge](https://img.shields.io/badge/P2-yellow?style=flat)</sub>
3215544434,441,2026-05-10,P2,create_password_hashes.py,30,OBSOLETE,DevOps,Mechanical Verification Agent,1.00,Static analysis,2026-08-01,File deleted: create_password_hashes.py,"## CodeQL / Clear-text logging of sensitive information

This expression logs [s"
3215544435,441,2026-05-10,P2,create_password_hashes.py,39,OBSOLETE,DevOps,Mechanical Verification Agent,1.00,Static analysis,2026-08-01,File deleted: create_password_hashes.py,"## CodeQL / Clear-text logging of sensitive information

This expression logs [s"
3215544438,441,2026-05-10,P2,test_backend.py,37,OBSOLETE,DevOps,Mechanical Verification Agent,1.00,Static analysis,2026-08-01,File deleted: test_backend.py,"## CodeQL / Clear-text logging of sensitive information

This expression logs [s"
3215544439,441,2026-05-10,P2,test_json_auth.py,26,OBSOLETE,DevOps,Mechanical Verification Agent,1.00,Static analysis,2026-08-01,File deleted: test_json_auth.py,"## CodeQL / Clear-text logging of sensitive information

This expression logs [s"
3215544441,441,2026-05-10,P2,test_minimal_auth.py,26,OBSOLETE,DevOps,Mechanical Verification Agent,1.00,Static analysis,2026-08-01,File deleted: test_minimal_auth.py,"## CodeQL / Clear-text logging of sensitive information

This expression logs [s"
3215544442,441,2026-05-10,P2,test_new_auth.py,26,OBSOLETE,DevOps,Mechanical Verification Agent,1.00,Static analysis,2026-08-01,File deleted: test_new_auth.py,"## CodeQL / Clear-text logging of sensitive information

This expression logs [s"
3215544443,441,2026-05-10,P2,test_password_verification.py,43,OBSOLETE,DevOps,Mechanical Verification Agent,1.00,Static analysis,2026-08-01,File deleted: test_password_verification.py,"## CodeQL / Clear-text logging of sensitive information

This expression logs [s"
3215544444,441,2026-05-10,P2,test_password_verification.py,45,OBSOLETE,DevOps,Mechanical Verification Agent,1.00,Static analysis,2026-08-01,File deleted: test_password_verification.py,"## CodeQL / Clear-text logging of sensitive information

This expression logs [s"
3215544446,441,2026-05-10,P2,test_simple_auth.py,26,OBSOLETE,DevOps,Mechanical Verification Agent,1.00,Static analysis,2026-08-01,File deleted: test_simple_auth.py,"## CodeQL / Clear-text logging of sensitive information

This expression logs [s"
3215544449,441,2026-05-10,P2,test_simple_server.py,26,OBSOLETE,DevOps,Mechanical Verification Agent,1.00,Static analysis,2026-08-01,File deleted: test_simple_server.py,"## CodeQL / Clear-text logging of sensitive information

This expression logs [s"
3215545887,441,2026-05-10,P2,check_passwords.py,23,OBSOLETE,DevOps,Mechanical Verification Agent,1.00,Static analysis,2026-08-01,File deleted: check_passwords.py,**<sub><sub>![P2 Badge](https://img.shields.io/badge/P2-yellow?style=flat)</sub>
3215554242,441,2026-05-10,P2,create_password_hashes.py,39,OBSOLETE,DevOps,Mechanical Verification Agent,1.00,Static analysis,2026-08-01,File deleted: create_password_hashes.py,"## CodeQL / Clear-text logging of sensitive information

This expression logs [s"
3215554244,441,2026-05-10,P2,test_backend.py,39,OBSOLETE,DevOps,Mechanical Verification Agent,1.00,Static analysis,2026-08-01,File deleted: test_backend.py,"## CodeQL / Clear-text logging of sensitive information

This expression logs [s"
3215554245,441,2026-05-10,P2,test_json_auth.py,28,OBSOLETE,DevOps,Mechanical Verification Agent,1.00,Static analysis,2026-08-01,File deleted: test_json_auth.py,"## CodeQL / Clear-text logging of sensitive information

This expression logs [s"
3215554247,441,2026-05-10,P2,test_minimal_auth.py,28,OBSOLETE,DevOps,Mechanical Verification Agent,1.00,Static analysis,2026-08-01,File deleted: test_minimal_auth.py,"## CodeQL / Clear-text logging of sensitive information

This expression logs [s"
3215554249,441,2026-05-10,P2,test_new_auth.py,28,OBSOLETE,DevOps,Mechanical Verification Agent,1.00,Static analysis,2026-08-01,File deleted: test_new_auth.py,"## CodeQL / Clear-text logging of sensitive information

This expression logs [s"
3215554250,441,2026-05-10,P2,test_simple_auth.py,28,OBSOLETE,DevOps,Mechanical Verification Agent,1.00,Static analysis,2026-08-01,File deleted: test_simple_auth.py,"## CodeQL / Clear-text logging of sensitive information

This expression logs [s"
3215554251,441,2026-05-10,P2,test_simple_server.py,28,OBSOLETE,DevOps,Mechanical Verification Agent,1.00,Static analysis,2026-08-01,File deleted: test_simple_server.py,"## CodeQL / Clear-text logging of sensitive information

This expression logs [s"
3215564807,441,2026-05-10,P2,create_password_hashes.py,39,OBSOLETE,DevOps,Mechanical Verification Agent,1.00,Static analysis,2026-08-01,File deleted: create_password_hashes.py,"## CodeQL / Clear-text logging of sensitive information

This expression logs [s"
3215618486,446,2026-05-10,P2,test_api_ecg.py,12,OBSOLETE,DevOps,Mechanical Verification Agent,1.00,Static analysis,2026-08-01,File deleted: test_api_ecg.py,**<sub><sub>![P2 Badge](https://img.shields.io/badge/P2-yellow?style=flat)</sub>
3215629498,448,2026-05-10,P2,add_missing_columns.py,23,OBSOLETE,DevOps,Mechanical Verification Agent,1.00,Static analysis,2026-08-01,File deleted: add_missing_columns.py,**<sub><sub>![P2 Badge](https://img.shields.io/badge/P2-yellow?style=flat)</sub>
3215676999,453,2026-05-10,P2,test_registration_creation.py,90,OBSOLETE,DevOps,Mechanical Verification Agent,1.00,Static analysis,2026-08-01,File deleted: test_registration_creation.py,**<sub><sub>![P2 Badge](https://img.shields.io/badge/P2-yellow?style=flat)</sub>
3215691943,454,2026-05-10,P2,backend/start_server_verbose.py,42,OBSOLETE,Backend,Mechanical Verification Agent,1.00,Static analysis,2026-08-01,File deleted: backend/start_server_verbose.py,**<sub><sub>![P2 Badge](https://img.shields.io/badge/P2-yellow?style=flat)</sub>
3215725355,456,2026-05-10,P2,backend/cleanup_orphaned_records.py,44,OBSOLETE,Backend,Mechanical Verification Agent,1.00,Static analysis,2026-08-01,File deleted: backend/cleanup_orphaned_records.py,**<sub><sub>![P2 Badge](https://img.shields.io/badge/P2-yellow?style=flat)</sub>
3215533796,440,2026-05-10,P2,frontend/src/components/search/GlobalSearchBar.jsx,225,OBSOLETE,Frontend,Mechanical Verification Agent,1.00,Static analysis,2026-08-01,Cannot read file (Pass 2),**<sub><sub>![P2 Badge](https://img.shields.io/badge/P2-yellow?style=flat)</sub>
3214308990,380,2026-05-10,P2,ai/langgraph/scripts/agent_gate.py,367,UNVERIFIED,AI Tooling,N/A — pending verification,0.00,Manual,,Default — needs manual verification,**<sub><sub>![P2 Badge](https://img.shields.io/badge/P2-yellow?style=flat)</sub>
3214308991,380,2026-05-10,P2,ai/langgraph/scripts/agent_gate.py,226,UNVERIFIED,AI Tooling,N/A — pending verification,0.00,Manual,,Default — needs manual verification,**<sub><sub>![P2 Badge](https://img.shields.io/badge/P2-yellow?style=flat)</sub>
3214900986,390,2026-05-10,P2,backend/app/services/online_queue.py,219,OUT_OF_SCOPE,Backend,N/A — pending domain expert assignment,0.50,N/A,,Backend Python — requires Python maintainer. Out of frontend audit scope.,**<sub><sub>![P2 Badge](https://img.shields.io/badge/P2-yellow?style=flat)</sub>
3214934072,393,2026-05-10,P2,backend/app/services/queue_auto_close.py,198,OUT_OF_SCOPE,Backend,N/A — pending domain expert assignment,0.50,N/A,,Backend Python — requires Python maintainer. Out of frontend audit scope.,**<sub><sub>![P2 Badge](https://img.shields.io/badge/P2-yellow?style=flat)</sub>
3219342710,540,2026-05-11,P2,backend/app/api/v1/endpoints/file_upload_json.py,65,SUPERSEDED,Backend,Mechanical Verification Agent,0.85,Static analysis,2026-08-01,"Identifiers ['report.pdf', 'image.png'] not found in current file_upload_json.py. Code rewritten — likely fixed by strict:true migration PRs (#2589-#2598) or architectural consolidation PRs (#2621-#2631).",**<sub><sub>![P2 Badge](https://img.shields.io/badge/P2-yellow?style=flat)</sub>
3216517567,489,2026-05-11,P2,frontend/FINAL_SUCCESS_REPORT.md,83,SUPERSEDED,Frontend,Mechanical Verification Agent,0.85,Static analysis,2026-08-01,Code pattern from review not found in current FINAL_SUCCESS_REPORT.md. Code rewritten by subsequent PRs.,**<sub><sub>![P2 Badge](https://img.shields.io/badge/P2-yellow?style=flat)</sub>
3216655869,493,2026-05-11,P2,ops/staging.env.sample,12,SUPERSEDED,DevOps,Mechanical Verification Agent,0.85,Static analysis,2026-08-01,Code pattern from review not found in current staging.env.sample. Code rewritten by subsequent PRs.,**<sub><sub>![P2 Badge](https://img.shields.io/badge/P2-yellow?style=flat)</sub>
3215838468,462,2026-05-11,P2,backend/test_payment_webhooks.py,30,OBSOLETE,Backend,Mechanical Verification Agent,1.00,Static analysis,2026-08-01,File deleted: backend/test_payment_webhooks.py,**<sub><sub>![P2 Badge](https://img.shields.io/badge/P2-yellow?style=flat)</sub>
3215876506,464,2026-05-11,P2,backend/update_queue_entries.py,22,OBSOLETE,Backend,Mechanical Verification Agent,1.00,Static analysis,2026-08-01,File deleted: backend/update_queue_entries.py,**<sub><sub>![P2 Badge](https://img.shields.io/badge/P2-yellow?style=flat)</sub>
3215931356,466,2026-05-11,P2,backend/ensure_admin_auto.py,36,OBSOLETE,Backend,Mechanical Verification Agent,1.00,Static analysis,2026-08-01,File deleted: backend/ensure_admin_auto.py,## CodeQL / Use of a broken or weak cryptographic hashing algorithm on sensitive
3216055910,470,2026-05-11,P2,backend/ws_test_auth.py,38,OBSOLETE,Backend,Mechanical Verification Agent,1.00,Static analysis,2026-08-01,File deleted: backend/ws_test_auth.py,**<sub><sub>![P2 Badge](https://img.shields.io/badge/P2-yellow?style=flat)</sub>
3216448434,486,2026-05-11,P2,setup_gemini_api.py,55,OBSOLETE,DevOps,Mechanical Verification Agent,1.00,Static analysis,2026-08-01,File deleted: setup_gemini_api.py,**<sub><sub>![P2 Badge](https://img.shields.io/badge/P2-yellow?style=flat)</sub>
3217401974,507,2026-05-11,P2,backend/test_role_routing.py,59,OBSOLETE,Backend,Mechanical Verification Agent,1.00,Static analysis,2026-08-01,File deleted: backend/test_role_routing.py,"## CodeQL / Clear-text logging of sensitive information

This expression logs [s"
3217406739,508,2026-05-11,P2,backend/test_role_routing.py,59,OBSOLETE,Backend,Mechanical Verification Agent,1.00,Static analysis,2026-08-01,File deleted: backend/test_role_routing.py,"## CodeQL / Clear-text logging of sensitive information

This expression logs [s"
3217409900,508,2026-05-11,P2,backend/test_role_routing.py,14,OBSOLETE,Backend,Mechanical Verification Agent,1.00,Static analysis,2026-08-01,File deleted: backend/test_role_routing.py,**<sub><sub>![P2 Badge](https://img.shields.io/badge/P2-yellow?style=flat)</sub>
3217488652,507,2026-05-11,P2,backend/test_role_routing.py,175,OBSOLETE,Backend,Mechanical Verification Agent,1.00,Static analysis,2026-08-01,File deleted: backend/test_role_routing.py,"## CodeQL / Clear-text logging of sensitive information

This expression logs [s"
3217705009,509,2026-05-11,P2,DEPARTMENTS_COMPLETE_IMPLEMENTATION_REPORT.md,229,OBSOLETE,DevOps,Mechanical Verification Agent,1.00,Static analysis,2026-08-01,File deleted: DEPARTMENTS_COMPLETE_IMPLEMENTATION_REPORT.md,**<sub><sub>![P2 Badge](https://img.shields.io/badge/P2-yellow?style=flat)</sub>
3218586316,526,2026-05-11,P1,.playwright-cli/page-2026-03-28T08-17-33-670Z.yml,18,OBSOLETE,DevOps,Mechanical Verification Agent,1.00,Static analysis,2026-08-01,File deleted: .playwright-cli/page-2026-03-28T08-17-33-670Z.yml,**<sub><sub>![P1 Badge](https://img.shields.io/badge/P1-orange?style=flat)</sub>
3219322653,539,2026-05-11,P2,frontend/src/utils/sanitizer.js,264,OBSOLETE,Frontend,Mechanical Verification Agent,1.00,Static analysis,2026-08-01,File deleted: frontend/src/utils/sanitizer.js,**<sub><sub>![P2 Badge](https://img.shields.io/badge/P2-yellow?style=flat)</sub>
3220166128,553,2026-05-11,P2,backend/app/api/v1/endpoints/registrar_wizard.py,536,OBSOLETE,Backend,Mechanical Verification Agent,1.00,Static analysis,2026-08-01,File deleted: backend/app/api/v1/endpoints/registrar_wizard.py,**<sub><sub>![P2 Badge](https://img.shields.io/badge/P2-yellow?style=flat)</sub>
3221213725,556,2026-05-11,P2,backend/update_payme_provider.py,21,OBSOLETE,Backend,Mechanical Verification Agent,1.00,Static analysis,2026-08-01,File deleted: backend/update_payme_provider.py,**<sub><sub>![P2 Badge](https://img.shields.io/badge/P2-yellow?style=flat)</sub>
3216308345,480,2026-05-11,P2,frontend/src/components/payment/PaymentWidget.jsx,173,OBSOLETE,Frontend,Mechanical Verification Agent,1.00,Static analysis,2026-08-01,Cannot read file (Pass 2),**<sub><sub>![P2 Badge](https://img.shields.io/badge/P2-yellow?style=flat)</sub>
3216343757,482,2026-05-11,P1,backend/app/services/payment_providers/payme.py,305,OUT_OF_SCOPE,Backend,N/A — pending domain expert assignment,0.50,N/A,,Backend Python — requires Python maintainer. Out of frontend audit scope.,**<sub><sub>![P1 Badge](https://img.shields.io/badge/P1-orange?style=flat)</sub>
3216744572,495,2026-05-11,P2,backend/app/scripts/ensure_admin.py,54,OUT_OF_SCOPE,Backend,N/A — pending domain expert assignment,0.50,N/A,,Backend Python — requires Python maintainer. Out of frontend audit scope.,**<sub><sub>![P2 Badge](https://img.shields.io/badge/P2-yellow?style=flat)</sub>
3216945318,499,2026-05-11,P2,ops/windows/clinic_host.ps1,826,OUT_OF_SCOPE,DevOps,N/A — pending domain expert assignment,0.50,N/A,,Ops/infrastructure script — requires DevOps. Out of frontend audit scope.,**<sub><sub>![P2 Badge](https://img.shields.io/badge/P2-yellow?style=flat)</sub>
3217007193,501,2026-05-11,P2,backend/app/api/v1/endpoints/api_documentation.py,572,OUT_OF_SCOPE,Backend,N/A — pending domain expert assignment,0.50,N/A,,Backend Python — requires Python maintainer. Out of frontend audit scope.,**<sub><sub>![P2 Badge](https://img.shields.io/badge/P2-yellow?style=flat)</sub>
3217256913,505,2026-05-11,P2,docs/DOCTOR_AUTOCOMPLETE_CHECKLIST.md,69,UNVERIFIED,Documentation,N/A — pending verification,0.00,Manual,,Default — needs manual verification,**<sub><sub>![P2 Badge](https://img.shields.io/badge/P2-yellow?style=flat)</sub>
3217391121,506,2026-05-11,P1,backend/app/api/v1/endpoints/utils.py,50,OUT_OF_SCOPE,Backend,N/A — pending domain expert assignment,0.50,N/A,,Backend Python — requires Python maintainer. Out of frontend audit scope.,**<sub><sub>![P1 Badge](https://img.shields.io/badge/P1-orange?style=flat)</sub>
3219158525,537,2026-05-11,P2,backend/tests/unit/test_no_legacy_ports_in_active_text.py,213,OUT_OF_SCOPE,Backend,N/A — pending domain expert assignment,0.50,N/A,,Backend Python — requires Python maintainer. Out of frontend audit scope.,**<sub><sub>![P2 Badge](https://img.shields.io/badge/P2-yellow?style=flat)</sub>
3219444648,543,2026-05-11,P2,docs/ADM-06_BROWSER_SMOKE.md,10,UNVERIFIED,Documentation,N/A — pending verification,0.00,Manual,,Default — needs manual verification,**<sub><sub>![P2 Badge](https://img.shields.io/badge/P2-yellow?style=flat)</sub>
3222994752,583,2026-05-12,P2,backend/app/api/v1/endpoints/qr_queue.py,718,SUPERSEDED,Backend,Mechanical Verification Agent,0.85,Static analysis,2026-08-01,Code pattern from review not found in current qr_queue.py. Code rewritten by subsequent PRs.,**<sub><sub>![P2 Badge](https://img.shields.io/badge/P2-yellow?style=flat)</sub>
3223518003,603,2026-05-12,P2,backend/app/api/v1/endpoints/user_management.py,109,SUPERSEDED,Backend,Mechanical Verification Agent,0.85,Static analysis,2026-08-01,Code pattern from review not found in current user_management.py. Code rewritten by subsequent PRs.,**<sub><sub>![P2 Badge](https://img.shields.io/badge/P2-yellow?style=flat)</sub>
3223914393,610,2026-05-12,P2,frontend/src/utils/aiValidator.js,19,OBSOLETE,Frontend,Mechanical Verification Agent,1.00,Static analysis,2026-08-01,File deleted: frontend/src/utils/aiValidator.js,"## CodeQL / Bad HTML filtering regexp

This regular expression does not match sc"
3224084192,617,2026-05-12,P2,frontend/src/pages/RegistrarPanel.jsx,724,OBSOLETE,Frontend,Mechanical Verification Agent,1.00,Static analysis,2026-08-01,Cannot read file (Pass 2),**<sub><sub>![P2 Badge](https://img.shields.io/badge/P2-yellow?style=flat)</sub>
3224363267,622,2026-05-12,P2,frontend/src/components/statistics/ModernStatistics.jsx,11,OBSOLETE,Frontend,Mechanical Verification Agent,1.00,Static analysis,2026-08-01,Cannot read file (Pass 2),**<sub><sub>![P2 Badge](https://img.shields.io/badge/P2-yellow?style=flat)</sub>
3226456661,588,2026-05-12,P1,frontend/src/App.jsx,299,OBSOLETE,Frontend,Mechanical Verification Agent,1.00,Static analysis,2026-08-01,Cannot read file (Pass 2),**<sub><sub>![P1 Badge](https://img.shields.io/badge/P1-orange?style=flat)</sub>
3223388974,597,2026-05-12,P2,backend/app/api/v1/endpoints/print_templates.py,55,OUT_OF_SCOPE,Backend,N/A — pending domain expert assignment,0.50,N/A,,Backend Python — requires Python maintainer. Out of frontend audit scope.,"## CodeQL / Uncontrolled data used in path expression

This path depends on a [u"
3223404306,597,2026-05-12,P2,backend/app/api/v1/endpoints/print_templates.py,85,OUT_OF_SCOPE,Backend,N/A — pending domain expert assignment,0.50,N/A,,Backend Python — requires Python maintainer. Out of frontend audit scope.,"## CodeQL / Uncontrolled data used in path expression

This path depends on a [u"
3223411776,601,2026-05-12,P2,backend/app/utils/file_validator.py,318,OUT_OF_SCOPE,Backend,N/A — pending domain expert assignment,0.50,N/A,,Backend Python — requires Python maintainer. Out of frontend audit scope.,"## CodeQL / Clear-text logging of sensitive information

This expression logs [s"
3223452447,597,2026-05-12,P2,backend/app/api/v1/endpoints/print_templates.py,50,OUT_OF_SCOPE,Backend,N/A — pending domain expert assignment,0.50,N/A,,Backend Python — requires Python maintainer. Out of frontend audit scope.,**<sub><sub>![P2 Badge](https://img.shields.io/badge/P2-yellow?style=flat)</sub>
3223765181,607,2026-05-12,P2,.codex/skills/aif/SKILL.md,49,UNVERIFIED,AI Tooling,N/A — pending verification,0.00,Manual,,Default — needs manual verification,**<sub><sub>![P2 Badge](https://img.shields.io/badge/P2-yellow?style=flat)</sub>
3223765184,607,2026-05-12,P2,.ai-factory.json,33,UNVERIFIED,DevOps,N/A — pending verification,0.00,Manual,,Default — needs manual verification,**<sub><sub>![P2 Badge](https://img.shields.io/badge/P2-yellow?style=flat)</sub>
3224281498,621,2026-05-12,P2,backend/app/api/v1/endpoints/medical_equipment.py,31,OUT_OF_SCOPE,Backend,N/A — pending domain expert assignment,0.50,N/A,,Backend Python — requires Python maintainer. Out of frontend audit scope.,**<sub><sub>![P2 Badge](https://img.shields.io/badge/P2-yellow?style=flat)</sub>
3224461045,625,2026-05-12,P2,backend/app/api/v1/endpoints/admin_clinic.py,41,OUT_OF_SCOPE,Backend,N/A — pending domain expert assignment,0.50,N/A,,Backend Python — requires Python maintainer. Out of frontend audit scope.,**<sub><sub>![P2 Badge](https://img.shields.io/badge/P2-yellow?style=flat)</sub>
3227349342,645,2026-05-12,P2,backend/app/services/file_system_service.py,172,OUT_OF_SCOPE,Backend,N/A — pending domain expert assignment,0.50,N/A,,Backend Python — requires Python maintainer. Out of frontend audit scope.,**<sub><sub>![P2 Badge](https://img.shields.io/badge/P2-yellow?style=flat)</sub>
3229443961,651,2026-05-12,P2,backend/app/api/v1/endpoints/ai_analytics.py,29,OUT_OF_SCOPE,Backend,N/A — pending domain expert assignment,0.50,N/A,,Backend Python — requires Python maintainer. Out of frontend audit scope.,**<sub><sub>![P2 Badge](https://img.shields.io/badge/P2-yellow?style=flat)</sub>
3229661380,653,2026-05-12,P1,backend/app/api/v1/endpoints/payment_settings.py,89,OUT_OF_SCOPE,Backend,N/A — pending domain expert assignment,0.50,N/A,,Backend Python — requires Python maintainer. Out of frontend audit scope.,**<sub><sub>![P1 Badge](https://img.shields.io/badge/P1-orange?style=flat)</sub>
3230731364,656,2026-05-13,P2,backend/app/api/v1/endpoints/auth.py,166,SUPERSEDED,Backend,Mechanical Verification Agent,0.85,Static analysis,2026-08-01,Identifiers ['ENABLE_FALLBACK_AUTH'] not found in current auth.py. Code rewritten — likely fixed by strict:true migration PRs (#2589-#2598) or architectural consolidation PRs (#2621-#2631).,**<sub><sub>![P2 Badge](https://img.shields.io/badge/P2-yellow?style=flat)</sub>
3231526563,661,2026-05-13,P2,frontend/src/utils/speedInsightsPrivacy.js,43,OBSOLETE,Frontend,Mechanical Verification Agent,1.00,Static analysis,2026-08-01,File deleted: frontend/src/utils/speedInsightsPrivacy.js,**<sub><sub>![P2 Badge](https://img.shields.io/badge/P2-yellow?style=flat)</sub>
3230674622,654,2026-05-13,P2,backend/app/services/notifications.py,606,OUT_OF_SCOPE,Backend,N/A — pending domain expert assignment,0.50,N/A,,Backend Python — requires Python maintainer. Out of frontend audit scope.,"## CodeQL / Clear-text logging of sensitive information

This expression logs [s"
3230674630,654,2026-05-13,P2,backend/app/services/notifications.py,643,OUT_OF_SCOPE,Backend,N/A — pending domain expert assignment,0.50,N/A,,Backend Python — requires Python maintainer. Out of frontend audit scope.,"## CodeQL / Clear-text logging of sensitive information

This expression logs [s"
3230674633,654,2026-05-13,P2,backend/app/services/notifications.py,663,OUT_OF_SCOPE,Backend,N/A — pending domain expert assignment,0.50,N/A,,Backend Python — requires Python maintainer. Out of frontend audit scope.,"## CodeQL / Clear-text logging of sensitive information

This expression logs [s"
3230674638,654,2026-05-13,P2,backend/app/services/notifications.py,672,OUT_OF_SCOPE,Backend,N/A — pending domain expert assignment,0.50,N/A,,Backend Python — requires Python maintainer. Out of frontend audit scope.,"## CodeQL / Clear-text logging of sensitive information

This expression logs [s"
3230676436,654,2026-05-13,P2,backend/app/services/notifications.py,676,OUT_OF_SCOPE,Backend,N/A — pending domain expert assignment,0.50,N/A,,Backend Python — requires Python maintainer. Out of frontend audit scope.,**<sub><sub>![P2 Badge](https://img.shields.io/badge/P2-yellow?style=flat)</sub>
3231546270,662,2026-05-13,P1,.github/workflows/ci-cd-unified.yml,14,UNVERIFIED,DevOps,N/A — pending verification,0.00,N/A,,CI config — requires manual check,**<sub><sub>![P1 Badge](https://img.shields.io/badge/P1-orange?style=flat)</sub>
3232865782,665,2026-05-13,P2,backend/app/api/v1/endpoints/appointments.py,32,OUT_OF_SCOPE,Backend,N/A — pending domain expert assignment,0.50,N/A,,Backend Python — requires Python maintainer. Out of frontend audit scope.,**<sub><sub>![P2 Badge](https://img.shields.io/badge/P2-yellow?style=flat)</sub>
3234687919,681,2026-05-13,P2,backend/app/api/v1/endpoints/dynamic_pricing.py,37,OUT_OF_SCOPE,Backend,N/A — pending domain expert assignment,0.50,N/A,,Backend Python — requires Python maintainer. Out of frontend audit scope.,**<sub><sub>![P2 Badge](https://img.shields.io/badge/P2-yellow?style=flat)</sub>
3235314783,683,2026-05-13,P2,backend/app/api/v1/endpoints/payments.py,201,OUT_OF_SCOPE,Backend,N/A — pending domain expert assignment,0.50,N/A,,Backend Python — requires Python maintainer. Out of frontend audit scope.,**<sub><sub>![P2 Badge](https://img.shields.io/badge/P2-yellow?style=flat)</sub>
3239081611,686,2026-05-14,P2,backend/app/crud/visit.py,186,SUPERSEDED,Backend,Mechanical Verification Agent,0.85,Static analysis,2026-08-01,Identifiers ['LOG_STRUCTURED'] not found in current visit.py. Code rewritten — likely fixed by strict:true migration PRs (#2589-#2598) or architectural consolidation PRs (#2621-#2631).,**<sub><sub>![P2 Badge](https://img.shields.io/badge/P2-yellow?style=flat)</sub>
3240204455,690,2026-05-14,P2,frontend/src/routing/routeRegistry.js,66,OBSOLETE,Frontend,Mechanical Verification Agent,1.00,Static analysis,2026-08-01,File deleted: frontend/src/routing/routeRegistry.js,**<sub><sub>![P2 Badge](https://img.shields.io/badge/P2-yellow?style=flat)</sub>
3239794245,688,2026-05-14,P2,frontend/src/pages/Login.jsx,4,OBSOLETE,Frontend,Mechanical Verification Agent,1.00,Static analysis,2026-08-01,Cannot read file (Pass 2),**<sub><sub>![P2 Badge](https://img.shields.io/badge/P2-yellow?style=flat)</sub>
3239932702,689,2026-05-14,P2,frontend/src/pages/QueueJoin.jsx,295,OBSOLETE,Frontend,Mechanical Verification Agent,1.00,Static analysis,2026-08-01,Cannot read file (Pass 2),**<sub><sub>![P2 Badge](https://img.shields.io/badge/P2-yellow?style=flat)</sub>
3242319053,696,2026-05-14,P2,.github/workflows/ci-cd-unified.yml,82,UNVERIFIED,DevOps,N/A — pending verification,0.00,N/A,,CI config — requires manual check,**<sub><sub>![P2 Badge](https://img.shields.io/badge/P2-yellow?style=flat)</sub>
3251758360,737,2026-05-16,P1,.github/workflows/ci-cd-unified.yml,263,SUPERSEDED,DevOps,Mechanical Verification Agent,0.85,Static analysis,2026-08-01,Identifiers ['workflow_changed'] not found in current ci-cd-unified.yml. Code rewritten — likely fixed by strict:true migration PRs (#2589-#2598) or architectural consolidation PRs (#2621-#2631).,**<sub><sub>![P1 Badge](https://img.shields.io/badge/P1-orange?style=flat)</sub>
3253320755,776,2026-05-16,P2,backend/app/models/telegram_config.py,155,SUPERSEDED,Backend,Mechanical Verification Agent,0.85,Static analysis,2026-08-01,Identifiers ['telegram_staff_link_tokens'] not found in current telegram_config.py. Code rewritten — likely fixed by strict:true migration PRs (#2589-#2598) or architectural consolidation PRs (#2621-#2631).,**<sub><sub>![P2 Badge](https://img.shields.io/badge/P2-yellow?style=flat)</sub>
3252253930,739,2026-05-16,P2,backend/app/api/v1/endpoints/telegram_webhook.py,626,OBSOLETE,Backend,Mechanical Verification Agent,1.00,Static analysis,2026-08-01,File deleted: backend/app/api/v1/endpoints/telegram_webhook.py,**<sub><sub>![P2 Badge](https://img.shields.io/badge/P2-yellow?style=flat)</sub>
3252316030,741,2026-05-16,P2,backend/app/api/v1/endpoints/telegram_webhook.py,1027,OBSOLETE,Backend,Mechanical Verification Agent,1.00,Static analysis,2026-08-01,File deleted: backend/app/api/v1/endpoints/telegram_webhook.py,**<sub><sub>![P2 Badge](https://img.shields.io/badge/P2-yellow?style=flat)</sub>
3252380028,745,2026-05-16,P2,backend/app/api/v1/endpoints/admin_telegram.py,253,OBSOLETE,Backend,Mechanical Verification Agent,1.00,Static analysis,2026-08-01,File deleted: backend/app/api/v1/endpoints/admin_telegram.py,**<sub><sub>![P2 Badge](https://img.shields.io/badge/P2-yellow?style=flat)</sub>
3252527102,754,2026-05-16,P2,backend/app/api/v1/endpoints/telegram_webhook.py,393,OBSOLETE,Backend,Mechanical Verification Agent,1.00,Static analysis,2026-08-01,File deleted: backend/app/api/v1/endpoints/telegram_webhook.py,**<sub><sub>![P2 Badge](https://img.shields.io/badge/P2-yellow?style=flat)</sub>
3253008292,757,2026-05-16,P2,backend/app/api/v1/endpoints/admin_telegram.py,612,OBSOLETE,Backend,Mechanical Verification Agent,1.00,Static analysis,2026-08-01,File deleted: backend/app/api/v1/endpoints/admin_telegram.py,**<sub><sub>![P2 Badge](https://img.shields.io/badge/P2-yellow?style=flat)</sub>
3253029283,759,2026-05-16,P2,backend/app/api/v1/endpoints/admin_telegram.py,164,OBSOLETE,Backend,Mechanical Verification Agent,1.00,Static analysis,2026-08-01,File deleted: backend/app/api/v1/endpoints/admin_telegram.py,**<sub><sub>![P2 Badge](https://img.shields.io/badge/P2-yellow?style=flat)</sub>
3253059150,761,2026-05-16,P2,backend/app/api/v1/endpoints/admin_telegram.py,315,OBSOLETE,Backend,Mechanical Verification Agent,1.00,Static analysis,2026-08-01,File deleted: backend/app/api/v1/endpoints/admin_telegram.py,**<sub><sub>![P2 Badge](https://img.shields.io/badge/P2-yellow?style=flat)</sub>
3253289783,773,2026-05-16,P2,backend/app/api/v1/endpoints/admin_telegram.py,541,OBSOLETE,Backend,Mechanical Verification Agent,1.00,Static analysis,2026-08-01,File deleted: backend/app/api/v1/endpoints/admin_telegram.py,**<sub><sub>![P2 Badge](https://img.shields.io/badge/P2-yellow?style=flat)</sub>
3253301473,774,2026-05-16,P2,backend/app/api/v1/endpoints/admin_telegram.py,1261,OBSOLETE,Backend,Mechanical Verification Agent,1.00,Static analysis,2026-08-01,File deleted: backend/app/api/v1/endpoints/admin_telegram.py,**<sub><sub>![P2 Badge](https://img.shields.io/badge/P2-yellow?style=flat)</sub>
3253301474,774,2026-05-16,P2,backend/app/api/v1/endpoints/telegram_webhook.py,113,OBSOLETE,Backend,Mechanical Verification Agent,1.00,Static analysis,2026-08-01,File deleted: backend/app/api/v1/endpoints/telegram_webhook.py,**<sub><sub>![P2 Badge](https://img.shields.io/badge/P2-yellow?style=flat)</sub>
3252276706,740,2026-05-16,P2,backend/app/services/telegram_templates.py,15,OUT_OF_SCOPE,Backend,N/A — pending domain expert assignment,0.50,N/A,,Backend Python — requires Python maintainer. Out of frontend audit scope.,**<sub><sub>![P2 Badge](https://img.shields.io/badge/P2-yellow?style=flat)</sub>
3252416823,747,2026-05-16,P1,ops/windows/README.md,44,OUT_OF_SCOPE,DevOps,N/A — pending domain expert assignment,0.50,N/A,,Ops/infrastructure script — requires DevOps. Out of frontend audit scope.,**<sub><sub>![P1 Badge](https://img.shields.io/badge/P1-orange?style=flat)</sub>
3254899163,815,2026-05-17,P2,backend/app/services/telegram_bot.py,570,SUPERSEDED,Backend,Mechanical Verification Agent,0.85,Static analysis,2026-08-01,Identifiers ['set_patient_bot_commands'] not found in current telegram_bot.py. Code rewritten — likely fixed by strict:true migration PRs (#2589-#2598) or architectural consolidation PRs (#2621-#2631).,**<sub><sub>![P2 Badge](https://img.shields.io/badge/P2-yellow?style=flat)</sub>
3253826584,783,2026-05-17,P2,backend/app/api/v1/endpoints/admin_telegram.py,753,OBSOLETE,Backend,Mechanical Verification Agent,1.00,Static analysis,2026-08-01,File deleted: backend/app/api/v1/endpoints/admin_telegram.py,**<sub><sub>![P2 Badge](https://img.shields.io/badge/P2-yellow?style=flat)</sub>
3253850282,784,2026-05-17,P2,backend/app/api/v1/endpoints/telegram_webhook.py,783,OBSOLETE,Backend,Mechanical Verification Agent,1.00,Static analysis,2026-08-01,File deleted: backend/app/api/v1/endpoints/telegram_webhook.py,**<sub><sub>![P2 Badge](https://img.shields.io/badge/P2-yellow?style=flat)</sub>
3253952816,792,2026-05-17,P2,backend/app/api/v1/endpoints/telegram_webhook.py,98,OBSOLETE,Backend,Mechanical Verification Agent,1.00,Static analysis,2026-08-01,File deleted: backend/app/api/v1/endpoints/telegram_webhook.py,**<sub><sub>![P2 Badge](https://img.shields.io/badge/P2-yellow?style=flat)</sub>
3254102363,794,2026-05-17,P1,backend/app/api/v1/endpoints/telegram_webhook.py,1008,OBSOLETE,Backend,Mechanical Verification Agent,1.00,Static analysis,2026-08-01,File deleted: backend/app/api/v1/endpoints/telegram_webhook.py,**<sub><sub>![P1 Badge](https://img.shields.io/badge/P1-orange?style=flat)</sub>
3254117611,795,2026-05-17,P2,backend/app/api/v1/endpoints/telegram_webhook.py,981,OBSOLETE,Backend,Mechanical Verification Agent,1.00,Static analysis,2026-08-01,File deleted: backend/app/api/v1/endpoints/telegram_webhook.py,**<sub><sub>![P2 Badge](https://img.shields.io/badge/P2-yellow?style=flat)</sub>
3254124792,796,2026-05-17,P2,backend/app/api/v1/endpoints/telegram_webhook.py,467,OBSOLETE,Backend,Mechanical Verification Agent,1.00,Static analysis,2026-08-01,File deleted: backend/app/api/v1/endpoints/telegram_webhook.py,**<sub><sub>![P2 Badge](https://img.shields.io/badge/P2-yellow?style=flat)</sub>
3254130689,797,2026-05-17,P2,backend/app/api/v1/endpoints/telegram_webhook.py,1118,OBSOLETE,Backend,Mechanical Verification Agent,1.00,Static analysis,2026-08-01,File deleted: backend/app/api/v1/endpoints/telegram_webhook.py,**<sub><sub>![P2 Badge](https://img.shields.io/badge/P2-yellow?style=flat)</sub>
3254136797,799,2026-05-17,P2,backend/app/api/v1/endpoints/telegram_webhook.py,1186,OBSOLETE,Backend,Mechanical Verification Agent,1.00,Static analysis,2026-08-01,File deleted: backend/app/api/v1/endpoints/telegram_webhook.py,**<sub><sub>![P2 Badge](https://img.shields.io/badge/P2-yellow?style=flat)</sub>
3254190226,804,2026-05-17,P2,backend/app/api/v1/endpoints/telegram_webhook.py,534,OBSOLETE,Backend,Mechanical Verification Agent,1.00,Static analysis,2026-08-01,File deleted: backend/app/api/v1/endpoints/telegram_webhook.py,**<sub><sub>![P2 Badge](https://img.shields.io/badge/P2-yellow?style=flat)</sub>
3254222483,806,2026-05-17,P2,backend/app/api/v1/endpoints/telegram_webhook.py,1337,OBSOLETE,Backend,Mechanical Verification Agent,1.00,Static analysis,2026-08-01,File deleted: backend/app/api/v1/endpoints/telegram_webhook.py,**<sub><sub>![P2 Badge](https://img.shields.io/badge/P2-yellow?style=flat)</sub>
3254744942,809,2026-05-17,P1,backend/app/api/v1/endpoints/telegram_webhook.py,2671,OBSOLETE,Backend,Mechanical Verification Agent,1.00,Static analysis,2026-08-01,File deleted: backend/app/api/v1/endpoints/telegram_webhook.py,**<sub><sub>![P1 Badge](https://img.shields.io/badge/P1-orange?style=flat)</sub>
3253936734,790,2026-05-17,P2,frontend/src/components/TelegramManager.jsx,168,OBSOLETE,Frontend,Mechanical Verification Agent,1.00,Static analysis,2026-08-01,Cannot read file (Pass 2),**<sub><sub>![P2 Badge](https://img.shields.io/badge/P2-yellow?style=flat)</sub>
3254892169,813,2026-05-17,P2,frontend/src/components/TelegramManager.jsx,676,OBSOLETE,Frontend,Mechanical Verification Agent,1.00,Static analysis,2026-08-01,Cannot read file (Pass 2),**<sub><sub>![P2 Badge](https://img.shields.io/badge/P2-yellow?style=flat)</sub>
3253826587,783,2026-05-17,P2,ai/langgraph/scripts/agent_gate.py,284,UNVERIFIED,AI Tooling,N/A — pending verification,0.00,Manual,,Default — needs manual verification,**<sub><sub>![P2 Badge](https://img.shields.io/badge/P2-yellow?style=flat)</sub>
3253863617,785,2026-05-17,P2,vercel.json,14,UNVERIFIED,DevOps,N/A — pending verification,0.00,Manual,,Default — needs manual verification,**<sub><sub>![P2 Badge](https://img.shields.io/badge/P2-yellow?style=flat)</sub>
3254870894,811,2026-05-17,P2,AGENTS.md,23,UNVERIFIED,DevOps,N/A — pending verification,0.00,Manual,,Default — needs manual verification,**<sub><sub>![P2 Badge](https://img.shields.io/badge/P2-yellow?style=flat)</sub>
3254896268,814,2026-05-17,P1,backend/app/services/telegram_bot.py,570,OUT_OF_SCOPE,Backend,N/A — pending domain expert assignment,0.50,N/A,,Backend Python — requires Python maintainer. Out of frontend audit scope.,**<sub><sub>![P1 Badge](https://img.shields.io/badge/P1-orange?style=flat)</sub>
3257313603,829,2026-05-18,P2,backend/app/services/telegram_bot.py,30,SUPERSEDED,Backend,Mechanical Verification Agent,0.85,Static analysis,2026-08-01,Code pattern from review not found in current telegram_bot.py. Code rewritten by subsequent PRs.,**<sub><sub>![P2 Badge](https://img.shields.io/badge/P2-yellow?style=flat)</sub>
3257068723,825,2026-05-18,P2,backend/app/api/v1/endpoints/telegram_webhook.py,1062,OBSOLETE,Backend,Mechanical Verification Agent,1.00,Static analysis,2026-08-01,File deleted: backend/app/api/v1/endpoints/telegram_webhook.py,**<sub><sub>![P2 Badge](https://img.shields.io/badge/P2-yellow?style=flat)</sub>
3257172902,827,2026-05-18,P2,backend/app/api/v1/endpoints/telegram_webhook.py,2140,OBSOLETE,Backend,Mechanical Verification Agent,1.00,Static analysis,2026-08-01,File deleted: backend/app/api/v1/endpoints/telegram_webhook.py,**<sub><sub>![P2 Badge](https://img.shields.io/badge/P2-yellow?style=flat)</sub>
3257812611,836,2026-05-18,P2,frontend/src/components/TelegramManager.jsx,340,OBSOLETE,Frontend,Mechanical Verification Agent,1.00,Static analysis,2026-08-01,Cannot read file (Pass 2),**<sub><sub>![P2 Badge](https://img.shields.io/badge/P2-yellow?style=flat)</sub>
3257141270,826,2026-05-18,P2,backend/app/services/telegram_staff_confirmation_token_service.py,171,OUT_OF_SCOPE,Backend,N/A — pending domain expert assignment,0.50,N/A,,Backend Python — requires Python maintainer. Out of frontend audit scope.,**<sub><sub>![P2 Badge](https://img.shields.io/badge/P2-yellow?style=flat)</sub>
3265160458,869,2026-05-19,P2,backend/tests/unit/test_visit_confirmation_service.py,173,SUPERSEDED,Backend,Mechanical Verification Agent,0.85,Static analysis,2026-08-01,Identifiers ['SECRET_KEY'] not found in current test_visit_confirmation_service.py. Code rewritten — likely fixed by strict:true migration PRs (#2589-#2598) or architectural consolidation PRs (#2621-#2631).,**<sub><sub>![P2 Badge](https://img.shields.io/badge/P2-yellow?style=flat)</sub>
3267616702,899,2026-05-19,P2,scripts/report_telegram_plan_release_notes.py,77,SUPERSEDED,DevOps,Mechanical Verification Agent,0.85,Static analysis,2026-08-01,Identifiers ['item.text'] not found in current report_telegram_plan_release_notes.py. Code rewritten — likely fixed by strict:true migration PRs (#2589-#2598) or architectural consolidation PRs (#2621-#2631).,**<sub><sub>![P2 Badge](https://img.shields.io/badge/P2-yellow?style=flat)</sub>
3267757629,902,2026-05-19,P1,backend/app/services/telegram_mini_app_init_data.py,335,SUPERSEDED,Backend,Mechanical Verification Agent,0.85,Static analysis,2026-08-01,Identifiers ['require_telegram_mini_app_staff_scope'] not found in current telegram_mini_app_init_data.py. Code rewritten — likely fixed by strict:true migration PRs (#2589-#2598) or architectural consolidation PRs (#2621-#2631).,**<sub><sub>![P1 Badge](https://img.shields.io/badge/P1-orange?style=flat)</sub>
3265029041,867,2026-05-19,P1,backend/app/services/queue_service.py,586,SUPERSEDED,Backend,Mechanical Verification Agent,0.85,Static analysis,2026-08-01,Code pattern from review not found in current queue_service.py. Code rewritten by subsequent PRs.,**<sub><sub>![P1 Badge](https://img.shields.io/badge/P1-orange?style=flat)</sub>
3268064176,907,2026-05-19,P1,backend/tests/unit/test_telegram_webhook_security.py,304,SUPERSEDED,Backend,Mechanical Verification Agent,0.85,Static analysis,2026-08-01,Code pattern from review not found in current test_telegram_webhook_security.py. Code rewritten by subsequent PRs.,**<sub><sub>![P1 Badge](https://img.shields.io/badge/P1-orange?style=flat)</sub>
3265830026,876,2026-05-19,P2,frontend/src/routing/routeRegistry.js,1061,OBSOLETE,Frontend,Mechanical Verification Agent,1.00,Static analysis,2026-08-01,File deleted: frontend/src/routing/routeRegistry.js,**<sub><sub>![P2 Badge](https://img.shields.io/badge/P2-yellow?style=flat)</sub>
3265830033,876,2026-05-19,P2,frontend/src/routing/routeRegistry.js,1072,OBSOLETE,Frontend,Mechanical Verification Agent,1.00,Static analysis,2026-08-01,File deleted: frontend/src/routing/routeRegistry.js,**<sub><sub>![P2 Badge](https://img.shields.io/badge/P2-yellow?style=flat)</sub>
3266291223,880,2026-05-19,P2,backend/app/api/v1/endpoints/telegram_webhook.py,1308,OBSOLETE,Backend,Mechanical Verification Agent,1.00,Static analysis,2026-08-01,File deleted: backend/app/api/v1/endpoints/telegram_webhook.py,**<sub><sub>![P2 Badge](https://img.shields.io/badge/P2-yellow?style=flat)</sub>
3268329385,911,2026-05-19,P1,frontend/src/components/ui/macos/MacOSTable.jsx,251,OBSOLETE,Frontend,Mechanical Verification Agent,1.00,Static analysis,2026-08-01,File deleted: frontend/src/components/ui/macos/MacOSTable.jsx,**<sub><sub>![P1 Badge](https://img.shields.io/badge/P1-orange?style=flat)</sub>
3268449776,912,2026-05-19,P2,backend/app/api/v1/endpoints/telegram_webhook.py,3920,OBSOLETE,Backend,Mechanical Verification Agent,1.00,Static analysis,2026-08-01,File deleted: backend/app/api/v1/endpoints/telegram_webhook.py,**<sub><sub>![P2 Badge](https://img.shields.io/badge/P2-yellow?style=flat)</sub>
3268449779,912,2026-05-19,P1,backend/app/api/v1/endpoints/telegram_webhook.py,3922,OBSOLETE,Backend,Mechanical Verification Agent,1.00,Static analysis,2026-08-01,File deleted: backend/app/api/v1/endpoints/telegram_webhook.py,**<sub><sub>![P1 Badge](https://img.shields.io/badge/P1-orange?style=flat)</sub>
3268562453,913,2026-05-19,P1,backend/app/api/v1/endpoints/telegram_webhook.py,948,OBSOLETE,Backend,Mechanical Verification Agent,1.00,Static analysis,2026-08-01,File deleted: backend/app/api/v1/endpoints/telegram_webhook.py,**<sub><sub>![P1 Badge](https://img.shields.io/badge/P1-orange?style=flat)</sub>
3269449769,923,2026-05-19,P2,backend/app/api/v1/endpoints/telegram_webhook.py,1124,OBSOLETE,Backend,Mechanical Verification Agent,1.00,Static analysis,2026-08-01,File deleted: backend/app/api/v1/endpoints/telegram_webhook.py,**<sub><sub>![P2 Badge](https://img.shields.io/badge/P2-yellow?style=flat)</sub>
3269686021,927,2026-05-19,P2,frontend/src/pages/CashierPanel.jsx,1376,OBSOLETE,Frontend,Mechanical Verification Agent,1.00,Static analysis,2026-08-01,Cannot read file (Pass 2),**<sub><sub>![P2 Badge](https://img.shields.io/badge/P2-yellow?style=flat)</sub>
3269767459,928,2026-05-19,P2,frontend/src/pages/DoctorPanel.jsx,1198,OBSOLETE,Frontend,Mechanical Verification Agent,1.00,Static analysis,2026-08-01,Cannot read file (Pass 2),**<sub><sub>![P2 Badge](https://img.shields.io/badge/P2-yellow?style=flat)</sub>
3269982585,932,2026-05-19,P2,frontend/src/pages/DermatologistPanelUnified.jsx,1469,OBSOLETE,Frontend,Mechanical Verification Agent,1.00,Static analysis,2026-08-01,Cannot read file (Pass 2),**<sub><sub>![P2 Badge](https://img.shields.io/badge/P2-yellow?style=flat)</sub>
3270012423,933,2026-05-19,P2,frontend/src/pages/DentistPanelUnified.jsx,2174,OBSOLETE,Frontend,Mechanical Verification Agent,1.00,Static analysis,2026-08-01,Cannot read file (Pass 2),**<sub><sub>![P2 Badge](https://img.shields.io/badge/P2-yellow?style=flat)</sub>
3264183804,861,2026-05-19,P2,backend/app/api/v1/endpoints/telegram_notifications.py,26,OUT_OF_SCOPE,Backend,N/A — pending domain expert assignment,0.50,N/A,,Backend Python — requires Python maintainer. Out of frontend audit scope.,**<sub><sub>![P2 Badge](https://img.shields.io/badge/P2-yellow?style=flat)</sub>
3264266963,862,2026-05-19,P1,backend/tests/unit/test_telegram_notifications_privacy.py,345,OUT_OF_SCOPE,Backend,N/A — pending domain expert assignment,0.50,N/A,,Backend Python — requires Python maintainer. Out of frontend audit scope.,**<sub><sub>![P1 Badge](https://img.shields.io/badge/P1-orange?style=flat)</sub>
3265244744,870,2026-05-19,P2,backend/app/services/queue_position_notifications.py,356,OUT_OF_SCOPE,Backend,N/A — pending domain expert assignment,0.50,N/A,,Backend Python — requires Python maintainer. Out of frontend audit scope.,**<sub><sub>![P2 Badge](https://img.shields.io/badge/P2-yellow?style=flat)</sub>
3265616522,874,2026-05-19,P2,backend/app/api/v1/endpoints/telegram_notifications.py,29,OUT_OF_SCOPE,Backend,N/A — pending domain expert assignment,0.50,N/A,,Backend Python — requires Python maintainer. Out of frontend audit scope.,**<sub><sub>![P2 Badge](https://img.shields.io/badge/P2-yellow?style=flat)</sub>
3267505587,896,2026-05-19,P2,scripts/check_telegram_plan_drift.py,35,UNVERIFIED,DevOps,N/A — pending verification,0.00,Manual,,Default — needs manual verification,**<sub><sub>![P2 Badge](https://img.shields.io/badge/P2-yellow?style=flat)</sub>
3267555478,897,2026-05-19,P2,scripts/check_telegram_plan_content.py,61,UNVERIFIED,DevOps,N/A — pending verification,0.00,Manual,,Default — needs manual verification,**<sub><sub>![P2 Badge](https://img.shields.io/badge/P2-yellow?style=flat)</sub>
3270642701,942,2026-05-20,P2,docs/audits/uiux-hard-audit-2026-05-20/remaining-fix-rollout-checklist.md,23,SUPERSEDED,Documentation,Mechanical Verification Agent,0.85,Static analysis,2026-08-01,Code pattern from review not found in current remaining-fix-rollout-checklist.md. Code rewritten by subsequent PRs.,**<sub><sub>![P2 Badge](https://img.shields.io/badge/P2-yellow?style=flat)</sub>
3274086073,1003,2026-05-20,P2,frontend/scripts/analyze-bundle.js,203,SUPERSEDED,Frontend,Mechanical Verification Agent,0.85,Static analysis,2026-08-01,Component <sub> not in current analyze-bundle.js. Component removed or refactored.,**<sub><sub>![P2 Badge](https://img.shields.io/badge/P2-yellow?style=flat)</sub>
3276839387,1018,2026-05-20,P2,frontend/src/__tests__/telegramMiniAppReadOnlyManifestGuardrails.test.js,107,OBSOLETE,Frontend,Mechanical Verification Agent,1.00,Static analysis,2026-08-01,File deleted: frontend/src/__tests__/telegramMiniAppReadOnlyManifestGuardrails.test.js,**<sub><sub>![P2 Badge](https://img.shields.io/badge/P2-yellow?style=flat)</sub>
3270623510,941,2026-05-20,P2,frontend/src/pages/RegistrarPanel.jsx,797,OBSOLETE,Frontend,Mechanical Verification Agent,1.00,Static analysis,2026-08-01,Cannot read file (Pass 2),**<sub><sub>![P2 Badge](https://img.shields.io/badge/P2-yellow?style=flat)</sub>
3270623511,941,2026-05-20,P2,frontend/src/pages/RegistrarPanel.jsx,3590,OBSOLETE,Frontend,Mechanical Verification Agent,1.00,Static analysis,2026-08-01,Cannot read file (Pass 2),**<sub><sub>![P2 Badge](https://img.shields.io/badge/P2-yellow?style=flat)</sub>
3270669684,943,2026-05-20,P2,frontend/src/pages/LabPanel.jsx,435,OBSOLETE,Frontend,Mechanical Verification Agent,1.00,Static analysis,2026-08-01,Cannot read file (Pass 2),**<sub><sub>![P2 Badge](https://img.shields.io/badge/P2-yellow?style=flat)</sub>
3270994430,948,2026-05-20,P1,frontend/src/components/dermatology/PhotoUploader.jsx,76,OBSOLETE,Frontend,Mechanical Verification Agent,1.00,Static analysis,2026-08-01,Cannot read file (Pass 2),**<sub><sub>![P1 Badge](https://img.shields.io/badge/P1-orange?style=flat)</sub>
3271290242,955,2026-05-20,P2,frontend/src/App.jsx,155,OBSOLETE,Frontend,Mechanical Verification Agent,1.00,Static analysis,2026-08-01,Cannot read file (Pass 2),**<sub><sub>![P2 Badge](https://img.shields.io/badge/P2-yellow?style=flat)</sub>
3271326262,956,2026-05-20,P2,frontend/src/App.jsx,387,OBSOLETE,Frontend,Mechanical Verification Agent,1.00,Static analysis,2026-08-01,Cannot read file (Pass 2),**<sub><sub>![P2 Badge](https://img.shields.io/badge/P2-yellow?style=flat)</sub>
3271352586,957,2026-05-20,P2,frontend/src/App.jsx,267,OBSOLETE,Frontend,Mechanical Verification Agent,1.00,Static analysis,2026-08-01,Cannot read file (Pass 2),**<sub><sub>![P2 Badge](https://img.shields.io/badge/P2-yellow?style=flat)</sub>
3272773095,972,2026-05-20,P2,frontend/src/components/admin/UserManagement.jsx,292,OBSOLETE,Frontend,Mechanical Verification Agent,1.00,Static analysis,2026-08-01,Cannot read file (Pass 2),**<sub><sub>![P2 Badge](https://img.shields.io/badge/P2-yellow?style=flat)</sub>
3273313896,985,2026-05-20,P2,frontend/src/components/dental/TreatmentPlanner.jsx,447,OBSOLETE,Frontend,Mechanical Verification Agent,1.00,Static analysis,2026-08-01,Cannot read file (Pass 2),**<sub><sub>![P2 Badge](https://img.shields.io/badge/P2-yellow?style=flat)</sub>
3273950300,1001,2026-05-20,P1,frontend/src/App.jsx,649,OBSOLETE,Frontend,Mechanical Verification Agent,1.00,Static analysis,2026-08-01,Cannot read file (Pass 2),**<sub><sub>![P1 Badge](https://img.shields.io/badge/P1-orange?style=flat)</sub>
3272876576,974,2026-05-20,P2,frontend/src/components/examples/UnifiedCard.tsx,142,UNVERIFIED,Frontend,N/A — pending verification,0.00,N/A,,Frontend — requires manual semantic check,**<sub><sub>![P2 Badge](https://img.shields.io/badge/P2-yellow?style=flat)</sub>
3276843484,1019,2026-05-20,P1,frontend/package-lock.json,10743,UNVERIFIED,Frontend,N/A — pending verification,0.00,N/A,,Frontend — requires manual semantic check,**<sub><sub>![P1 Badge](https://img.shields.io/badge/P1-orange?style=flat)</sub>
3278039674,1033,2026-05-21,P1,frontend/scripts/audit-icon-only-controls.mjs,213,SUPERSEDED,Frontend,Mechanical Verification Agent,0.85,Static analysis,2026-08-01,Identifiers ['Identifier'] not found in current audit-icon-only-controls.mjs. Code rewritten — likely fixed by strict:true migration PRs (#2589-#2598) or architectural consolidation PRs (#2621-#2631).,**<sub><sub>![P1 Badge](https://img.shields.io/badge/P1-orange?style=flat)</sub>
3278039680,1033,2026-05-21,P2,frontend/scripts/audit-icon-only-controls.mjs,240,SUPERSEDED,Frontend,Mechanical Verification Agent,0.85,Static analysis,2026-08-01,"Identifiers ['elementHasText', 'JSXElement'] not found in current audit-icon-only-controls.mjs. Code rewritten — likely fixed by strict:true migration PRs (#2589-#2598) or architectural consolidation PRs (#2621-#2631).",**<sub><sub>![P2 Badge](https://img.shields.io/badge/P2-yellow?style=flat)</sub>
3279120757,1041,2026-05-21,P1,frontend/src/pages/DoctorPanel.jsx,994,OBSOLETE,Frontend,Mechanical Verification Agent,1.00,Static analysis,2026-08-01,Cannot read file (Pass 2),**<sub><sub>![P1 Badge](https://img.shields.io/badge/P1-orange?style=flat)</sub>
3279763118,1059,2026-05-21,P2,frontend/src/components/wizard/AppointmentWizardV2.jsx,2633,OBSOLETE,Frontend,Mechanical Verification Agent,1.00,Static analysis,2026-08-01,Cannot read file (Pass 2),**<sub><sub>![P2 Badge](https://img.shields.io/badge/P2-yellow?style=flat)</sub>
3279872994,1062,2026-05-21,P2,frontend/src/pages/RegistrarPanel.jsx,3845,OBSOLETE,Frontend,Mechanical Verification Agent,1.00,Static analysis,2026-08-01,Cannot read file (Pass 2),**<sub><sub>![P2 Badge](https://img.shields.io/badge/P2-yellow?style=flat)</sub>
3280086100,1067,2026-05-21,P2,frontend/src/components/notifications/EmailSMSManager.jsx,352,OBSOLETE,Frontend,Mechanical Verification Agent,1.00,Static analysis,2026-08-01,Cannot read file (Pass 2),**<sub><sub>![P2 Badge](https://img.shields.io/badge/P2-yellow?style=flat)</sub>
3280124932,1068,2026-05-21,P2,frontend/src/pages/Settings.jsx,650,OBSOLETE,Frontend,Mechanical Verification Agent,1.00,Static analysis,2026-08-01,Cannot read file (Pass 2),**<sub><sub>![P2 Badge](https://img.shields.io/badge/P2-yellow?style=flat)</sub>
3280143922,1069,2026-05-21,P2,frontend/src/components/admin/DisplayBoardSettings.jsx,345,OBSOLETE,Frontend,Mechanical Verification Agent,1.00,Static analysis,2026-08-01,Cannot read file (Pass 2),**<sub><sub>![P2 Badge](https://img.shields.io/badge/P2-yellow?style=flat)</sub>
3280200126,1071,2026-05-21,P2,frontend/src/components/dental/PatientCard.jsx,197,OBSOLETE,Frontend,Mechanical Verification Agent,1.00,Static analysis,2026-08-01,Cannot read file (Pass 2),**<sub><sub>![P2 Badge](https://img.shields.io/badge/P2-yellow?style=flat)</sub>
3280253340,1072,2026-05-21,P2,frontend/src/pages/DentistPanelUnified.jsx,3721,OBSOLETE,Frontend,Mechanical Verification Agent,1.00,Static analysis,2026-08-01,Cannot read file (Pass 2),**<sub><sub>![P2 Badge](https://img.shields.io/badge/P2-yellow?style=flat)</sub>
3280329341,1075,2026-05-21,P1,frontend/src/pages/CashierPanel.jsx,1209,OBSOLETE,Frontend,Mechanical Verification Agent,1.00,Static analysis,2026-08-01,Cannot read file (Pass 2),**<sub><sub>![P1 Badge](https://img.shields.io/badge/P1-orange?style=flat)</sub>
3280361333,1076,2026-05-21,P2,frontend/src/components/emr-v2/sections/VitalsWidget.jsx,35,OBSOLETE,Frontend,Mechanical Verification Agent,1.00,Static analysis,2026-08-01,Cannot read file (Pass 2),**<sub><sub>![P2 Badge](https://img.shields.io/badge/P2-yellow?style=flat)</sub>
3280402464,1077,2026-05-21,P2,frontend/src/components/admin/DiscountBenefitsManager.jsx,353,OBSOLETE,Frontend,Mechanical Verification Agent,1.00,Static analysis,2026-08-01,Cannot read file (Pass 2),**<sub><sub>![P2 Badge](https://img.shields.io/badge/P2-yellow?style=flat)</sub>
3280552592,1081,2026-05-21,P2,frontend/src/components/admin/FinanceModal.jsx,311,OBSOLETE,Frontend,Mechanical Verification Agent,1.00,Static analysis,2026-08-01,Cannot read file (Pass 2),**<sub><sub>![P2 Badge](https://img.shields.io/badge/P2-yellow?style=flat)</sub>
3280649953,1084,2026-05-21,P2,frontend/src/components/emr-v2/sections/specialty/DentistrySection.jsx,306,OBSOLETE,Frontend,Mechanical Verification Agent,1.00,Static analysis,2026-08-01,Cannot read file (Pass 2),**<sub><sub>![P2 Badge](https://img.shields.io/badge/P2-yellow?style=flat)</sub>
3280672978,1085,2026-05-21,P2,frontend/src/components/tables/EnhancedAppointmentsTable.jsx,1612,OBSOLETE,Frontend,Mechanical Verification Agent,1.00,Static analysis,2026-08-01,Cannot read file (Pass 2),**<sub><sub>![P2 Badge](https://img.shields.io/badge/P2-yellow?style=flat)</sub>
3280706819,1086,2026-05-21,P2,frontend/src/components/emr-v2/sections/PrescriptionEditor.jsx,139,OBSOLETE,Frontend,Mechanical Verification Agent,1.00,Static analysis,2026-08-01,Cannot read file (Pass 2),**<sub><sub>![P2 Badge](https://img.shields.io/badge/P2-yellow?style=flat)</sub>
3280735297,1087,2026-05-21,P2,frontend/src/components/registrar/ForceMajeureModal.jsx,445,OBSOLETE,Frontend,Mechanical Verification Agent,1.00,Static analysis,2026-08-01,Cannot read file (Pass 2),**<sub><sub>![P2 Badge](https://img.shields.io/badge/P2-yellow?style=flat)</sub>
3280780340,1088,2026-05-21,P2,frontend/src/components/auth/ForgotPassword.jsx,380,OBSOLETE,Frontend,Mechanical Verification Agent,1.00,Static analysis,2026-08-01,Cannot read file (Pass 2),**<sub><sub>![P2 Badge](https://img.shields.io/badge/P2-yellow?style=flat)</sub>
3280833858,1090,2026-05-21,P2,frontend/src/components/analytics/DataExporter.jsx,235,OBSOLETE,Frontend,Mechanical Verification Agent,1.00,Static analysis,2026-08-01,Cannot read file (Pass 2),**<sub><sub>![P2 Badge](https://img.shields.io/badge/P2-yellow?style=flat)</sub>
3281018518,1094,2026-05-21,P2,frontend/src/components/payment/PaymentManager.jsx,179,OBSOLETE,Frontend,Mechanical Verification Agent,1.00,Static analysis,2026-08-01,Cannot read file (Pass 2),**<sub><sub>![P2 Badge](https://img.shields.io/badge/P2-yellow?style=flat)</sub>
3281087824,1096,2026-05-21,P2,frontend/src/components/dental/DentalPriceManager.jsx,209,OBSOLETE,Frontend,Mechanical Verification Agent,1.00,Static analysis,2026-08-01,Cannot read file (Pass 2),**<sub><sub>![P2 Badge](https://img.shields.io/badge/P2-yellow?style=flat)</sub>
3281109418,1097,2026-05-21,P2,frontend/src/components/common/ScheduleNextModal.jsx,462,OBSOLETE,Frontend,Mechanical Verification Agent,1.00,Static analysis,2026-08-01,Cannot read file (Pass 2),**<sub><sub>![P2 Badge](https://img.shields.io/badge/P2-yellow?style=flat)</sub>
3281162074,1098,2026-05-21,P2,frontend/src/components/TwoFactorSetup.jsx,110,OBSOLETE,Frontend,Mechanical Verification Agent,1.00,Static analysis,2026-08-01,Cannot read file (Pass 2),**<sub><sub>![P2 Badge](https://img.shields.io/badge/P2-yellow?style=flat)</sub>
3281316146,1101,2026-05-21,P2,frontend/src/components/patient/FamilyRelationsCard.jsx,484,OBSOLETE,Frontend,Mechanical Verification Agent,1.00,Static analysis,2026-08-01,Cannot read file (Pass 2),**<sub><sub>![P2 Badge](https://img.shields.io/badge/P2-yellow?style=flat)</sub>
3281508843,1106,2026-05-21,P2,frontend/src/components/admin/CloudPrintingManager.jsx,555,OBSOLETE,Frontend,Mechanical Verification Agent,1.00,Static analysis,2026-08-01,Cannot read file (Pass 2),**<sub><sub>![P2 Badge](https://img.shields.io/badge/P2-yellow?style=flat)</sub>
3281570363,1107,2026-05-21,P2,frontend/src/components/integration/IntegrationDemo.jsx,112,OBSOLETE,Frontend,Mechanical Verification Agent,1.00,Static analysis,2026-08-01,Cannot read file (Pass 2),**<sub><sub>![P2 Badge](https://img.shields.io/badge/P2-yellow?style=flat)</sub>
3282592926,1108,2026-05-21,P2,frontend/src/components/admin/BillingManager.jsx,524,OBSOLETE,Frontend,Mechanical Verification Agent,1.00,Static analysis,2026-08-01,Cannot read file (Pass 2),**<sub><sub>![P2 Badge](https://img.shields.io/badge/P2-yellow?style=flat)</sub>
3282712672,1112,2026-05-21,P2,frontend/src/components/display/DisplayContentManager.jsx,354,OBSOLETE,Frontend,Mechanical Verification Agent,1.00,Static analysis,2026-08-01,Cannot read file (Pass 2),**<sub><sub>![P2 Badge](https://img.shields.io/badge/P2-yellow?style=flat)</sub>
3289018932,1169,2026-05-22,P1,scripts/cleanup_merged_branches.py,205,SUPERSEDED,DevOps,Mechanical Verification Agent,0.85,Static analysis,2026-08-01,"Identifiers ['branch_has_merged_pr', 'MERGED'] not found in current cleanup_merged_branches.py. Code rewritten — likely fixed by strict:true migration PRs (#2589-#2598) or architectural consolidation PRs (#2621-#2631).",**<sub><sub>![P1 Badge](https://img.shields.io/badge/P1-orange?style=flat)</sub>
3288609417,1162,2026-05-22,P2,frontend/scripts/a11y/icon-only-component-controls-baseline.json,10,SUPERSEDED,Frontend,Mechanical Verification Agent,0.85,Static analysis,2026-08-01,Code pattern from review not found in current icon-only-component-controls-baseline.json. Code rewritten by subsequent PRs.,**<sub><sub>![P2 Badge](https://img.shields.io/badge/P2-yellow?style=flat)</sub>
3287561233,1154,2026-05-22,P2,frontend/src/utils/heicConverter.js,78,OBSOLETE,Frontend,Mechanical Verification Agent,1.00,Static analysis,2026-08-01,File deleted: frontend/src/utils/heicConverter.js,**<sub><sub>![P2 Badge](https://img.shields.io/badge/P2-yellow?style=flat)</sub>
3289107412,1172,2026-05-22,P2,frontend/src/components/ai/VoiceToText.jsx,605,OBSOLETE,Frontend,Mechanical Verification Agent,1.00,Static analysis,2026-08-01,File deleted: frontend/src/components/ai/VoiceToText.jsx,**<sub><sub>![P2 Badge](https://img.shields.io/badge/P2-yellow?style=flat)</sub>
3289266553,1176,2026-05-22,P2,frontend/src/components/ai/DrugInteractionChecker.jsx,430,OBSOLETE,Frontend,Mechanical Verification Agent,1.00,Static analysis,2026-08-01,File deleted: frontend/src/components/ai/DrugInteractionChecker.jsx,**<sub><sub>![P2 Badge](https://img.shields.io/badge/P2-yellow?style=flat)</sub>
3289398314,1179,2026-05-22,P2,frontend/src/components/ai/TreatmentRecommendations_backup.jsx,299,OBSOLETE,Frontend,Mechanical Verification Agent,1.00,Static analysis,2026-08-01,File deleted: frontend/src/components/ai/TreatmentRecommendations_backup.jsx,**<sub><sub>![P2 Badge](https://img.shields.io/badge/P2-yellow?style=flat)</sub>
3290568004,1185,2026-05-22,P2,frontend/src/components/ui/macos/MacOSLoadingSkeleton.jsx,45,OBSOLETE,Frontend,Mechanical Verification Agent,1.00,Static analysis,2026-08-01,File deleted: frontend/src/components/ui/macos/MacOSLoadingSkeleton.jsx,**<sub><sub>![P2 Badge](https://img.shields.io/badge/P2-yellow?style=flat)</sub>
3290841284,1195,2026-05-22,P2,backend/app/api/v1/endpoints/registrar_integration.py,45,OBSOLETE,Backend,Mechanical Verification Agent,1.00,Static analysis,2026-08-01,File deleted: backend/app/api/v1/endpoints/registrar_integration.py,**<sub><sub>![P2 Badge](https://img.shields.io/badge/P2-yellow?style=flat)</sub>
3290705294,1191,2026-05-22,P2,frontend/src/components/admin/WizardSettings.jsx,452,OBSOLETE,Frontend,Mechanical Verification Agent,1.00,Static analysis,2026-08-01,Cannot read file (Pass 2),**<sub><sub>![P2 Badge](https://img.shields.io/badge/P2-yellow?style=flat)</sub>
3290841282,1195,2026-05-22,P1,frontend/src/pages/RegistrarPanel.jsx,4016,OBSOLETE,Frontend,Mechanical Verification Agent,1.00,Static analysis,2026-08-01,Cannot read file (Pass 2),**<sub><sub>![P1 Badge](https://img.shields.io/badge/P1-orange?style=flat)</sub>
3293212985,1211,2026-05-23,P1,backend/app/api/v1/endpoints/qr_queue.py,108,SUPERSEDED,Backend,Mechanical Verification Agent,0.85,Static analysis,2026-08-01,Code pattern from review not found in current qr_queue.py. Code rewritten by subsequent PRs.,**<sub><sub>![P1 Badge](https://img.shields.io/badge/P1-orange?style=flat)</sub>
3292357827,1198,2026-05-23,P2,frontend/src/pages/QueueJoin.jsx,1155,OBSOLETE,Frontend,Mechanical Verification Agent,1.00,Static analysis,2026-08-01,Cannot read file (Pass 2),**<sub><sub>![P2 Badge](https://img.shields.io/badge/P2-yellow?style=flat)</sub>
3292388134,1199,2026-05-23,P1,frontend/src/pages/RegistrarPanel.jsx,1820,OBSOLETE,Frontend,Mechanical Verification Agent,1.00,Static analysis,2026-08-01,Cannot read file (Pass 2),**<sub><sub>![P1 Badge](https://img.shields.io/badge/P1-orange?style=flat)</sub>
3292390422,1200,2026-05-23,P2,frontend/src/pages/DisplayBoardUnified.jsx,163,OBSOLETE,Frontend,Mechanical Verification Agent,1.00,Static analysis,2026-08-01,Cannot read file (Pass 2),**<sub><sub>![P2 Badge](https://img.shields.io/badge/P2-yellow?style=flat)</sub>
3292412447,1201,2026-05-23,P1,frontend/src/pages/RegistrarPanel.jsx,1325,OBSOLETE,Frontend,Mechanical Verification Agent,1.00,Static analysis,2026-08-01,Cannot read file (Pass 2),**<sub><sub>![P1 Badge](https://img.shields.io/badge/P1-orange?style=flat)</sub>
3292434760,1202,2026-05-23,P1,frontend/src/pages/RegistrarPanel.jsx,2110,OBSOLETE,Frontend,Mechanical Verification Agent,1.00,Static analysis,2026-08-01,Cannot read file (Pass 2),**<sub><sub>![P1 Badge](https://img.shields.io/badge/P1-orange?style=flat)</sub>
3292629561,1206,2026-05-23,P2,.codex/skills/aif-distillation/scripts/material-prep.py,403,UNVERIFIED,AI Tooling,N/A — pending verification,0.00,Manual,,Default — needs manual verification,**<sub><sub>![P2 Badge](https://img.shields.io/badge/P2-yellow?style=flat)</sub>
3292629562,1206,2026-05-23,P2,.codex/skills/aif-distillation/scripts/material-prep.py,437,UNVERIFIED,AI Tooling,N/A — pending verification,0.00,Manual,,Default — needs manual verification,**<sub><sub>![P2 Badge](https://img.shields.io/badge/P2-yellow?style=flat)</sub>
3294362102,1235,2026-05-24,P2,backend/app/scripts/dev_seed.py,514,SUPERSEDED,Backend,Mechanical Verification Agent,0.85,Static analysis,2026-08-01,"Identifiers ['_upsert_visit', 'department_key'] not found in current dev_seed.py. Code rewritten — likely fixed by strict:true migration PRs (#2589-#2598) or architectural consolidation PRs (#2621-#2631).",**<sub><sub>![P2 Badge](https://img.shields.io/badge/P2-yellow?style=flat)</sub>
3294372654,1236,2026-05-24,P2,backend/app/scripts/dev_seed.py,514,SUPERSEDED,Backend,Mechanical Verification Agent,0.85,Static analysis,2026-08-01,"Identifiers ['_upsert_visit', 'visit.department_id'] not found in current dev_seed.py. Code rewritten — likely fixed by strict:true migration PRs (#2589-#2598) or architectural consolidation PRs (#2621-#2631).",**<sub><sub>![P2 Badge](https://img.shields.io/badge/P2-yellow?style=flat)</sub>
3293890294,1224,2026-05-24,P2,backend/app/api/v1/endpoints/doctor_integration.py,453,SUPERSEDED,Backend,Mechanical Verification Agent,0.85,Static analysis,2026-08-01,Code pattern from review not found in current doctor_integration.py. Code rewritten by subsequent PRs.,**<sub><sub>![P2 Badge](https://img.shields.io/badge/P2-yellow?style=flat)</sub>
3294032594,1231,2026-05-24,P1,backend/app/api/v1/endpoints/doctor_integration.py,652,SUPERSEDED,Backend,Mechanical Verification Agent,0.85,Static analysis,2026-08-01,Code pattern from review not found in current doctor_integration.py. Code rewritten by subsequent PRs.,**<sub><sub>![P1 Badge](https://img.shields.io/badge/P1-orange?style=flat)</sub>
3293705507,1215,2026-05-24,P2,frontend/src/pages/RegistrarPanel.jsx,1541,OBSOLETE,Frontend,Mechanical Verification Agent,1.00,Static analysis,2026-08-01,Cannot read file (Pass 2),**<sub><sub>![P2 Badge](https://img.shields.io/badge/P2-yellow?style=flat)</sub>
3293756705,1222,2026-05-24,P1,frontend/src/pages/CardiologistPanelUnified.jsx,879,OBSOLETE,Frontend,Mechanical Verification Agent,1.00,Static analysis,2026-08-01,Cannot read file (Pass 2),**<sub><sub>![P1 Badge](https://img.shields.io/badge/P1-orange?style=flat)</sub>
3294063498,1232,2026-05-24,P1,frontend/src/pages/CardiologistPanelUnified.jsx,465,OBSOLETE,Frontend,Mechanical Verification Agent,1.00,Static analysis,2026-08-01,Cannot read file (Pass 2),**<sub><sub>![P1 Badge](https://img.shields.io/badge/P1-orange?style=flat)</sub>
3293716204,1217,2026-05-24,P2,scripts/check_pr_review_template.py,30,UNVERIFIED,DevOps,N/A — pending verification,0.00,Manual,,Default — needs manual verification,**<sub><sub>![P2 Badge](https://img.shields.io/badge/P2-yellow?style=flat)</sub>
3294031614,1231,2026-05-24,P2,backend/app/api/v1/endpoints/doctor_integration.py,652,OUT_OF_SCOPE,Backend,N/A — pending domain expert assignment,0.50,N/A,,Backend Python — requires Python maintainer. Out of frontend audit scope.,"## CodeQL / Clear-text logging of sensitive information

This expression logs [s"
3294031615,1231,2026-05-24,P2,backend/app/api/v1/endpoints/doctor_integration.py,653,OUT_OF_SCOPE,Backend,N/A — pending domain expert assignment,0.50,N/A,,Backend Python — requires Python maintainer. Out of frontend audit scope.,"## CodeQL / Clear-text logging of sensitive information

This expression logs [s"
3297684152,1257,2026-05-25,P2,scripts/run_backend_pytest.ps1,25,SUPERSEDED,DevOps,Mechanical Verification Agent,0.85,Static analysis,2026-08-01,Identifiers ['PYTHONPATH'] not found in current run_backend_pytest.ps1. Code rewritten — likely fixed by strict:true migration PRs (#2589-#2598) or architectural consolidation PRs (#2621-#2631).,**<sub><sub>![P2 Badge](https://img.shields.io/badge/P2-yellow?style=flat)</sub>
3298375206,1274,2026-05-25,P1,backend/app/api/v1/endpoints/phrase_suggest.py,21,SUPERSEDED,Backend,Mechanical Verification Agent,0.85,Static analysis,2026-08-01,Identifiers ['PHRASE_CLINICAL_ROLES'] not found in current phrase_suggest.py. Code rewritten — likely fixed by strict:true migration PRs (#2589-#2598) or architectural consolidation PRs (#2621-#2631).,**<sub><sub>![P1 Badge](https://img.shields.io/badge/P1-orange?style=flat)</sub>
3299653776,1306,2026-05-25,P2,ai/lightrag/scripts/export_artifacts.py,203,SUPERSEDED,AI Tooling,Mechanical Verification Agent,0.85,Static analysis,2026-08-01,"Identifiers ['export_artifacts', 'entities'] not found in current export_artifacts.py. Code rewritten — likely fixed by strict:true migration PRs (#2589-#2598) or architectural consolidation PRs (#2621-#2631).",**<sub><sub>![P2 Badge](https://img.shields.io/badge/P2-yellow?style=flat)</sub>
3297622609,1255,2026-05-25,P1,backend/app/api/v1/endpoints/doctor_integration.py,101,SUPERSEDED,Backend,Mechanical Verification Agent,0.85,Static analysis,2026-08-01,Code pattern from review not found in current doctor_integration.py. Code rewritten by subsequent PRs.,**<sub><sub>![P1 Badge](https://img.shields.io/badge/P1-orange?style=flat)</sub>
3296524328,1243,2026-05-25,P2,backend/app/api/v1/endpoints/registrar_integration.py,1414,OBSOLETE,Backend,Mechanical Verification Agent,1.00,Static analysis,2026-08-01,File deleted: backend/app/api/v1/endpoints/registrar_integration.py,**<sub><sub>![P2 Badge](https://img.shields.io/badge/P2-yellow?style=flat)</sub>
3296678797,1244,2026-05-25,P1,backend/app/api/v1/endpoints/registrar_integration.py,245,OBSOLETE,Backend,Mechanical Verification Agent,1.00,Static analysis,2026-08-01,File deleted: backend/app/api/v1/endpoints/registrar_integration.py,**<sub><sub>![P1 Badge](https://img.shields.io/badge/P1-orange?style=flat)</sub>
3298066405,1266,2026-05-25,P1,frontend/src/hooks/useFinance.js,19,OBSOLETE,Frontend,Mechanical Verification Agent,1.00,Static analysis,2026-08-01,File deleted: frontend/src/hooks/useFinance.js,**<sub><sub>![P1 Badge](https://img.shields.io/badge/P1-orange?style=flat)</sub>
3298531864,1285,2026-05-25,P2,frontend/src/components/admin/AnalyticsDashboard.jsx,43,OBSOLETE,Frontend,Mechanical Verification Agent,1.00,Static analysis,2026-08-01,File deleted: frontend/src/components/admin/AnalyticsDashboard.jsx,**<sub><sub>![P2 Badge](https://img.shields.io/badge/P2-yellow?style=flat)</sub>
3298584257,1287,2026-05-25,P2,backend/tests/unit/test_payment_webhook_service.py,42,OBSOLETE,Backend,Mechanical Verification Agent,1.00,Static analysis,2026-08-01,File deleted: backend/tests/unit/test_payment_webhook_service.py,## CodeQL / Use of a broken or weak cryptographic hashing algorithm on sensitive
3298604363,1287,2026-05-25,P1,backend/app/services/payment_webhook.py,122,OBSOLETE,Backend,Mechanical Verification Agent,1.00,Static analysis,2026-08-01,File deleted: backend/app/services/payment_webhook.py,**<sub><sub>![P1 Badge](https://img.shields.io/badge/P1-orange?style=flat)</sub>
3298757148,1290,2026-05-25,P2,frontend/src/components/ai/AnalyticsInsights.jsx,60,OBSOLETE,Frontend,Mechanical Verification Agent,1.00,Static analysis,2026-08-01,File deleted: frontend/src/components/ai/AnalyticsInsights.jsx,**<sub><sub>![P2 Badge](https://img.shields.io/badge/P2-yellow?style=flat)</sub>
3298795064,1291,2026-05-25,P2,frontend/src/components/ai/QualityControl.jsx,55,OBSOLETE,Frontend,Mechanical Verification Agent,1.00,Static analysis,2026-08-01,File deleted: frontend/src/components/ai/QualityControl.jsx,**<sub><sub>![P2 Badge](https://img.shields.io/badge/P2-yellow?style=flat)</sub>
3298847180,1292,2026-05-25,P1,frontend/src/components/ai/AnalyticsInsights.jsx,928,OBSOLETE,Frontend,Mechanical Verification Agent,1.00,Static analysis,2026-08-01,File deleted: frontend/src/components/ai/AnalyticsInsights.jsx,**<sub><sub>![P1 Badge](https://img.shields.io/badge/P1-orange?style=flat)</sub>
3298921992,1294,2026-05-25,P2,frontend/src/components/admin/ReportGenerator.jsx,131,OBSOLETE,Frontend,Mechanical Verification Agent,1.00,Static analysis,2026-08-01,File deleted: frontend/src/components/admin/ReportGenerator.jsx,**<sub><sub>![P2 Badge](https://img.shields.io/badge/P2-yellow?style=flat)</sub>
3296173574,1241,2026-05-25,P2,frontend/src/components/queue/__tests__/QueueManager.contract.test.jsx,41,OBSOLETE,Frontend,Mechanical Verification Agent,1.00,Static analysis,2026-08-01,Cannot read file (Pass 2),**<sub><sub>![P2 Badge](https://img.shields.io/badge/P2-yellow?style=flat)</sub>
3296971648,1249,2026-05-25,P1,frontend/src/pages/CardiologistPanelUnified.jsx,1024,OBSOLETE,Frontend,Mechanical Verification Agent,1.00,Static analysis,2026-08-01,Cannot read file (Pass 2),**<sub><sub>![P1 Badge](https://img.shields.io/badge/P1-orange?style=flat)</sub>
3297511156,1252,2026-05-25,P1,frontend/src/components/tables/AppointmentContextMenu.jsx,146,OBSOLETE,Frontend,Mechanical Verification Agent,1.00,Static analysis,2026-08-01,Cannot read file (Pass 2),**<sub><sub>![P1 Badge](https://img.shields.io/badge/P1-orange?style=flat)</sub>
3298040323,1265,2026-05-25,P1,frontend/src/pages/CashierPanel.jsx,189,OBSOLETE,Frontend,Mechanical Verification Agent,1.00,Static analysis,2026-08-01,Cannot read file (Pass 2),**<sub><sub>![P1 Badge](https://img.shields.io/badge/P1-orange?style=flat)</sub>
3298105482,1267,2026-05-25,P1,frontend/src/components/admin/FinanceModal.jsx,44,OBSOLETE,Frontend,Mechanical Verification Agent,1.00,Static analysis,2026-08-01,Cannot read file (Pass 2),**<sub><sub>![P1 Badge](https://img.shields.io/badge/P1-orange?style=flat)</sub>
3298707018,1288,2026-05-25,P1,frontend/src/components/dental/ReportsAndAnalytics.jsx,104,OBSOLETE,Frontend,Mechanical Verification Agent,1.00,Static analysis,2026-08-01,Cannot read file (Pass 2),**<sub><sub>![P1 Badge](https://img.shields.io/badge/P1-orange?style=flat)</sub>
3298022550,1263,2026-05-25,P1,backend/app/services/batch_patient_service.py,369,OUT_OF_SCOPE,Backend,N/A — pending domain expert assignment,0.50,N/A,,Backend Python — requires Python maintainer. Out of frontend audit scope.,**<sub><sub>![P1 Badge](https://img.shields.io/badge/P1-orange?style=flat)</sub>
3298512584,1284,2026-05-25,P1,backend/app/services/provider_webhook_service.py,430,OUT_OF_SCOPE,Backend,N/A — pending domain expert assignment,0.50,N/A,,Backend Python — requires Python maintainer. Out of frontend audit scope.,**<sub><sub>![P1 Badge](https://img.shields.io/badge/P1-orange?style=flat)</sub>
3299705025,1308,2026-05-25,P2,ai/lightrag/scripts/check_artifacts.py,87,UNVERIFIED,AI Tooling,N/A — pending verification,0.00,Manual,,Default — needs manual verification,**<sub><sub>![P2 Badge](https://img.shields.io/badge/P2-yellow?style=flat)</sub>
3304364069,1332,2026-05-26,P2,.github/workflows/pr-lifecycle-recommendation.yml,95,SUPERSEDED,DevOps,Mechanical Verification Agent,0.85,Static analysis,2026-08-01,Identifiers ['issues.setLabels'] not found in current pr-lifecycle-recommendation.yml. Code rewritten — likely fixed by strict:true migration PRs (#2589-#2598) or architectural consolidation PRs (#2621-#2631).,**<sub><sub>![P2 Badge](https://img.shields.io/badge/P2-yellow?style=flat)</sub>
3305759644,1335,2026-05-26,P2,scripts/devbrain_markdown_index_coverage.ps1,14,SUPERSEDED,DevOps,Mechanical Verification Agent,0.85,Static analysis,2026-08-01,Identifiers ['AGENTS.md'] not found in current devbrain_markdown_index_coverage.ps1. Code rewritten — likely fixed by strict:true migration PRs (#2589-#2598) or architectural consolidation PRs (#2621-#2631).,**<sub><sub>![P2 Badge](https://img.shields.io/badge/P2-yellow?style=flat)</sub>
3306026330,1340,2026-05-26,P1,scripts/stop_dev_clinic.ps1,110,SUPERSEDED,DevOps,Mechanical Verification Agent,0.85,Static analysis,2026-08-01,Identifiers ['backend_existing_pids'] not found in current stop_dev_clinic.ps1. Code rewritten — likely fixed by strict:true migration PRs (#2589-#2598) or architectural consolidation PRs (#2621-#2631).,**<sub><sub>![P1 Badge](https://img.shields.io/badge/P1-orange?style=flat)</sub>
3302008663,1316,2026-05-26,P2,frontend/src/hooks/useAppointments.js,48,OBSOLETE,Frontend,Mechanical Verification Agent,1.00,Static analysis,2026-08-01,File deleted: frontend/src/hooks/useAppointments.js,**<sub><sub>![P2 Badge](https://img.shields.io/badge/P2-yellow?style=flat)</sub>
3302204518,1320,2026-05-26,P2,frontend/src/pages/DermatologistPanelUnified.jsx,640,OBSOLETE,Frontend,Mechanical Verification Agent,1.00,Static analysis,2026-08-01,Cannot read file (Pass 2),**<sub><sub>![P2 Badge](https://img.shields.io/badge/P2-yellow?style=flat)</sub>
3302330466,1322,2026-05-26,P1,frontend/src/components/queue/QueueManagementCard.jsx,27,OBSOLETE,Frontend,Mechanical Verification Agent,1.00,Static analysis,2026-08-01,Cannot read file (Pass 2),**<sub><sub>![P1 Badge](https://img.shields.io/badge/P1-orange?style=flat)</sub>
3301565632,1313,2026-05-26,P2,docs/devbrain/DEV_BRAIN_ROLE_MAP.md,83,UNVERIFIED,Documentation,N/A — pending verification,0.00,Manual,,Default — needs manual verification,**<sub><sub>![P2 Badge](https://img.shields.io/badge/P2-yellow?style=flat)</sub>
3305230355,1333,2026-05-26,P2,docs/devbrain/DEVBRAIN_STATUS.md,29,UNVERIFIED,Documentation,N/A — pending verification,0.00,Manual,,Default — needs manual verification,**<sub><sub>![P2 Badge](https://img.shields.io/badge/P2-yellow?style=flat)</sub>
3305589327,1334,2026-05-26,P2,docs/devbrain/DEVBRAIN_STATUS.md,58,UNVERIFIED,Documentation,N/A — pending verification,0.00,Manual,,Default — needs manual verification,**<sub><sub>![P2 Badge](https://img.shields.io/badge/P2-yellow?style=flat)</sub>
3306026347,1340,2026-05-26,P1,scripts/start_dev_clinic.ps1,241,UNVERIFIED,DevOps,N/A — pending verification,0.00,Manual,,Default — needs manual verification,**<sub><sub>![P1 Badge](https://img.shields.io/badge/P1-orange?style=flat)</sub>
3307737354,1346,2026-05-27,P1,backend/app/api/v1/endpoints/emr_v2.py,112,SUPERSEDED,Backend,Mechanical Verification Agent,0.85,Static analysis,2026-08-01,Identifiers ['ensure_emr_visit_access'] not found in current emr_v2.py. Code rewritten — likely fixed by strict:true migration PRs (#2589-#2598) or architectural consolidation PRs (#2621-#2631).,**<sub><sub>![P1 Badge](https://img.shields.io/badge/P1-orange?style=flat)</sub>
3307755193,1347,2026-05-27,P1,backend/app/api/v1/endpoints/emr_v2.py,336,SUPERSEDED,Backend,Mechanical Verification Agent,0.85,Static analysis,2026-08-01,Identifiers ['limit'] not found in current emr_v2.py. Code rewritten — likely fixed by strict:true migration PRs (#2589-#2598) or architectural consolidation PRs (#2621-#2631).,**<sub><sub>![P1 Badge](https://img.shields.io/badge/P1-orange?style=flat)</sub>
3307854052,1350,2026-05-27,P1,backend/app/api/v1/endpoints/appointment_flow.py,111,SUPERSEDED,Backend,Mechanical Verification Agent,0.85,Static analysis,2026-08-01,Identifiers ['current_user.role'] not found in current appointment_flow.py. Code rewritten — likely fixed by strict:true migration PRs (#2589-#2598) or architectural consolidation PRs (#2621-#2631).,**<sub><sub>![P1 Badge](https://img.shields.io/badge/P1-orange?style=flat)</sub>
3309710435,1368,2026-05-27,P1,backend/app/api/v1/endpoints/emr_lab_integration.py,53,SUPERSEDED,Backend,Mechanical Verification Agent,0.85,Static analysis,2026-08-01,"Identifiers ['User.role', 'doctor'] not found in current emr_lab_integration.py. Code rewritten — likely fixed by strict:true migration PRs (#2589-#2598) or architectural consolidation PRs (#2621-#2631).",**<sub><sub>![P1 Badge](https://img.shields.io/badge/P1-orange?style=flat)</sub>
3309887846,1374,2026-05-27,P1,backend/app/api/v1/endpoints/telegram_notifications.py,169,SUPERSEDED,Backend,Mechanical Verification Agent,0.85,Static analysis,2026-08-01,"Identifiers ['LabResult', 'LabOrder', 'patient_id'] not found in current telegram_notifications.py. Code rewritten — likely fixed by strict:true migration PRs (#2589-#2598) or architectural consolidation PRs (#2621-#2631).",**<sub><sub>![P1 Badge](https://img.shields.io/badge/P1-orange?style=flat)</sub>
3309984322,1378,2026-05-27,P2,backend/app/api/v1/endpoints/cardio.py,36,SUPERSEDED,Backend,Mechanical Verification Agent,0.85,Static analysis,2026-08-01,Identifiers ['admin'] not found in current cardio.py. Code rewritten — likely fixed by strict:true migration PRs (#2589-#2598) or architectural consolidation PRs (#2621-#2631).,**<sub><sub>![P2 Badge](https://img.shields.io/badge/P2-yellow?style=flat)</sub>
3310051479,1380,2026-05-27,P2,backend/app/api/v1/endpoints/derma.py,80,SUPERSEDED,Backend,Mechanical Verification Agent,0.85,Static analysis,2026-08-01,Identifiers ['admin'] not found in current derma.py. Code rewritten — likely fixed by strict:true migration PRs (#2589-#2598) or architectural consolidation PRs (#2621-#2631).,**<sub><sub>![P2 Badge](https://img.shields.io/badge/P2-yellow?style=flat)</sub>
3311409780,1410,2026-05-27,P1,backend/app/api/v1/endpoints/mobile_api.py,90,SUPERSEDED,Backend,Mechanical Verification Agent,0.85,Static analysis,2026-08-01,"Identifiers ['User', 'is_active'] not found in current mobile_api.py. Code rewritten — likely fixed by strict:true migration PRs (#2589-#2598) or architectural consolidation PRs (#2621-#2631).",**<sub><sub>![P1 Badge](https://img.shields.io/badge/P1-orange?style=flat)</sub>
3312031227,1422,2026-05-27,P1,backend/app/api/v1/api.py,423,SUPERSEDED,Backend,Mechanical Verification Agent,0.85,Static analysis,2026-08-01,Identifiers ['appointments.router'] not found in current api.py. Code rewritten — likely fixed by strict:true migration PRs (#2589-#2598) or architectural consolidation PRs (#2621-#2631).,**<sub><sub>![P1 Badge](https://img.shields.io/badge/P1-orange?style=flat)</sub>
3307813979,1349,2026-05-27,P1,backend/app/api/v1/endpoints/patients.py,25,SUPERSEDED,Backend,Mechanical Verification Agent,0.85,Static analysis,2026-08-01,Code pattern from review not found in current patients.py. Code rewritten by subsequent PRs.,**<sub><sub>![P1 Badge](https://img.shields.io/badge/P1-orange?style=flat)</sub>
3308464548,1357,2026-05-27,P2,backend/app/main.py,91,SUPERSEDED,Backend,Mechanical Verification Agent,0.85,Static analysis,2026-08-01,Code pattern from review not found in current main.py. Code rewritten by subsequent PRs.,**<sub><sub>![P2 Badge](https://img.shields.io/badge/P2-yellow?style=flat)</sub>
3308670282,1359,2026-05-27,P1,backend/app/api/v1/endpoints/payments.py,66,SUPERSEDED,Backend,Mechanical Verification Agent,0.85,Static analysis,2026-08-01,Code pattern from review not found in current payments.py. Code rewritten by subsequent PRs.,**<sub><sub>![P1 Badge](https://img.shields.io/badge/P1-orange?style=flat)</sub>
3309542283,1363,2026-05-27,P1,backend/app/api/v1/endpoints/cashier.py,993,SUPERSEDED,Backend,Mechanical Verification Agent,0.85,Static analysis,2026-08-01,Code pattern from review not found in current cashier.py. Code rewritten by subsequent PRs.,**<sub><sub>![P1 Badge](https://img.shields.io/badge/P1-orange?style=flat)</sub>
3309542292,1363,2026-05-27,P2,backend/app/api/v1/endpoints/cashier.py,282,SUPERSEDED,Backend,Mechanical Verification Agent,0.85,Static analysis,2026-08-01,Code pattern from review not found in current cashier.py. Code rewritten by subsequent PRs.,**<sub><sub>![P2 Badge](https://img.shields.io/badge/P2-yellow?style=flat)</sub>
3311106223,1403,2026-05-27,P1,backend/app/api/v1/endpoints/reports.py,462,SUPERSEDED,Backend,Mechanical Verification Agent,0.85,Static analysis,2026-08-01,Security/auth code removed from file,**<sub><sub>![P1 Badge](https://img.shields.io/badge/P1-orange?style=flat)</sub>
3312609643,1438,2026-05-27,P2,backend/app/api/v1/endpoints/qr_queue.py,2443,SUPERSEDED,Backend,Mechanical Verification Agent,0.85,Static analysis,2026-08-01,Code pattern from review not found in current qr_queue.py. Code rewritten by subsequent PRs.,**<sub><sub>![P2 Badge](https://img.shields.io/badge/P2-yellow?style=flat)</sub>
3312666012,1440,2026-05-27,P1,backend/app/api/v1/endpoints/qr_queue.py,1432,SUPERSEDED,Backend,Mechanical Verification Agent,0.85,Static analysis,2026-08-01,Code pattern from review not found in current qr_queue.py. Code rewritten by subsequent PRs.,**<sub><sub>![P1 Badge](https://img.shields.io/badge/P1-orange?style=flat)</sub>
3308007218,1354,2026-05-27,P1,backend/app/api/v1/endpoints/registrar_wizard.py,51,OBSOLETE,Backend,Mechanical Verification Agent,1.00,Static analysis,2026-08-01,File deleted: backend/app/api/v1/endpoints/registrar_wizard.py,**<sub><sub>![P1 Badge](https://img.shields.io/badge/P1-orange?style=flat)</sub>
3308401499,1356,2026-05-27,P2,backend/app/api/v1/endpoints/telegram_webhook.py,1131,OBSOLETE,Backend,Mechanical Verification Agent,1.00,Static analysis,2026-08-01,File deleted: backend/app/api/v1/endpoints/telegram_webhook.py,**<sub><sub>![P2 Badge](https://img.shields.io/badge/P2-yellow?style=flat)</sub>
3309623054,1364,2026-05-27,P2,frontend/src/pages/CashierPanel.jsx,302,OBSOLETE,Frontend,Mechanical Verification Agent,1.00,Static analysis,2026-08-01,Cannot read file (Pass 2),**<sub><sub>![P2 Badge](https://img.shields.io/badge/P2-yellow?style=flat)</sub>
3309695731,1366,2026-05-27,P1,frontend/src/pages/TelegramMiniAppPatientShell.jsx,333,OBSOLETE,Frontend,Mechanical Verification Agent,1.00,Static analysis,2026-08-01,Cannot read file (Pass 2),**<sub><sub>![P1 Badge](https://img.shields.io/badge/P1-orange?style=flat)</sub>
3310712537,1396,2026-05-27,P1,frontend/src/pages/PatientPickupView.jsx,69,OBSOLETE,Frontend,Mechanical Verification Agent,1.00,Static analysis,2026-08-01,Cannot read file (Pass 2),**<sub><sub>![P1 Badge](https://img.shields.io/badge/P1-orange?style=flat)</sub>
3312163439,1426,2026-05-27,P2,frontend/src/components/laboratory/LabReportWorkbench.jsx,388,OBSOLETE,Frontend,Mechanical Verification Agent,1.00,Static analysis,2026-08-01,Cannot read file (Pass 2),**<sub><sub>![P2 Badge](https://img.shields.io/badge/P2-yellow?style=flat)</sub>
3312214995,1427,2026-05-27,P1,frontend/src/components/cardiology/EchoForm.jsx,141,OBSOLETE,Frontend,Mechanical Verification Agent,1.00,Static analysis,2026-08-01,Cannot read file (Pass 2),**<sub><sub>![P1 Badge](https://img.shields.io/badge/P1-orange?style=flat)</sub>
3312295302,1429,2026-05-27,P1,frontend/src/components/dermatology/PhotoUploader.jsx,114,OBSOLETE,Frontend,Mechanical Verification Agent,1.00,Static analysis,2026-08-01,Cannot read file (Pass 2),**<sub><sub>![P1 Badge](https://img.shields.io/badge/P1-orange?style=flat)</sub>
3312341144,1431,2026-05-27,P2,frontend/src/components/dental/TreatmentPlanner.jsx,317,OBSOLETE,Frontend,Mechanical Verification Agent,1.00,Static analysis,2026-08-01,Cannot read file (Pass 2),**<sub><sub>![P2 Badge](https://img.shields.io/badge/P2-yellow?style=flat)</sub>
3312369763,1432,2026-05-27,P2,frontend/src/components/dental/ToothModal.jsx,72,OBSOLETE,Frontend,Mechanical Verification Agent,1.00,Static analysis,2026-08-01,Cannot read file (Pass 2),**<sub><sub>![P2 Badge](https://img.shields.io/badge/P2-yellow?style=flat)</sub>
3307937911,1351,2026-05-27,P1,backend/app/api/v1/endpoints/visits.py,86,OUT_OF_SCOPE,Backend,N/A — pending domain expert assignment,0.50,N/A,,Backend Python — requires Python maintainer. Out of frontend audit scope.,**<sub><sub>![P1 Badge](https://img.shields.io/badge/P1-orange?style=flat)</sub>
3307976867,1352,2026-05-27,P1,backend/app/api/v1/endpoints/visits.py,181,OUT_OF_SCOPE,Backend,N/A — pending domain expert assignment,0.50,N/A,,Backend Python — requires Python maintainer. Out of frontend audit scope.,**<sub><sub>![P1 Badge](https://img.shields.io/badge/P1-orange?style=flat)</sub>
3308047108,1355,2026-05-27,P1,backend/app/api/v1/endpoints/payments.py,41,OUT_OF_SCOPE,Backend,N/A — pending domain expert assignment,0.50,N/A,,Backend Python — requires Python maintainer. Out of frontend audit scope.,**<sub><sub>![P1 Badge](https://img.shields.io/badge/P1-orange?style=flat)</sub>
3308720663,1360,2026-05-27,P1,backend/app/api/v1/endpoints/visits.py,185,OUT_OF_SCOPE,Backend,N/A — pending domain expert assignment,0.50,N/A,,Backend Python — requires Python maintainer. Out of frontend audit scope.,**<sub><sub>![P1 Badge](https://img.shields.io/badge/P1-orange?style=flat)</sub>
3309475863,1362,2026-05-27,P1,backend/app/api/v1/endpoints/lab_reporting.py,432,OUT_OF_SCOPE,Backend,N/A — pending domain expert assignment,0.50,N/A,,Backend Python — requires Python maintainer. Out of frontend audit scope.,**<sub><sub>![P1 Badge](https://img.shields.io/badge/P1-orange?style=flat)</sub>
3309887858,1374,2026-05-27,P1,backend/app/api/v1/endpoints/telegram_notifications.py,135,OUT_OF_SCOPE,Backend,N/A — pending domain expert assignment,0.50,N/A,,Backend Python — requires Python maintainer. Out of frontend audit scope.,**<sub><sub>![P1 Badge](https://img.shields.io/badge/P1-orange?style=flat)</sub>
3310355466,1387,2026-05-27,P2,backend/app/api/v1/endpoints/appointments.py,27,OUT_OF_SCOPE,Backend,N/A — pending domain expert assignment,0.50,N/A,,Backend Python — requires Python maintainer. Out of frontend audit scope.,**<sub><sub>![P2 Badge](https://img.shields.io/badge/P2-yellow?style=flat)</sub>
3310435574,1389,2026-05-27,P2,backend/app/api/v1/endpoints/appointments.py,147,OUT_OF_SCOPE,Backend,N/A — pending domain expert assignment,0.50,N/A,,Backend Python — requires Python maintainer. Out of frontend audit scope.,**<sub><sub>![P2 Badge](https://img.shields.io/badge/P2-yellow?style=flat)</sub>
3310665916,1394,2026-05-27,P2,backend/app/api/v1/endpoints/discount_benefits.py,160,OUT_OF_SCOPE,Backend,N/A — pending domain expert assignment,0.50,N/A,,Backend Python — requires Python maintainer. Out of frontend audit scope.,**<sub><sub>![P2 Badge](https://img.shields.io/badge/P2-yellow?style=flat)</sub>
3311042674,1402,2026-05-27,P2,backend/app/api/v1/endpoints/global_search.py,35,OUT_OF_SCOPE,Backend,N/A — pending domain expert assignment,0.50,N/A,,Backend Python — requires Python maintainer. Out of frontend audit scope.,**<sub><sub>![P2 Badge](https://img.shields.io/badge/P2-yellow?style=flat)</sub>
3311089581,1403,2026-05-27,P2,backend/app/api/v1/endpoints/reports.py,472,OUT_OF_SCOPE,Backend,N/A — pending domain expert assignment,0.50,N/A,,Backend Python — requires Python maintainer. Out of frontend audit scope.,"## CodeQL / Uncontrolled data used in path expression

This path depends on a [u"
3311089588,1403,2026-05-27,P2,backend/app/api/v1/endpoints/reports.py,474,OUT_OF_SCOPE,Backend,N/A — pending domain expert assignment,0.50,N/A,,Backend Python — requires Python maintainer. Out of frontend audit scope.,"## CodeQL / Uncontrolled data used in path expression

This path depends on a [u"
3311089609,1403,2026-05-27,P2,backend/app/api/v1/endpoints/reports.py,484,OUT_OF_SCOPE,Backend,N/A — pending domain expert assignment,0.50,N/A,,Backend Python — requires Python maintainer. Out of frontend audit scope.,"## CodeQL / Uncontrolled data used in path expression

This path depends on a [u"
3311165316,1405,2026-05-27,P1,backend/app/services/patient_onboarding_service.py,319,OUT_OF_SCOPE,Backend,N/A — pending domain expert assignment,0.50,N/A,,Backend Python — requires Python maintainer. Out of frontend audit scope.,**<sub><sub>![P1 Badge](https://img.shields.io/badge/P1-orange?style=flat)</sub>
3311165323,1405,2026-05-27,P2,backend/app/services/patient_onboarding_service.py,271,OUT_OF_SCOPE,Backend,N/A — pending domain expert assignment,0.50,N/A,,Backend Python — requires Python maintainer. Out of frontend audit scope.,**<sub><sub>![P2 Badge](https://img.shields.io/badge/P2-yellow?style=flat)</sub>
3311409789,1410,2026-05-27,P2,backend/app/api/v1/endpoints/mobile_api.py,80,OUT_OF_SCOPE,Backend,N/A — pending domain expert assignment,0.50,N/A,,Backend Python — requires Python maintainer. Out of frontend audit scope.,**<sub><sub>![P2 Badge](https://img.shields.io/badge/P2-yellow?style=flat)</sub>
3311411139,1410,2026-05-27,P1,backend/app/api/v1/endpoints/mobile_api.py,90,OUT_OF_SCOPE,Backend,N/A — pending domain expert assignment,0.50,N/A,,Backend Python — requires Python maintainer. Out of frontend audit scope.,**<sub><sub>![P1 Badge](https://img.shields.io/badge/P1-orange?style=flat)</sub>
3312242243,1428,2026-05-27,P2,backend/app/api/v1/endpoints/payment_webhooks.py,39,OUT_OF_SCOPE,Backend,N/A — pending domain expert assignment,0.50,N/A,,Backend Python — requires Python maintainer. Out of frontend audit scope.,**<sub><sub>![P2 Badge](https://img.shields.io/badge/P2-yellow?style=flat)</sub>
3328059564,1443,2026-05-30,P1,backend/app/services/patient_onboarding_service.py,962,SUPERSEDED,Backend,Mechanical Verification Agent,0.85,Static analysis,2026-08-01,Code pattern from review not found in current patient_onboarding_service.py. Code rewritten by subsequent PRs.,**<sub><sub>![P1 Badge](https://img.shields.io/badge/P1-orange?style=flat)</sub>
3328059565,1443,2026-05-30,P2,backend/app/services/patient_onboarding_service.py,420,OUT_OF_SCOPE,Backend,N/A — pending domain expert assignment,0.50,N/A,,Backend Python — requires Python maintainer. Out of frontend audit scope.,**<sub><sub>![P2 Badge](https://img.shields.io/badge/P2-yellow?style=flat)</sub>
3329570657,1446,2026-05-31,P2,backend/app/api/v1/endpoints/telemetry.py,180,SUPERSEDED,Backend,Mechanical Verification Agent,0.85,Static analysis,2026-08-01,Identifiers ['patient_onboarding_opened'] not found in current telemetry.py. Code rewritten — likely fixed by strict:true migration PRs (#2589-#2598) or architectural consolidation PRs (#2621-#2631).,**<sub><sub>![P2 Badge](https://img.shields.io/badge/P2-yellow?style=flat)</sub>
3330084033,1475,2026-05-31,P1,backend/app/services/provider_webhook_service.py,518,SUPERSEDED,Backend,Mechanical Verification Agent,0.85,Static analysis,2026-08-01,Identifiers ['PerformTransaction'] not found in current provider_webhook_service.py. Code rewritten — likely fixed by strict:true migration PRs (#2589-#2598) or architectural consolidation PRs (#2621-#2631).,**<sub><sub>![P1 Badge](https://img.shields.io/badge/P1-orange?style=flat)</sub>
3330122595,1476,2026-05-31,P2,backend/app/repositories/canonical_visit_repository.py,55,SUPERSEDED,Backend,Mechanical Verification Agent,0.85,Static analysis,2026-08-01,Identifiers ['appointment_time'] not found in current canonical_visit_repository.py. Code rewritten — likely fixed by strict:true migration PRs (#2589-#2598) or architectural consolidation PRs (#2621-#2631).,**<sub><sub>![P2 Badge](https://img.shields.io/badge/P2-yellow?style=flat)</sub>
3329617223,1451,2026-05-31,P1,backend/app/api/v1/endpoints/qr_queue.py,2321,SUPERSEDED,Backend,Mechanical Verification Agent,0.85,Static analysis,2026-08-01,Code pattern from review not found in current qr_queue.py. Code rewritten by subsequent PRs.,**<sub><sub>![P1 Badge](https://img.shields.io/badge/P1-orange?style=flat)</sub>
3330149192,1477,2026-05-31,P1,backend/app/api/v1/endpoints/doctor_integration.py,190,SUPERSEDED,Backend,Mechanical Verification Agent,0.85,Static analysis,2026-08-01,Code pattern from review not found in current doctor_integration.py. Code rewritten by subsequent PRs.,**<sub><sub>![P1 Badge](https://img.shields.io/badge/P1-orange?style=flat)</sub>
3329638212,1452,2026-05-31,P1,backend/app/api/v1/endpoints/registrar_integration.py,2954,OBSOLETE,Backend,Mechanical Verification Agent,1.00,Static analysis,2026-08-01,File deleted: backend/app/api/v1/endpoints/registrar_integration.py,**<sub><sub>![P1 Badge](https://img.shields.io/badge/P1-orange?style=flat)</sub>
3330062930,1473,2026-05-31,P1,backend/app/services/payment_webhook_api_service.py,323,OBSOLETE,Backend,Mechanical Verification Agent,1.00,Static analysis,2026-08-01,File deleted: backend/app/services/payment_webhook_api_service.py,**<sub><sub>![P1 Badge](https://img.shields.io/badge/P1-orange?style=flat)</sub>
3330904299,1487,2026-05-31,P2,backend/app/api/v1/endpoints/registrar_wizard.py,2604,OBSOLETE,Backend,Mechanical Verification Agent,1.00,Static analysis,2026-08-01,File deleted: backend/app/api/v1/endpoints/registrar_wizard.py,**<sub><sub>![P2 Badge](https://img.shields.io/badge/P2-yellow?style=flat)</sub>
3329564502,1445,2026-05-31,P2,backend/app/api/v1/endpoints/qr_queue.py,1378,OUT_OF_SCOPE,Backend,N/A — pending domain expert assignment,0.50,N/A,,Backend Python — requires Python maintainer. Out of frontend audit scope.,"## CodeQL / Clear-text logging of sensitive information

This expression logs [s"
3330039786,1470,2026-05-31,P2,backend/app/services/force_majeure_api_service.py,304,OUT_OF_SCOPE,Backend,N/A — pending domain expert assignment,0.50,N/A,,Backend Python — requires Python maintainer. Out of frontend audit scope.,**<sub><sub>![P2 Badge](https://img.shields.io/badge/P2-yellow?style=flat)</sub>
3330083150,1474,2026-05-31,P2,backend/app/api/v1/endpoints/mobile_api.py,457,OUT_OF_SCOPE,Backend,N/A — pending domain expert assignment,0.50,N/A,,Backend Python — requires Python maintainer. Out of frontend audit scope.,**<sub><sub>![P2 Badge](https://img.shields.io/badge/P2-yellow?style=flat)</sub>
3330163631,1478,2026-05-31,P2,backend/app/api/v1/endpoints/dental.py,77,OUT_OF_SCOPE,Backend,N/A — pending domain expert assignment,0.50,N/A,,Backend Python — requires Python maintainer. Out of frontend audit scope.,**<sub><sub>![P2 Badge](https://img.shields.io/badge/P2-yellow?style=flat)</sub>
3330210760,1480,2026-05-31,P1,backend/app/crud/patient.py,153,OUT_OF_SCOPE,Backend,N/A — pending domain expert assignment,0.50,N/A,,Backend Python — requires Python maintainer. Out of frontend audit scope.,**<sub><sub>![P1 Badge](https://img.shields.io/badge/P1-orange?style=flat)</sub>
3330751179,1485,2026-05-31,P1,backend/app/services/registrar_edit_delta_service.py,373,OUT_OF_SCOPE,Backend,N/A — pending domain expert assignment,0.50,N/A,,Backend Python — requires Python maintainer. Out of frontend audit scope.,**<sub><sub>![P1 Badge](https://img.shields.io/badge/P1-orange?style=flat)</sub>
3331003776,1497,2026-05-31,P2,backend/tests/test_openapi_contract.py,208,OUT_OF_SCOPE,Backend,N/A — pending domain expert assignment,0.50,N/A,,Backend Python — requires Python maintainer. Out of frontend audit scope.,**<sub><sub>![P2 Badge](https://img.shields.io/badge/P2-yellow?style=flat)</sub>
3334202305,1574,2026-06-01,P1,backend/app/services/messages_api_service.py,839,SUPERSEDED,Backend,Mechanical Verification Agent,0.85,Static analysis,2026-08-01,Identifiers ['FileModel'] not found in current messages_api_service.py. Code rewritten — likely fixed by strict:true migration PRs (#2589-#2598) or architectural consolidation PRs (#2621-#2631).,**<sub><sub>![P1 Badge](https://img.shields.io/badge/P1-orange?style=flat)</sub>
3337116225,1599,2026-06-01,P1,backend/app/api/v1/endpoints/telegram_notifications.py,140,SUPERSEDED,Backend,Mechanical Verification Agent,0.85,Static analysis,2026-08-01,"Identifiers ['User.role', 'doctor'] not found in current telegram_notifications.py. Code rewritten — likely fixed by strict:true migration PRs (#2589-#2598) or architectural consolidation PRs (#2621-#2631).",**<sub><sub>![P1 Badge](https://img.shields.io/badge/P1-orange?style=flat)</sub>
3337116226,1599,2026-06-01,P1,backend/app/api/v1/endpoints/email_sms_enhanced.py,50,SUPERSEDED,Backend,Mechanical Verification Agent,0.85,Static analysis,2026-08-01,"Identifiers ['User.role', 'doctor'] not found in current email_sms_enhanced.py. Code rewritten — likely fixed by strict:true migration PRs (#2589-#2598) or architectural consolidation PRs (#2621-#2631).",**<sub><sub>![P1 Badge](https://img.shields.io/badge/P1-orange?style=flat)</sub>
3331765229,1533,2026-06-01,P2,backend/app/services/queue_service.py,1141,SUPERSEDED,Backend,Mechanical Verification Agent,0.85,Static analysis,2026-08-01,Code pattern from review not found in current queue_service.py. Code rewritten by subsequent PRs.,**<sub><sub>![P2 Badge](https://img.shields.io/badge/P2-yellow?style=flat)</sub>
3336805355,1596,2026-06-01,P2,backend/app/api/v1/endpoints/doctor_integration.py,156,SUPERSEDED,Backend,Mechanical Verification Agent,0.85,Static analysis,2026-08-01,Code pattern from review not found in current doctor_integration.py. Code rewritten by subsequent PRs.,**<sub><sub>![P2 Badge](https://img.shields.io/badge/P2-yellow?style=flat)</sub>
3336915083,1597,2026-06-01,P1,backend/app/api/v1/endpoints/qr_queue.py,3188,SUPERSEDED,Backend,Mechanical Verification Agent,0.85,Static analysis,2026-08-01,Security/auth code removed from file,**<sub><sub>![P1 Badge](https://img.shields.io/badge/P1-orange?style=flat)</sub>
3331495948,1520,2026-06-01,P2,backend/app/services/payment_webhook.py,267,OBSOLETE,Backend,Mechanical Verification Agent,1.00,Static analysis,2026-08-01,File deleted: backend/app/services/payment_webhook.py,"## CodeQL / Clear-text logging of sensitive information

This expression logs [s"
3331639262,1525,2026-06-01,P2,frontend/src/pages/AdminPanel.jsx,186,OBSOLETE,Frontend,Mechanical Verification Agent,1.00,Static analysis,2026-08-01,File deleted: frontend/src/pages/AdminPanel.jsx,**<sub><sub>![P2 Badge](https://img.shields.io/badge/P2-yellow?style=flat)</sub>
3331962065,1536,2026-06-01,P2,frontend/src/routing/routeRegistry.js,710,OBSOLETE,Frontend,Mechanical Verification Agent,1.00,Static analysis,2026-08-01,File deleted: frontend/src/routing/routeRegistry.js,**<sub><sub>![P2 Badge](https://img.shields.io/badge/P2-yellow?style=flat)</sub>
3331997939,1539,2026-06-01,P2,frontend/src/routing/routeRegistry.js,591,OBSOLETE,Frontend,Mechanical Verification Agent,1.00,Static analysis,2026-08-01,File deleted: frontend/src/routing/routeRegistry.js,**<sub><sub>![P2 Badge](https://img.shields.io/badge/P2-yellow?style=flat)</sub>
3332039594,1541,2026-06-01,P2,frontend/src/routing/routeRegistry.js,727,OBSOLETE,Frontend,Mechanical Verification Agent,1.00,Static analysis,2026-08-01,File deleted: frontend/src/routing/routeRegistry.js,**<sub><sub>![P2 Badge](https://img.shields.io/badge/P2-yellow?style=flat)</sub>
3332062021,1543,2026-06-01,P2,frontend/src/routing/__tests__/routeContract.test.js,395,OBSOLETE,Frontend,Mechanical Verification Agent,1.00,Static analysis,2026-08-01,File deleted: frontend/src/routing/__tests__/routeContract.test.js,**<sub><sub>![P2 Badge](https://img.shields.io/badge/P2-yellow?style=flat)</sub>
3332083907,1544,2026-06-01,P2,frontend/src/routing/routeRegistry.js,659,OBSOLETE,Frontend,Mechanical Verification Agent,1.00,Static analysis,2026-08-01,File deleted: frontend/src/routing/routeRegistry.js,**<sub><sub>![P2 Badge](https://img.shields.io/badge/P2-yellow?style=flat)</sub>
3332177270,1547,2026-06-01,P2,frontend/src/utils/serviceCodeResolver.js,384,OBSOLETE,Frontend,Mechanical Verification Agent,1.00,Static analysis,2026-08-01,File deleted: frontend/src/utils/serviceCodeResolver.js,**<sub><sub>![P2 Badge](https://img.shields.io/badge/P2-yellow?style=flat)</sub>
3332224861,1550,2026-06-01,P2,frontend/src/routing/routeRegistry.js,455,OBSOLETE,Frontend,Mechanical Verification Agent,1.00,Static analysis,2026-08-01,File deleted: frontend/src/routing/routeRegistry.js,**<sub><sub>![P2 Badge](https://img.shields.io/badge/P2-yellow?style=flat)</sub>
3332248337,1551,2026-06-01,P2,frontend/src/utils/registrarAggregation.js,72,OBSOLETE,Frontend,Mechanical Verification Agent,1.00,Static analysis,2026-08-01,File deleted: frontend/src/utils/registrarAggregation.js,**<sub><sub>![P2 Badge](https://img.shields.io/badge/P2-yellow?style=flat)</sub>
3332252834,1552,2026-06-01,P2,frontend/src/routing/routeRegistry.js,540,OBSOLETE,Frontend,Mechanical Verification Agent,1.00,Static analysis,2026-08-01,File deleted: frontend/src/routing/routeRegistry.js,**<sub><sub>![P2 Badge](https://img.shields.io/badge/P2-yellow?style=flat)</sub>
3332825606,1559,2026-06-01,P1,backend/app/api/v1/endpoints/admin_telegram.py,1752,OBSOLETE,Backend,Mechanical Verification Agent,1.00,Static analysis,2026-08-01,File deleted: backend/app/api/v1/endpoints/admin_telegram.py,**<sub><sub>![P1 Badge](https://img.shields.io/badge/P1-orange?style=flat)</sub>
3333028561,1563,2026-06-01,P2,frontend/src/routing/routeRegistry.js,404,OBSOLETE,Frontend,Mechanical Verification Agent,1.00,Static analysis,2026-08-01,File deleted: frontend/src/routing/routeRegistry.js,**<sub><sub>![P2 Badge](https://img.shields.io/badge/P2-yellow?style=flat)</sub>
3333973428,1571,2026-06-01,P2,frontend/src/pages/AdminPanel.jsx,1,OBSOLETE,Frontend,Mechanical Verification Agent,1.00,Static analysis,2026-08-01,File deleted: frontend/src/pages/AdminPanel.jsx,**<sub><sub>![P2 Badge](https://img.shields.io/badge/P2-yellow?style=flat)</sub>
3334463841,1579,2026-06-01,P2,frontend/e2e/authenticated-role-smoke.spec.js,193,OBSOLETE,Frontend,Mechanical Verification Agent,1.00,Static analysis,2026-08-01,File deleted: frontend/e2e/authenticated-role-smoke.spec.js,**<sub><sub>![P2 Badge](https://img.shields.io/badge/P2-yellow?style=flat)</sub>
3336694159,1593,2026-06-01,P2,frontend/src/routing/routeRegistry.js,1128,OBSOLETE,Frontend,Mechanical Verification Agent,1.00,Static analysis,2026-08-01,File deleted: frontend/src/routing/routeRegistry.js,**<sub><sub>![P2 Badge](https://img.shields.io/badge/P2-yellow?style=flat)</sub>
3336803249,1595,2026-06-01,P2,frontend/src/utils/dateUtils.js,83,OBSOLETE,Frontend,Mechanical Verification Agent,1.00,Static analysis,2026-08-01,File deleted: frontend/src/utils/dateUtils.js,**<sub><sub>![P2 Badge](https://img.shields.io/badge/P2-yellow?style=flat)</sub>
3336803254,1595,2026-06-01,P2,frontend/src/utils/dateUtils.js,73,OBSOLETE,Frontend,Mechanical Verification Agent,1.00,Static analysis,2026-08-01,File deleted: frontend/src/utils/dateUtils.js,**<sub><sub>![P2 Badge](https://img.shields.io/badge/P2-yellow?style=flat)</sub>
3333629326,1569,2026-06-01,P2,frontend/src/components/admin/AdminAppointments.jsx,365,OBSOLETE,Frontend,Mechanical Verification Agent,1.00,Static analysis,2026-08-01,Cannot read file (Pass 2),**<sub><sub>![P2 Badge](https://img.shields.io/badge/P2-yellow?style=flat)</sub>
3331152795,1499,2026-06-01,P2,backend/app/api/v1/endpoints/qr_queue.py,2257,OUT_OF_SCOPE,Backend,N/A — pending domain expert assignment,0.50,N/A,,Backend Python — requires Python maintainer. Out of frontend audit scope.,"## CodeQL / Clear-text logging of sensitive information

This expression logs [s"
3331152804,1499,2026-06-01,P2,backend/app/api/v1/endpoints/qr_queue.py,2258,OUT_OF_SCOPE,Backend,N/A — pending domain expert assignment,0.50,N/A,,Backend Python — requires Python maintainer. Out of frontend audit scope.,"## CodeQL / Clear-text logging of sensitive information

This expression logs [s"
3331254118,1504,2026-06-01,P2,backend/app/services/reporting_service.py,73,OUT_OF_SCOPE,Backend,N/A — pending domain expert assignment,0.50,N/A,,Backend Python — requires Python maintainer. Out of frontend audit scope.,**<sub><sub>![P2 Badge](https://img.shields.io/badge/P2-yellow?style=flat)</sub>
3331279126,1506,2026-06-01,P2,docs/admin/ADMIN_ROUTE_OWNERSHIP.md,25,UNVERIFIED,Documentation,N/A — pending verification,0.00,Manual,,Default — needs manual verification,**<sub><sub>![P2 Badge](https://img.shields.io/badge/P2-yellow?style=flat)</sub>
3331324525,1510,2026-06-01,P2,docs/audits/admin-panel-deep-audit-2026-06-01/post-fix-status-2026-06-01.md,12,OUT_OF_SCOPE,Documentation,N/A — pending domain expert assignment,0.50,Manual,,Historical/ops documentation — requires domain expert. Out of frontend audit scope.,**<sub><sub>![P2 Badge](https://img.shields.io/badge/P2-yellow?style=flat)</sub>
3331414989,1511,2026-06-01,P2,docs/admin/ADMIN_NOTIFICATION_ROUTE_CHANNELS.md,24,UNVERIFIED,Documentation,N/A — pending verification,0.00,Manual,,Default — needs manual verification,**<sub><sub>![P2 Badge](https://img.shields.io/badge/P2-yellow?style=flat)</sub>
3331437922,1514,2026-06-01,P2,docs/admin/ADMIN_OVERVIEW_NAVIGATION_GROUPING_PLAN.md,72,UNVERIFIED,Documentation,N/A — pending verification,0.00,Manual,,Default — needs manual verification,**<sub><sub>![P2 Badge](https://img.shields.io/badge/P2-yellow?style=flat)</sub>
3331971224,1537,2026-06-01,P2,backend/app/api/v1/endpoints/qr_queue.py,1363,OUT_OF_SCOPE,Backend,N/A — pending domain expert assignment,0.50,N/A,,Backend Python — requires Python maintainer. Out of frontend audit scope.,"## CodeQL / Clear-text logging of sensitive information

This expression logs [s"
3332377421,1556,2026-06-01,P2,backend/app/api/v1/endpoints/qr_queue.py,1430,OUT_OF_SCOPE,Backend,N/A — pending domain expert assignment,0.50,N/A,,Backend Python — requires Python maintainer. Out of frontend audit scope.,**<sub><sub>![P2 Badge](https://img.shields.io/badge/P2-yellow?style=flat)</sub>
3334000597,1572,2026-06-01,P1,backend/app/api/v1/endpoints/emr_lab_integration.py,127,OUT_OF_SCOPE,Backend,N/A — pending domain expert assignment,0.50,N/A,,Backend Python — requires Python maintainer. Out of frontend audit scope.,**<sub><sub>![P1 Badge](https://img.shields.io/badge/P1-orange?style=flat)</sub>
3336711797,1594,2026-06-01,P2,backend/app/api/v1/endpoints/queue.py,72,OUT_OF_SCOPE,Backend,N/A — pending domain expert assignment,0.50,N/A,,Backend Python — requires Python maintainer. Out of frontend audit scope.,**<sub><sub>![P2 Badge](https://img.shields.io/badge/P2-yellow?style=flat)</sub>
3336915078,1597,2026-06-01,P1,backend/app/api/v1/endpoints/qr_queue.py,1374,OUT_OF_SCOPE,Backend,N/A — pending domain expert assignment,0.50,N/A,,Backend Python — requires Python maintainer. Out of frontend audit scope.,**<sub><sub>![P1 Badge](https://img.shields.io/badge/P1-orange?style=flat)</sub>
3337833492,1601,2026-06-02,P1,backend/app/api/v1/endpoints/visits.py,165,SUPERSEDED,Backend,Mechanical Verification Agent,0.85,Static analysis,2026-08-01,Identifiers ['doctor'] not found in current visits.py. Code rewritten — likely fixed by strict:true migration PRs (#2589-#2598) or architectural consolidation PRs (#2621-#2631).,**<sub><sub>![P1 Badge](https://img.shields.io/badge/P1-orange?style=flat)</sub>
3337938227,1602,2026-06-02,P2,backend/app/api/v1/endpoints/registrar_integration.py,1592,OBSOLETE,Backend,Mechanical Verification Agent,1.00,Static analysis,2026-08-01,File deleted: backend/app/api/v1/endpoints/registrar_integration.py,**<sub><sub>![P2 Badge](https://img.shields.io/badge/P2-yellow?style=flat)</sub>
3338940369,1609,2026-06-02,P2,frontend/src/pages/PaymentSuccess.jsx,343,OBSOLETE,Frontend,Mechanical Verification Agent,1.00,Static analysis,2026-08-01,Cannot read file (Pass 2),**<sub><sub>![P2 Badge](https://img.shields.io/badge/P2-yellow?style=flat)</sub>
3444148367,1629,2026-06-19,P2,frontend/src/components/mobile/MobileNotifications.jsx,255,OBSOLETE,Frontend,Mechanical Verification Agent,1.00,Static analysis,2026-08-01,Cannot read file (Pass 2),**<sub><sub>![P2 Badge](https://img.shields.io/badge/P2-yellow?style=flat)</sub>
3469707192,1636,2026-06-24,P2,frontend/src/components/common/Loading.jsx,124,OBSOLETE,Frontend,Mechanical Verification Agent,1.00,Static analysis,2026-08-01,Cannot read file (Pass 2),**<sub><sub>![P2 Badge](https://img.shields.io/badge/P2-yellow?style=flat)</sub>
3505466811,1671,2026-07-01,P2,backend/check_lab_models_divergence.py,230,OBSOLETE,Backend,Mechanical Verification Agent,1.00,Static analysis,2026-08-01,File deleted: backend/check_lab_models_divergence.py,"## CodeQL / Clear-text logging of sensitive information

This expression logs [s"
3505498003,1671,2026-07-01,P2,backend/check_lab_models_divergence.py,244,OBSOLETE,Backend,Mechanical Verification Agent,1.00,Static analysis,2026-08-01,File deleted: backend/check_lab_models_divergence.py,"## CodeQL / Clear-text logging of sensitive information

This expression logs [s"
3505517196,1671,2026-07-01,P2,backend/check_lab_models_divergence.py,246,OBSOLETE,Backend,Mechanical Verification Agent,1.00,Static analysis,2026-08-01,File deleted: backend/check_lab_models_divergence.py,"## CodeQL / Clear-text logging of sensitive information

This expression logs [s"
3511308888,1682,2026-07-02,P2,backend/backfill_lab_results.py,136,OBSOLETE,Backend,Mechanical Verification Agent,1.00,Static analysis,2026-08-01,File deleted: backend/backfill_lab_results.py,"## CodeQL / Clear-text logging of sensitive information

This expression logs [s"
3512260065,1689,2026-07-02,P1,frontend/src/pages/RegistrarPanel.jsx,2933,OBSOLETE,Frontend,Mechanical Verification Agent,1.00,Static analysis,2026-08-01,Cannot read file (Pass 2),**<sub><sub>![P1 Badge](https://img.shields.io/badge/P1-orange?style=flat)</sub>
3512260067,1689,2026-07-02,P2,frontend/src/pages/RegistrarPanel.jsx,113,OBSOLETE,Frontend,Mechanical Verification Agent,1.00,Static analysis,2026-08-01,Cannot read file (Pass 2),**<sub><sub>![P2 Badge](https://img.shields.io/badge/P2-yellow?style=flat)</sub>
3512656875,1693,2026-07-02,P2,backend/app/services/queue_session.py,69,OUT_OF_SCOPE,Backend,N/A — pending domain expert assignment,0.50,N/A,,Backend Python — requires Python maintainer. Out of frontend audit scope.,"## CodeQL / Clear-text logging of sensitive information

This expression logs [s"
3512656891,1693,2026-07-02,P2,backend/app/services/queue_session.py,77,OUT_OF_SCOPE,Backend,N/A — pending domain expert assignment,0.50,N/A,,Backend Python — requires Python maintainer. Out of frontend audit scope.,"## CodeQL / Clear-text logging of sensitive information

This expression logs [s"
3512684215,1693,2026-07-02,P2,backend/app/services/queue_session.py,70,OUT_OF_SCOPE,Backend,N/A — pending domain expert assignment,0.50,N/A,,Backend Python — requires Python maintainer. Out of frontend audit scope.,"## CodeQL / Clear-text logging of sensitive information

This expression logs [s"
3512684221,1693,2026-07-02,P2,backend/app/services/queue_session.py,84,OUT_OF_SCOPE,Backend,N/A — pending domain expert assignment,0.50,N/A,,Backend Python — requires Python maintainer. Out of frontend audit scope.,"## CodeQL / Clear-text logging of sensitive information

This expression logs [s"
3517806867,1720,2026-07-03,P2,backend/app/api/v1/endpoints/registrar_integration.py,2067,OBSOLETE,Backend,Mechanical Verification Agent,1.00,Static analysis,2026-08-01,File deleted: backend/app/api/v1/endpoints/registrar_integration.py,"## CodeQL / Clear-text logging of sensitive information

This expression logs [s"
3517965258,1726,2026-07-03,P2,backend/app/api/v1/endpoints/registrar_integration.py,2401,OBSOLETE,Backend,Mechanical Verification Agent,1.00,Static analysis,2026-08-01,File deleted: backend/app/api/v1/endpoints/registrar_integration.py,"## CodeQL / Clear-text logging of sensitive information

This expression logs [s"
3521350342,1786,2026-07-03,P2,backend/app/services/payment_webhook.py,173,OBSOLETE,Backend,Mechanical Verification Agent,1.00,Static analysis,2026-08-01,File deleted: backend/app/services/payment_webhook.py,## CodeQL / Use of a broken or weak cryptographic hashing algorithm on sensitive
3521215744,1781,2026-07-03,P2,backend/app/scripts/seed_ai_feature_flags.py,60,WONT_FIX,Backend,Mechanical Verification Agent,0.80,Automated classification,2026-08-01,"github-actions[bot] PR lifecycle recommendation — automated bot comment, not a human code review.",🛑 **Gitleaks** has detected a secret with rule-id `generic-api-key` in commit 40
3521222293,1781,2026-07-03,P2,backend/app/scripts/dr_drill.py,68,OUT_OF_SCOPE,Backend,N/A — pending domain expert assignment,0.50,N/A,,Backend Python — requires Python maintainer. Out of frontend audit scope.,"## CodeQL / Clear-text logging of sensitive information

This expression logs [s"
3521350311,1786,2026-07-03,P2,backend/app/api/v1/endpoints/print_templates.py,163,OUT_OF_SCOPE,Backend,N/A — pending domain expert assignment,0.50,N/A,,Backend Python — requires Python maintainer. Out of frontend audit scope.,"## CodeQL / Server Side Template Injection

This template construction depends o"
3521350315,1786,2026-07-03,P2,backend/app/api/v1/endpoints/print_templates.py,231,OUT_OF_SCOPE,Backend,N/A — pending domain expert assignment,0.50,N/A,,Backend Python — requires Python maintainer. Out of frontend audit scope.,"## CodeQL / Server Side Template Injection

This template construction depends o"
3521350318,1786,2026-07-03,P2,backend/app/services/notification_platform_service.py,577,OUT_OF_SCOPE,Backend,N/A — pending domain expert assignment,0.50,N/A,,Backend Python — requires Python maintainer. Out of frontend audit scope.,## CodeQL / Use of a broken or weak cryptographic hashing algorithm on sensitive
3521350322,1786,2026-07-03,P2,backend/app/services/payment_providers/click.py,65,OUT_OF_SCOPE,Backend,N/A — pending domain expert assignment,0.50,N/A,,Backend Python — requires Python maintainer. Out of frontend audit scope.,## CodeQL / Use of a broken or weak cryptographic hashing algorithm on sensitive
3521350330,1786,2026-07-03,P2,backend/app/services/payment_providers/click.py,110,OUT_OF_SCOPE,Backend,N/A — pending domain expert assignment,0.50,N/A,,Backend Python — requires Python maintainer. Out of frontend audit scope.,## CodeQL / Use of a broken or weak cryptographic hashing algorithm on sensitive
3521350335,1786,2026-07-03,P2,backend/app/services/payment_providers/click.py,246,OUT_OF_SCOPE,Backend,N/A — pending domain expert assignment,0.50,N/A,,Backend Python — requires Python maintainer. Out of frontend audit scope.,## CodeQL / Use of a broken or weak cryptographic hashing algorithm on sensitive
3522331421,1795,2026-07-04,P2,backend/app/services/payment_webhook.py,173,OBSOLETE,Backend,Mechanical Verification Agent,1.00,Static analysis,2026-08-01,File deleted: backend/app/services/payment_webhook.py,## CodeQL / Use of a broken or weak cryptographic hashing algorithm on sensitive
3522331412,1795,2026-07-04,P2,backend/app/services/notification_platform_service.py,577,OUT_OF_SCOPE,Backend,N/A — pending domain expert assignment,0.50,N/A,,Backend Python — requires Python maintainer. Out of frontend audit scope.,## CodeQL / Use of a broken or weak cryptographic hashing algorithm on sensitive
3522331414,1795,2026-07-04,P2,backend/app/services/payment_providers/click.py,65,OUT_OF_SCOPE,Backend,N/A — pending domain expert assignment,0.50,N/A,,Backend Python — requires Python maintainer. Out of frontend audit scope.,## CodeQL / Use of a broken or weak cryptographic hashing algorithm on sensitive
3522331417,1795,2026-07-04,P2,backend/app/services/payment_providers/click.py,110,OUT_OF_SCOPE,Backend,N/A — pending domain expert assignment,0.50,N/A,,Backend Python — requires Python maintainer. Out of frontend audit scope.,## CodeQL / Use of a broken or weak cryptographic hashing algorithm on sensitive
3522331420,1795,2026-07-04,P2,backend/app/services/payment_providers/click.py,246,OUT_OF_SCOPE,Backend,N/A — pending domain expert assignment,0.50,N/A,,Backend Python — requires Python maintainer. Out of frontend audit scope.,## CodeQL / Use of a broken or weak cryptographic hashing algorithm on sensitive
3524715108,1910,2026-07-05,P2,backend/app/api/v1/endpoints/cashier.py,1241,OUT_OF_SCOPE,Backend,N/A — pending domain expert assignment,0.50,N/A,,Backend Python — requires Python maintainer. Out of frontend audit scope.,"## CodeQL / Clear-text logging of sensitive information

This expression logs [s"
3524715109,1910,2026-07-05,P2,backend/app/services/lab_reporting_service.py,,OUT_OF_SCOPE,Backend,N/A — pending domain expert assignment,0.50,N/A,,Backend Python — requires Python maintainer. Out of frontend audit scope.,"## CodeQL / Clear-text logging of sensitive information

This expression logs [s"
3527235732,1941,2026-07-06,P2,backend/app/services/authentication_service.py,163,OUT_OF_SCOPE,Backend,N/A — pending domain expert assignment,0.50,N/A,,Backend Python — requires Python maintainer. Out of frontend audit scope.,"## CodeQL / Clear-text logging of sensitive information

This expression logs [s"
3546360556,2034,2026-07-08,P2,backend/app/api/v1/endpoints/qr_queue/_online_entries.py,1179,SUPERSEDED,Backend,Mechanical Verification Agent,0.85,Static analysis,2026-08-01,Identifiers ['OnlineQueueEntry.services'] not found in current _online_entries.py. Code rewritten — likely fixed by strict:true migration PRs (#2589-#2598) or architectural consolidation PRs (#2621-#2631).,**<sub><sub>![P2 Badge](https://img.shields.io/badge/P2-yellow?style=flat)</sub>
3541289873,2016,2026-07-08,P2,backend/app/api/v1/endpoints/doctor_info.py,245,OUT_OF_SCOPE,Backend,N/A — pending domain expert assignment,0.50,N/A,,Backend Python — requires Python maintainer. Out of frontend audit scope.,"## CodeQL / Clear-text logging of sensitive information

This expression logs [s"
3541289880,2016,2026-07-08,P2,backend/app/api/v1/endpoints/ai_analytics.py,133,OUT_OF_SCOPE,Backend,N/A — pending domain expert assignment,0.50,N/A,,Backend Python — requires Python maintainer. Out of frontend audit scope.,"## CodeQL / Information exposure through an exception

[Stack trace information]"
3541289885,2016,2026-07-08,P2,backend/app/api/v1/endpoints/analytics_visualization.py,185,OUT_OF_SCOPE,Backend,N/A — pending domain expert assignment,0.50,N/A,,Backend Python — requires Python maintainer. Out of frontend audit scope.,"## CodeQL / Information exposure through an exception

[Stack trace information]"
3541289890,2016,2026-07-08,P2,backend/app/api/v1/endpoints/analytics_visualization.py,231,OUT_OF_SCOPE,Backend,N/A — pending domain expert assignment,0.50,N/A,,Backend Python — requires Python maintainer. Out of frontend audit scope.,"## CodeQL / Information exposure through an exception

[Stack trace information]"
3541289899,2016,2026-07-08,P2,backend/app/api/v1/endpoints/analytics_visualization.py,352,OUT_OF_SCOPE,Backend,N/A — pending domain expert assignment,0.50,N/A,,Backend Python — requires Python maintainer. Out of frontend audit scope.,"## CodeQL / Information exposure through an exception

[Stack trace information]"
3541289903,2016,2026-07-08,P2,backend/app/api/v1/endpoints/backup_management.py,105,OUT_OF_SCOPE,Backend,N/A — pending domain expert assignment,0.50,N/A,,Backend Python — requires Python maintainer. Out of frontend audit scope.,"## CodeQL / Information exposure through an exception

[Stack trace information]"
3541289908,2016,2026-07-08,P2,backend/app/api/v1/endpoints/email_sms_enhanced.py,442,OUT_OF_SCOPE,Backend,N/A — pending domain expert assignment,0.50,N/A,,Backend Python — requires Python maintainer. Out of frontend audit scope.,"## CodeQL / Information exposure through an exception

[Stack trace information]"
3541289911,2016,2026-07-08,P2,backend/app/api/v1/endpoints/email_sms_enhanced.py,474,OUT_OF_SCOPE,Backend,N/A — pending domain expert assignment,0.50,N/A,,Backend Python — requires Python maintainer. Out of frontend audit scope.,"## CodeQL / Information exposure through an exception

[Stack trace information]"
3541289916,2016,2026-07-08,P2,backend/app/api/v1/endpoints/email_sms_enhanced.py,672,OUT_OF_SCOPE,Backend,N/A — pending domain expert assignment,0.50,N/A,,Backend Python — requires Python maintainer. Out of frontend audit scope.,"## CodeQL / Information exposure through an exception

[Stack trace information]"
3541289924,2016,2026-07-08,P2,backend/app/api/v1/endpoints/email_sms_enhanced.py,704,OUT_OF_SCOPE,Backend,N/A — pending domain expert assignment,0.50,N/A,,Backend Python — requires Python maintainer. Out of frontend audit scope.,"## CodeQL / Information exposure through an exception

[Stack trace information]"
3541713765,2017,2026-07-08,P2,backend/app/api/v1/endpoints/cashier/_payments.py,682,OUT_OF_SCOPE,Backend,N/A — pending domain expert assignment,0.50,N/A,,Backend Python — requires Python maintainer. Out of frontend audit scope.,"## CodeQL / Clear-text logging of sensitive information

This expression logs [s"
3541713783,2017,2026-07-08,P2,backend/app/services/billing_service_pkg/_payments.py,147,OUT_OF_SCOPE,Backend,N/A — pending domain expert assignment,0.50,N/A,,Backend Python — requires Python maintainer. Out of frontend audit scope.,"## CodeQL / Clear-text logging of sensitive information

This expression logs [s"
3542699727,2018,2026-07-08,P2,backend/app/services/lab_reporting/_templates.py,22,OUT_OF_SCOPE,Backend,N/A — pending domain expert assignment,0.50,N/A,,Backend Python — requires Python maintainer. Out of frontend audit scope.,"## CodeQL / Clear-text logging of sensitive information

This expression logs [s"
3543325298,2019,2026-07-08,P2,backend/app/services/auth_svc/_tokens.py,146,OUT_OF_SCOPE,Backend,N/A — pending domain expert assignment,0.50,N/A,,Backend Python — requires Python maintainer. Out of frontend audit scope.,"## CodeQL / Clear-text logging of sensitive information

This expression logs [s"
3544480604,2023,2026-07-08,P2,backend/app/services/emr_v2_service.py,254,OUT_OF_SCOPE,Backend,N/A — pending domain expert assignment,0.50,N/A,,Backend Python — requires Python maintainer. Out of frontend audit scope.,"## CodeQL / Clear-text logging of sensitive information

This expression logs [s"
3544480620,2023,2026-07-08,P2,backend/app/services/emr_v2_service.py,221,OUT_OF_SCOPE,Backend,N/A — pending domain expert assignment,0.50,N/A,,Backend Python — requires Python maintainer. Out of frontend audit scope.,"## CodeQL / Clear-text logging of sensitive information

This expression logs [s"
3546094869,2030,2026-07-08,P2,backend/app/api/v1/endpoints/qr_queue/_online_entries.py,853,OUT_OF_SCOPE,Backend,N/A — pending domain expert assignment,0.50,N/A,,Backend Python — requires Python maintainer. Out of frontend audit scope.,"## CodeQL / Clear-text logging of sensitive information

This expression logs [s"
3546164773,2031,2026-07-08,P2,backend/app/api/v1/endpoints/qr_queue/_online_entries.py,292,OUT_OF_SCOPE,Backend,N/A — pending domain expert assignment,0.50,N/A,,Backend Python — requires Python maintainer. Out of frontend audit scope.,"## CodeQL / Clear-text logging of sensitive information

This expression logs [s"
3546350032,2034,2026-07-08,P2,backend/app/api/v1/endpoints/qr_queue/_online_entries.py,1285,OUT_OF_SCOPE,Backend,N/A — pending domain expert assignment,0.50,N/A,,Backend Python — requires Python maintainer. Out of frontend audit scope.,"## CodeQL / Clear-text logging of sensitive information

This expression logs [s"
3548143831,2039,2026-07-09,P2,backend/app/api/v1/endpoints/patient_appointments.py,409,SUPERSEDED,Backend,Mechanical Verification Agent,0.85,Static analysis,2026-08-01,Identifiers ['limit'] not found in current patient_appointments.py. Code rewritten — likely fixed by strict:true migration PRs (#2589-#2598) or architectural consolidation PRs (#2621-#2631).,**<sub><sub>![P2 Badge](https://img.shields.io/badge/P2-yellow?style=flat)</sub>
3548328003,2042,2026-07-09,P1,backend/app/api/v1/endpoints/telegram_webhook/__init__.py,20,SUPERSEDED,Backend,Mechanical Verification Agent,0.85,Static analysis,2026-08-01,Code pattern from review not found in current __init__.py. Code rewritten by subsequent PRs.,**<sub><sub>![P1 Badge](https://img.shields.io/badge/P1-orange?style=flat)</sub>
3550406573,2059,2026-07-09,P2,backend/app/services/notification_platform/__init__.py,19,OUT_OF_SCOPE,Backend,N/A — pending domain expert assignment,0.50,N/A,,Backend Python — requires Python maintainer. Out of frontend audit scope.,**<sub><sub>![P2 Badge](https://img.shields.io/badge/P2-yellow?style=flat)</sub>
3551400498,2060,2026-07-09,P2,backend/app/services/visit_confirmation_service.py,815,OUT_OF_SCOPE,Backend,N/A — pending domain expert assignment,0.50,N/A,,Backend Python — requires Python maintainer. Out of frontend audit scope.,**<sub><sub>![P2 Badge](https://img.shields.io/badge/P2-yellow?style=flat)</sub>
3561686911,2074,2026-07-10,P2,backend/app/ws/queue_ws.py,320,SUPERSEDED,Backend,Mechanical Verification Agent,0.85,Static analysis,2026-08-01,Identifiers ['token'] not found in current queue_ws.py. Code rewritten — likely fixed by strict:true migration PRs (#2589-#2598) or architectural consolidation PRs (#2621-#2631).,**<sub><sub>![P2 Badge](https://img.shields.io/badge/P2-yellow?style=flat)</sub>
3558725203,2070,2026-07-10,P2,backend/app/services/telegram_bot.py,584,SUPERSEDED,Backend,Mechanical Verification Agent,0.85,Static analysis,2026-08-01,Functions ['FastAPI'] not found in current telegram_bot.py. Code refactored — likely superseded by later PRs.,**<sub><sub>![P2 Badge](https://img.shields.io/badge/P2-yellow?style=flat)</sub>
3561353913,2072,2026-07-10,P2,backend/app/api/v1/endpoints/fcm_notifications.py,148,OUT_OF_SCOPE,Backend,N/A — pending domain expert assignment,0.50,N/A,,Backend Python — requires Python maintainer. Out of frontend audit scope.,**<sub><sub>![P2 Badge](https://img.shields.io/badge/P2-yellow?style=flat)</sub>
3561750673,2074,2026-07-10,P2,backend/tests/integration/test_ws_jwt_header.py,174,OUT_OF_SCOPE,Backend,N/A — pending domain expert assignment,0.50,N/A,,Backend Python — requires Python maintainer. Out of frontend audit scope.,**<sub><sub>![P2 Badge](https://img.shields.io/badge/P2-yellow?style=flat)</sub>
3562805272,2076,2026-07-11,P2,backend/app/api/v1/endpoints/mobile_api.py,600,SUPERSEDED,Backend,Mechanical Verification Agent,0.85,Static analysis,2026-08-01,Identifiers ['specialty'] not found in current mobile_api.py. Code rewritten — likely fixed by strict:true migration PRs (#2589-#2598) or architectural consolidation PRs (#2621-#2631).,**<sub><sub>![P2 Badge](https://img.shields.io/badge/P2-yellow?style=flat)</sub>
3562821119,2077,2026-07-11,P2,backend/app/api/v1/endpoints/fcm_notifications.py,12,SUPERSEDED,Backend,Mechanical Verification Agent,0.85,Static analysis,2026-08-01,Identifiers ['fcm_notifications.py'] not found in current fcm_notifications.py. Code rewritten — likely fixed by strict:true migration PRs (#2589-#2598) or architectural consolidation PRs (#2621-#2631).,**<sub><sub>![P2 Badge](https://img.shields.io/badge/P2-yellow?style=flat)</sub>
3563394668,2080,2026-07-11,P2,backend/app/crud/visit.py,340,SUPERSEDED,Backend,Mechanical Verification Agent,0.85,Static analysis,2026-08-01,Identifiers ['crud.remove_visit_service'] not found in current visit.py. Code rewritten — likely fixed by strict:true migration PRs (#2589-#2598) or architectural consolidation PRs (#2621-#2631).,**<sub><sub>![P2 Badge](https://img.shields.io/badge/P2-yellow?style=flat)</sub>
3564035852,2090,2026-07-11,P2,backend/app/schemas/department.py,130,SUPERSEDED,Backend,Mechanical Verification Agent,0.85,Static analysis,2026-08-01,Identifiers ['app.schemas.department'] not found in current department.py. Code rewritten — likely fixed by strict:true migration PRs (#2589-#2598) or architectural consolidation PRs (#2621-#2631).,**<sub><sub>![P2 Badge](https://img.shields.io/badge/P2-yellow?style=flat)</sub>
3564035858,2090,2026-07-11,P2,backend/app/schemas/user_management.py,641,SUPERSEDED,Backend,Mechanical Verification Agent,0.85,Static analysis,2026-08-01,"Identifiers ['UserSearchRequest', 'get_users'] not found in current user_management.py. Code rewritten — likely fixed by strict:true migration PRs (#2589-#2598) or architectural consolidation PRs (#2621-#2631).",**<sub><sub>![P2 Badge](https://img.shields.io/badge/P2-yellow?style=flat)</sub>
3564092467,2092,2026-07-11,P2,backend/app/api/v1/endpoints/admin_departments/_crud.py,420,SUPERSEDED,Backend,Mechanical Verification Agent,0.85,Static analysis,2026-08-01,Identifiers ['QueueProfile'] not found in current _crud.py. Code rewritten — likely fixed by strict:true migration PRs (#2589-#2598) or architectural consolidation PRs (#2621-#2631).,**<sub><sub>![P2 Badge](https://img.shields.io/badge/P2-yellow?style=flat)</sub>
3564798386,2097,2026-07-11,P2,backend/app/schemas/user_management.py,520,SUPERSEDED,Backend,Mechanical Verification Agent,0.85,Static analysis,2026-08-01,"Identifiers ['cardio', 'derma', 'dentist'] not found in current user_management.py. Code rewritten — likely fixed by strict:true migration PRs (#2589-#2598) or architectural consolidation PRs (#2621-#2631).",**<sub><sub>![P2 Badge](https://img.shields.io/badge/P2-yellow?style=flat)</sub>
3563394665,2080,2026-07-11,P1,backend/app/crud/visit.py,304,SUPERSEDED,Backend,Mechanical Verification Agent,0.85,Static analysis,2026-08-01,Code pattern from review not found in current visit.py. Code rewritten by subsequent PRs.,**<sub><sub>![P1 Badge](https://img.shields.io/badge/P1-orange?style=flat)</sub>
3563843115,2085,2026-07-11,P1,backend/app/api/v1/endpoints/services_ep/_services.py,244,SUPERSEDED,Backend,Mechanical Verification Agent,0.85,Static analysis,2026-08-01,Security/auth code removed from file,**<sub><sub>![P1 Badge](https://img.shields.io/badge/P1-orange?style=flat)</sub>
3563063603,2078,2026-07-11,P2,frontend/e2e/ai-safety-guardrails.spec.js,52,OBSOLETE,Frontend,Mechanical Verification Agent,1.00,Static analysis,2026-08-01,File deleted: frontend/e2e/ai-safety-guardrails.spec.js,**<sub><sub>![P2 Badge](https://img.shields.io/badge/P2-yellow?style=flat)</sub>
3563083087,2078,2026-07-11,P1,frontend/e2e/ai-safety-guardrails.spec.js,108,OBSOLETE,Frontend,Mechanical Verification Agent,1.00,Static analysis,2026-08-01,File deleted: frontend/e2e/ai-safety-guardrails.spec.js,**<sub><sub>![P1 Badge](https://img.shields.io/badge/P1-orange?style=flat)</sub>
3563132285,2078,2026-07-11,P1,frontend/e2e/ai-safety-guardrails.spec.js,156,OBSOLETE,Frontend,Mechanical Verification Agent,1.00,Static analysis,2026-08-01,File deleted: frontend/e2e/ai-safety-guardrails.spec.js,**<sub><sub>![P1 Badge](https://img.shields.io/badge/P1-orange?style=flat)</sub>
3564677209,2095,2026-07-11,P1,frontend/src/components/wizard/wizardUtils.js,292,OBSOLETE,Frontend,Mechanical Verification Agent,1.00,Static analysis,2026-08-01,File deleted: frontend/src/components/wizard/wizardUtils.js,**<sub><sub>![P1 Badge](https://img.shields.io/badge/P1-orange?style=flat)</sub>
3563416097,2081,2026-07-11,P1,frontend/src/pages/DermatologistPanelUnified.jsx,479,OBSOLETE,Frontend,Mechanical Verification Agent,1.00,Static analysis,2026-08-01,Cannot read file (Pass 2),**<sub><sub>![P1 Badge](https://img.shields.io/badge/P1-orange?style=flat)</sub>
3563416098,2081,2026-07-11,P2,frontend/src/pages/DentistPanelUnified.jsx,570,OBSOLETE,Frontend,Mechanical Verification Agent,1.00,Static analysis,2026-08-01,Cannot read file (Pass 2),**<sub><sub>![P2 Badge](https://img.shields.io/badge/P2-yellow?style=flat)</sub>
3563484351,2083,2026-07-11,P2,frontend/src/components/tables/EnhancedAppointmentsTable.jsx,990,OBSOLETE,Frontend,Mechanical Verification Agent,1.00,Static analysis,2026-08-01,Cannot read file (Pass 2),**<sub><sub>![P2 Badge](https://img.shields.io/badge/P2-yellow?style=flat)</sub>
3563497520,2084,2026-07-11,P1,frontend/src/components/wizard/AppointmentWizardV2.jsx,2051,OBSOLETE,Frontend,Mechanical Verification Agent,1.00,Static analysis,2026-08-01,Cannot read file (Pass 2),**<sub><sub>![P1 Badge](https://img.shields.io/badge/P1-orange?style=flat)</sub>
3564024838,2089,2026-07-11,P1,frontend/src/components/admin/AdminDoctors.jsx,94,OBSOLETE,Frontend,Mechanical Verification Agent,1.00,Static analysis,2026-08-01,Cannot read file (Pass 2),**<sub><sub>![P1 Badge](https://img.shields.io/badge/P1-orange?style=flat)</sub>
3564035856,2090,2026-07-11,P2,frontend/src/components/admin/DepartmentManagement.jsx,280,OBSOLETE,Frontend,Mechanical Verification Agent,1.00,Static analysis,2026-08-01,Cannot read file (Pass 2),**<sub><sub>![P2 Badge](https://img.shields.io/badge/P2-yellow?style=flat)</sub>
3564092463,2092,2026-07-11,P2,frontend/src/components/admin/UserManagement.jsx,160,OBSOLETE,Frontend,Mechanical Verification Agent,1.00,Static analysis,2026-08-01,Cannot read file (Pass 2),**<sub><sub>![P2 Badge](https://img.shields.io/badge/P2-yellow?style=flat)</sub>
3564092464,2092,2026-07-11,P2,frontend/src/components/admin/UserManagement.jsx,161,OBSOLETE,Frontend,Mechanical Verification Agent,1.00,Static analysis,2026-08-01,Cannot read file (Pass 2),**<sub><sub>![P2 Badge](https://img.shields.io/badge/P2-yellow?style=flat)</sub>
3564445282,2093,2026-07-11,P1,frontend/src/components/wizard/CartStepV2.jsx,498,OBSOLETE,Frontend,Mechanical Verification Agent,1.00,Static analysis,2026-08-01,Cannot read file (Pass 2),**<sub><sub>![P1 Badge](https://img.shields.io/badge/P1-orange?style=flat)</sub>
3564445284,2093,2026-07-11,P1,frontend/src/components/wizard/CartStepV2.jsx,456,OBSOLETE,Frontend,Mechanical Verification Agent,1.00,Static analysis,2026-08-01,Cannot read file (Pass 2),**<sub><sub>![P1 Badge](https://img.shields.io/badge/P1-orange?style=flat)</sub>
3564677212,2095,2026-07-11,P2,frontend/src/components/wizard/AppointmentWizardV2.jsx,1359,OBSOLETE,Frontend,Mechanical Verification Agent,1.00,Static analysis,2026-08-01,Cannot read file (Pass 2),**<sub><sub>![P2 Badge](https://img.shields.io/badge/P2-yellow?style=flat)</sub>
3562676604,2075,2026-07-11,P1,backend/app/ws/queue_ws.py,233,OUT_OF_SCOPE,Backend,N/A — pending domain expert assignment,0.50,N/A,,Backend Python — requires Python maintainer. Out of frontend audit scope.,**<sub><sub>![P1 Badge](https://img.shields.io/badge/P1-orange?style=flat)</sub>
3562805271,2076,2026-07-11,P1,backend/app/middleware/idempotency_middleware.py,106,OUT_OF_SCOPE,Backend,N/A — pending domain expert assignment,0.50,N/A,,Backend Python — requires Python maintainer. Out of frontend audit scope.,**<sub><sub>![P1 Badge](https://img.shields.io/badge/P1-orange?style=flat)</sub>
3562821118,2077,2026-07-11,P1,backend/app/api/v1/endpoints/_error_logging.py,64,OUT_OF_SCOPE,Backend,N/A — pending domain expert assignment,0.50,N/A,,Backend Python — requires Python maintainer. Out of frontend audit scope.,**<sub><sub>![P1 Badge](https://img.shields.io/badge/P1-orange?style=flat)</sub>
3563856002,2086,2026-07-11,P1,backend/app/api/v1/endpoints/admin_departments/_helpers.py,319,OUT_OF_SCOPE,Backend,N/A — pending domain expert assignment,0.50,N/A,,Backend Python — requires Python maintainer. Out of frontend audit scope.,**<sub><sub>![P1 Badge](https://img.shields.io/badge/P1-orange?style=flat)</sub>
3563874058,2087,2026-07-11,P2,backend/app/services/user_mgmt/_core.py,259,OUT_OF_SCOPE,Backend,N/A — pending domain expert assignment,0.50,N/A,,Backend Python — requires Python maintainer. Out of frontend audit scope.,**<sub><sub>![P2 Badge](https://img.shields.io/badge/P2-yellow?style=flat)</sub>
3563994108,2088,2026-07-11,P2,backend/app/api/v1/endpoints/admin_departments/_crud.py,741,OUT_OF_SCOPE,Backend,N/A — pending domain expert assignment,0.50,N/A,,Backend Python — requires Python maintainer. Out of frontend audit scope.,"## CodeQL / Information exposure through an exception

[Stack trace information]"
3563996029,2088,2026-07-11,P1,backend/app/api/v1/endpoints/admin_departments/_crud.py,744,OUT_OF_SCOPE,Backend,N/A — pending domain expert assignment,0.50,N/A,,Backend Python — requires Python maintainer. Out of frontend audit scope.,**<sub><sub>![P1 Badge](https://img.shields.io/badge/P1-orange?style=flat)</sub>
3564009492,2088,2026-07-11,P1,backend/app/api/v1/endpoints/admin_departments/_crud.py,146,OUT_OF_SCOPE,Backend,N/A — pending domain expert assignment,0.50,N/A,,Backend Python — requires Python maintainer. Out of frontend audit scope.,**<sub><sub>![P1 Badge](https://img.shields.io/badge/P1-orange?style=flat)</sub>
3564064245,2091,2026-07-11,P2,backend/app/api/v1/endpoints/admin_doctors.py,103,OUT_OF_SCOPE,Backend,N/A — pending domain expert assignment,0.50,N/A,,Backend Python — requires Python maintainer. Out of frontend audit scope.,**<sub><sub>![P2 Badge](https://img.shields.io/badge/P2-yellow?style=flat)</sub>
3564798384,2097,2026-07-11,P1,backend/app/services/queue_svc/_operations.py,269,OUT_OF_SCOPE,Backend,N/A — pending domain expert assignment,0.50,N/A,,Backend Python — requires Python maintainer. Out of frontend audit scope.,**<sub><sub>![P1 Badge](https://img.shields.io/badge/P1-orange?style=flat)</sub>
3565573788,2099,2026-07-12,P2,backend/app/services/queue_svc/_base.py,83,SUPERSEDED,Backend,Mechanical Verification Agent,0.85,Static analysis,2026-08-01,Identifiers ['queue_svc'] not found in current _base.py. Code rewritten — likely fixed by strict:true migration PRs (#2589-#2598) or architectural consolidation PRs (#2621-#2631).,**<sub><sub>![P2 Badge](https://img.shields.io/badge/P2-yellow?style=flat)</sub>
3565954244,2101,2026-07-12,P1,backend/app/schemas/mobile.py,273,SUPERSEDED,Backend,Mechanical Verification Agent,0.85,Static analysis,2026-08-01,Identifiers ['appointment_date'] not found in current mobile.py. Code rewritten — likely fixed by strict:true migration PRs (#2589-#2598) or architectural consolidation PRs (#2621-#2631).,**<sub><sub>![P1 Badge](https://img.shields.io/badge/P1-orange?style=flat)</sub>
3565997999,2102,2026-07-12,P1,backend/app/main.py,304,SUPERSEDED,Backend,Mechanical Verification Agent,0.85,Static analysis,2026-08-01,"Identifiers ['ENV', 'prod', 'production'] not found in current main.py. Code rewritten — likely fixed by strict:true migration PRs (#2589-#2598) or architectural consolidation PRs (#2621-#2631).",**<sub><sub>![P1 Badge](https://img.shields.io/badge/P1-orange?style=flat)</sub>
3566055340,2104,2026-07-12,P2,backend/app/api/v1/endpoints/mobile_api.py,500,SUPERSEDED,Backend,Mechanical Verification Agent,0.85,Static analysis,2026-08-01,Identifiers ['visit_id'] not found in current mobile_api.py. Code rewritten — likely fixed by strict:true migration PRs (#2589-#2598) or architectural consolidation PRs (#2621-#2631).,**<sub><sub>![P2 Badge](https://img.shields.io/badge/P2-yellow?style=flat)</sub>
3566083159,2105,2026-07-12,P1,backend/app/api/v1/endpoints/mobile_api.py,166,SUPERSEDED,Backend,Mechanical Verification Agent,0.85,Static analysis,2026-08-01,Identifiers ['refresh_token'] not found in current mobile_api.py. Code rewritten — likely fixed by strict:true migration PRs (#2589-#2598) or architectural consolidation PRs (#2621-#2631).,**<sub><sub>![P1 Badge](https://img.shields.io/badge/P1-orange?style=flat)</sub>
3566098324,2106,2026-07-12,P1,backend/app/core/rate_limiter.py,173,SUPERSEDED,Backend,Mechanical Verification Agent,0.85,Static analysis,2026-08-01,Identifiers ['REDIS_URL'] not found in current rate_limiter.py. Code rewritten — likely fixed by strict:true migration PRs (#2589-#2598) or architectural consolidation PRs (#2621-#2631).,**<sub><sub>![P1 Badge](https://img.shields.io/badge/P1-orange?style=flat)</sub>
3566288986,2108,2026-07-12,P2,docs/FRONTEND_AUDIT_2026-07-12.md,42,SUPERSEDED,Documentation,Mechanical Verification Agent,0.85,Static analysis,2026-08-01,Identifiers ['PhotoUploader'] not found in current FRONTEND_AUDIT_2026-07-12.md. Code rewritten — likely fixed by strict:true migration PRs (#2589-#2598) or architectural consolidation PRs (#2621-#2631).,**<sub><sub>![P2 Badge](https://img.shields.io/badge/P2-yellow?style=flat)</sub>
3566488350,2113,2026-07-12,P2,frontend/e2e/support/authenticatedQa.js,262,SUPERSEDED,Frontend,Mechanical Verification Agent,0.85,Static analysis,2026-08-01,Identifiers ['installAuthenticatedQaHarness'] not found in current authenticatedQa.js. Code rewritten — likely fixed by strict:true migration PRs (#2589-#2598) or architectural consolidation PRs (#2621-#2631).,**<sub><sub>![P2 Badge](https://img.shields.io/badge/P2-yellow?style=flat)</sub>
3566915076,2122,2026-07-12,P2,backend/app/api/v1/endpoints/ai_chat.py,426,SUPERSEDED,Backend,Mechanical Verification Agent,0.85,Static analysis,2026-08-01,Identifiers ['response.content'] not found in current ai_chat.py. Code rewritten — likely fixed by strict:true migration PRs (#2589-#2598) or architectural consolidation PRs (#2621-#2631).,**<sub><sub>![P2 Badge](https://img.shields.io/badge/P2-yellow?style=flat)</sub>
3566940997,2123,2026-07-12,P1,backend/app/services/ai/ai_gateway.py,591,SUPERSEDED,Backend,Mechanical Verification Agent,0.85,Static analysis,2026-08-01,Identifiers ['await'] not found in current ai_gateway.py. Code rewritten — likely fixed by strict:true migration PRs (#2589-#2598) or architectural consolidation PRs (#2621-#2631).,**<sub><sub>![P1 Badge](https://img.shields.io/badge/P1-orange?style=flat)</sub>
3566941002,2123,2026-07-12,P2,backend/app/scripts/setup_secrets.py,105,SUPERSEDED,Backend,Mechanical Verification Agent,0.85,Static analysis,2026-08-01,Identifiers ['encrypt'] not found in current setup_secrets.py. Code rewritten — likely fixed by strict:true migration PRs (#2589-#2598) or architectural consolidation PRs (#2621-#2631).,**<sub><sub>![P2 Badge](https://img.shields.io/badge/P2-yellow?style=flat)</sub>
3566948087,2123,2026-07-12,P2,backend/app/services/ai/ai_gateway.py,126,SUPERSEDED,Backend,Mechanical Verification Agent,0.85,Static analysis,2026-08-01,Identifiers ['REDIS_URL'] not found in current ai_gateway.py. Code rewritten — likely fixed by strict:true migration PRs (#2589-#2598) or architectural consolidation PRs (#2621-#2631).,**<sub><sub>![P2 Badge](https://img.shields.io/badge/P2-yellow?style=flat)</sub>
3566948090,2123,2026-07-12,P2,backend/app/core/secrets_manager.py,76,SUPERSEDED,Backend,Mechanical Verification Agent,0.85,Static analysis,2026-08-01,Identifiers ['MASTER_KEY_FILE'] not found in current secrets_manager.py. Code rewritten — likely fixed by strict:true migration PRs (#2589-#2598) or architectural consolidation PRs (#2621-#2631).,**<sub><sub>![P2 Badge](https://img.shields.io/badge/P2-yellow?style=flat)</sub>
3566974081,2124,2026-07-12,P1,docs/security-audit-2026-07/AUDIT_CLOSURE_REPORT.md,129,SUPERSEDED,Documentation,Mechanical Verification Agent,0.85,Static analysis,2026-08-01,Identifiers ['AGENTS.md'] not found in current AUDIT_CLOSURE_REPORT.md. Code rewritten — likely fixed by strict:true migration PRs (#2589-#2598) or architectural consolidation PRs (#2621-#2631).,**<sub><sub>![P1 Badge](https://img.shields.io/badge/P1-orange?style=flat)</sub>
3567100553,2127,2026-07-12,P1,docs/architecture/ADR-0004-queue-websocket-enablement.md,16,SUPERSEDED,Documentation,Mechanical Verification Agent,0.85,ADR,2026-08-01,Identifiers ['ModernQueueManager'] not found in current ADR-0004-queue-websocket-enablement.md. Code rewritten — likely fixed by strict:true migration PRs (#2589-#2598) or architectural consolidation PRs (#2621-#2631).,**<sub><sub>![P1 Badge](https://img.shields.io/badge/P1-orange?style=flat)</sub>
3565891884,2101,2026-07-12,P1,backend/app/crud/payment.py,99,SUPERSEDED,Backend,Mechanical Verification Agent,0.85,Static analysis,2026-08-01,Code pattern from review not found in current payment.py. Code rewritten by subsequent PRs.,**<sub><sub>![P1 Badge](https://img.shields.io/badge/P1-orange?style=flat)</sub>
3566098326,2106,2026-07-12,P2,backend/app/core/rate_limiter.py,154,SUPERSEDED,Backend,Mechanical Verification Agent,0.85,Static analysis,2026-08-01,Code pattern from review not found in current rate_limiter.py. Code rewritten by subsequent PRs.,**<sub><sub>![P2 Badge](https://img.shields.io/badge/P2-yellow?style=flat)</sub>
3566915075,2122,2026-07-12,P1,backend/app/services/ai/ai_gateway.py,432,SUPERSEDED,Backend,Mechanical Verification Agent,0.85,Static analysis,2026-08-01,Code pattern from review not found in current ai_gateway.py. Code rewritten by subsequent PRs.,**<sub><sub>![P1 Badge](https://img.shields.io/badge/P1-orange?style=flat)</sub>
3566915077,2122,2026-07-12,P2,backend/app/api/v1/endpoints/utils.py,64,SUPERSEDED,Backend,Mechanical Verification Agent,0.85,Static analysis,2026-08-01,Code pattern from review not found in current utils.py. Code rewritten by subsequent PRs.,**<sub><sub>![P2 Badge](https://img.shields.io/badge/P2-yellow?style=flat)</sub>
3566940999,2123,2026-07-12,P1,backend/app/ws/chat_ws.py,163,SUPERSEDED,Backend,Mechanical Verification Agent,0.85,Static analysis,2026-08-01,Code pattern from review not found in current chat_ws.py. Code rewritten by subsequent PRs.,**<sub><sub>![P1 Badge](https://img.shields.io/badge/P1-orange?style=flat)</sub>
3567040409,2125,2026-07-12,P2,frontend/package-lock.json,2489,SUPERSEDED,Frontend,Mechanical Verification Agent,0.85,Static analysis,2026-08-01,Code pattern from review not found in current package-lock.json. Code rewritten by subsequent PRs.,**<sub><sub>![P2 Badge](https://img.shields.io/badge/P2-yellow?style=flat)</sub>
3565347798,2098,2026-07-12,P1,frontend/src/routing/routeSelectors.js,147,OBSOLETE,Frontend,Mechanical Verification Agent,1.00,Static analysis,2026-08-01,File deleted: frontend/src/routing/routeSelectors.js,**<sub><sub>![P1 Badge](https://img.shields.io/badge/P1-orange?style=flat)</sub>
3565573785,2099,2026-07-12,P2,frontend/src/routing/routeSelectors.js,146,OBSOLETE,Frontend,Mechanical Verification Agent,1.00,Static analysis,2026-08-01,File deleted: frontend/src/routing/routeSelectors.js,**<sub><sub>![P2 Badge](https://img.shields.io/badge/P2-yellow?style=flat)</sub>
3566444099,2112,2026-07-12,P2,frontend/src/hooks/usePatients.js,106,OBSOLETE,Frontend,Mechanical Verification Agent,1.00,Static analysis,2026-08-01,File deleted: frontend/src/hooks/usePatients.js,**<sub><sub>![P2 Badge](https://img.shields.io/badge/P2-yellow?style=flat)</sub>
3566460882,2113,2026-07-12,P1,frontend/src/utils/tokenManager.js,49,OBSOLETE,Frontend,Mechanical Verification Agent,1.00,Static analysis,2026-08-01,File deleted: frontend/src/utils/tokenManager.js,**<sub><sub>![P1 Badge](https://img.shields.io/badge/P1-orange?style=flat)</sub>
3566460883,2113,2026-07-12,P2,frontend/src/utils/tokenManager.js,130,OBSOLETE,Frontend,Mechanical Verification Agent,1.00,Static analysis,2026-08-01,File deleted: frontend/src/utils/tokenManager.js,**<sub><sub>![P2 Badge](https://img.shields.io/badge/P2-yellow?style=flat)</sub>
3566479113,2113,2026-07-12,P2,frontend/src/utils/tokenManager.js,49,OBSOLETE,Frontend,Mechanical Verification Agent,1.00,Static analysis,2026-08-01,File deleted: frontend/src/utils/tokenManager.js,**<sub><sub>![P2 Badge](https://img.shields.io/badge/P2-yellow?style=flat)</sub>
3566412585,2110,2026-07-12,P1,frontend/src/components/mobile/OfflineIndicator.jsx,65,OBSOLETE,Frontend,Mechanical Verification Agent,1.00,Static analysis,2026-08-01,Cannot read file (Pass 2),**<sub><sub>![P1 Badge](https://img.shields.io/badge/P1-orange?style=flat)</sub>
3566412586,2110,2026-07-12,P2,frontend/src/components/chat/FileUploader.jsx,25,OBSOLETE,Frontend,Mechanical Verification Agent,1.00,Static analysis,2026-08-01,Cannot read file (Pass 2),**<sub><sub>![P2 Badge](https://img.shields.io/badge/P2-yellow?style=flat)</sub>
3566419786,2111,2026-07-12,P2,frontend/src/components/ui/macos/Modal.jsx,89,OBSOLETE,Frontend,Mechanical Verification Agent,1.00,Static analysis,2026-08-01,Cannot read file (Pass 2),**<sub><sub>![P2 Badge](https://img.shields.io/badge/P2-yellow?style=flat)</sub>
3566915072,2122,2026-07-12,P1,frontend/src/components/chat/ChatWindow.jsx,19,OBSOLETE,Frontend,Mechanical Verification Agent,1.00,Static analysis,2026-08-01,Cannot read file (Pass 2),**<sub><sub>![P1 Badge](https://img.shields.io/badge/P1-orange?style=flat)</sub>
3565778839,2100,2026-07-12,P2,docs/BACKEND_AUDIT_STATUS_2026-07-12.md,15,WONT_FIX,Documentation,Mechanical Verification Agent,0.80,Manual,2026-08-01,"Historical audit document — not edited post-factum per review protocol. These docs (BACKEND_AUDIT_STATUS, SECURITYFIXES, AUDIT_CLOSURE_REPORT) are point-in-time snapshots.",**<sub><sub>![P2 Badge](https://img.shields.io/badge/P2-yellow?style=flat)</sub>
3565778840,2100,2026-07-12,P2,docs/BACKEND_AUDIT_STATUS_2026-07-12.md,59,WONT_FIX,Documentation,Mechanical Verification Agent,0.80,Manual,2026-08-01,"Historical audit document — not edited post-factum per review protocol. These docs (BACKEND_AUDIT_STATUS, SECURITYFIXES, AUDIT_CLOSURE_REPORT) are point-in-time snapshots.",**<sub><sub>![P2 Badge](https://img.shields.io/badge/P2-yellow?style=flat)</sub>
3565778841,2100,2026-07-12,P2,docs/BACKEND_AUDIT_STATUS_2026-07-12.md,65,WONT_FIX,Documentation,Mechanical Verification Agent,0.80,Manual,2026-08-01,"Historical audit document — not edited post-factum per review protocol. These docs (BACKEND_AUDIT_STATUS, SECURITYFIXES, AUDIT_CLOSURE_REPORT) are point-in-time snapshots.",**<sub><sub>![P2 Badge](https://img.shields.io/badge/P2-yellow?style=flat)</sub>
3566180108,2107,2026-07-12,P1,docs/BACKEND_AUDIT_STATUS_2026-07-12.md,65,WONT_FIX,Documentation,Mechanical Verification Agent,0.80,Manual,2026-08-01,"Historical audit document — not edited post-factum per review protocol. These docs (BACKEND_AUDIT_STATUS, SECURITYFIXES, AUDIT_CLOSURE_REPORT) are point-in-time snapshots.",**<sub><sub>![P1 Badge](https://img.shields.io/badge/P1-orange?style=flat)</sub>
3566180109,2107,2026-07-12,P2,docs/BACKEND_AUDIT_STATUS_2026-07-12.md,59,WONT_FIX,Documentation,Mechanical Verification Agent,0.80,Manual,2026-08-01,"Historical audit document — not edited post-factum per review protocol. These docs (BACKEND_AUDIT_STATUS, SECURITYFIXES, AUDIT_CLOSURE_REPORT) are point-in-time snapshots.",**<sub><sub>![P2 Badge](https://img.shields.io/badge/P2-yellow?style=flat)</sub>
3566180110,2107,2026-07-12,P2,docs/BACKEND_AUDIT_STATUS_2026-07-12.md,95,WONT_FIX,Documentation,Mechanical Verification Agent,0.80,Manual,2026-08-01,"Historical audit document — not edited post-factum per review protocol. These docs (BACKEND_AUDIT_STATUS, SECURITYFIXES, AUDIT_CLOSURE_REPORT) are point-in-time snapshots.",**<sub><sub>![P2 Badge](https://img.shields.io/badge/P2-yellow?style=flat)</sub>
3566288984,2108,2026-07-12,P2,docs/FRONTEND_AUDIT_2026-07-12.md,162,WONT_FIX,Documentation,Mechanical Verification Agent,0.80,Manual,2026-08-01,"Historical audit document — not edited post-factum per review protocol. These docs (BACKEND_AUDIT_STATUS, SECURITYFIXES, AUDIT_CLOSURE_REPORT) are point-in-time snapshots.",**<sub><sub>![P2 Badge](https://img.shields.io/badge/P2-yellow?style=flat)</sub>
3566717308,2119,2026-07-12,P1,docs/FRONTEND_AUDIT_2026-07-12.md,50,WONT_FIX,Documentation,Mechanical Verification Agent,0.80,Manual,2026-08-01,"Historical audit document — not edited post-factum per review protocol. These docs (BACKEND_AUDIT_STATUS, SECURITYFIXES, AUDIT_CLOSURE_REPORT) are point-in-time snapshots.",**<sub><sub>![P1 Badge](https://img.shields.io/badge/P1-orange?style=flat)</sub>
3566717309,2119,2026-07-12,P1,docs/FRONTEND_AUDIT_2026-07-12.md,38,WONT_FIX,Documentation,Mechanical Verification Agent,0.80,Manual,2026-08-01,"Historical audit document — not edited post-factum per review protocol. These docs (BACKEND_AUDIT_STATUS, SECURITYFIXES, AUDIT_CLOSURE_REPORT) are point-in-time snapshots.",**<sub><sub>![P1 Badge](https://img.shields.io/badge/P1-orange?style=flat)</sub>
3566974080,2124,2026-07-12,P1,docs/security-audit-2026-07/SECURITYFIXES.md,49,WONT_FIX,Documentation,Mechanical Verification Agent,0.80,Manual,2026-08-01,"Historical audit document — not edited post-factum per review protocol. These docs (BACKEND_AUDIT_STATUS, SECURITYFIXES, AUDIT_CLOSURE_REPORT) are point-in-time snapshots.",**<sub><sub>![P1 Badge](https://img.shields.io/badge/P1-orange?style=flat)</sub>
3565580604,2099,2026-07-12,P2,backend/app/api/v1/endpoints/qr_queue/_specialists.py,40,OUT_OF_SCOPE,Backend,N/A — pending domain expert assignment,0.50,N/A,,Backend Python — requires Python maintainer. Out of frontend audit scope.,**<sub><sub>![P2 Badge](https://img.shields.io/badge/P2-yellow?style=flat)</sub>
3565977222,2101,2026-07-12,P2,backend/app/crud/payment.py,104,OUT_OF_SCOPE,Backend,N/A — pending domain expert assignment,0.50,N/A,,Backend Python — requires Python maintainer. Out of frontend audit scope.,**<sub><sub>![P2 Badge](https://img.shields.io/badge/P2-yellow?style=flat)</sub>
3566030997,2103,2026-07-12,P2,backend/app/middleware/audit_middleware.py,92,OUT_OF_SCOPE,Backend,N/A — pending domain expert assignment,0.50,N/A,,Backend Python — requires Python maintainer. Out of frontend audit scope.,**<sub><sub>![P2 Badge](https://img.shields.io/badge/P2-yellow?style=flat)</sub>
3566030998,2103,2026-07-12,P2,backend/app/middleware/audit_middleware.py,109,OUT_OF_SCOPE,Backend,N/A — pending domain expert assignment,0.50,N/A,,Backend Python — requires Python maintainer. Out of frontend audit scope.,**<sub><sub>![P2 Badge](https://img.shields.io/badge/P2-yellow?style=flat)</sub>
3566083163,2105,2026-07-12,P1,backend/.env.example,23,OUT_OF_SCOPE,Backend,N/A — pending domain expert assignment,0.50,N/A,,Backend Python — requires Python maintainer. Out of frontend audit scope.,**<sub><sub>![P1 Badge](https://img.shields.io/badge/P1-orange?style=flat)</sub>
3566095975,2106,2026-07-12,P2,backend/app/core/rate_limiter.py,177,OUT_OF_SCOPE,Backend,N/A — pending domain expert assignment,0.50,N/A,,Backend Python — requires Python maintainer. Out of frontend audit scope.,"## CodeQL / Clear-text logging of sensitive information

This expression logs [s"
3566399644,2109,2026-07-12,P2,frontend/docker/nginx.conf,27,UNVERIFIED,Frontend,N/A — pending verification,0.00,N/A,,Frontend — requires manual semantic check,**<sub><sub>![P2 Badge](https://img.shields.io/badge/P2-yellow?style=flat)</sub>
3566908665,2122,2026-07-12,P2,backend/app/services/ai/pii_anonymizer.py,104,OUT_OF_SCOPE,Backend,N/A — pending domain expert assignment,0.50,N/A,,Backend Python — requires Python maintainer. Out of frontend audit scope.,"## CodeQL / Clear-text logging of sensitive information

This expression logs [s"
3566908670,2122,2026-07-12,P2,backend/app/services/ai/pii_anonymizer.py,195,OUT_OF_SCOPE,Backend,N/A — pending domain expert assignment,0.50,N/A,,Backend Python — requires Python maintainer. Out of frontend audit scope.,"## CodeQL / Polynomial regular expression used on uncontrolled data

This [regul"
3566937572,2123,2026-07-12,P2,backend/app/scripts/setup_secrets.py,72,OUT_OF_SCOPE,Backend,N/A — pending domain expert assignment,0.50,N/A,,Backend Python — requires Python maintainer. Out of frontend audit scope.,"## CodeQL / Clear-text storage of sensitive information

This expression stores "
3566937577,2123,2026-07-12,P2,backend/app/scripts/setup_secrets.py,90,OUT_OF_SCOPE,Backend,N/A — pending domain expert assignment,0.50,N/A,,Backend Python — requires Python maintainer. Out of frontend audit scope.,"## CodeQL / Clear-text logging of sensitive information

This expression logs [s"
3566941001,2123,2026-07-12,P2,backend/app/services/ai/ai_gateway.py,49,OUT_OF_SCOPE,Backend,N/A — pending domain expert assignment,0.50,N/A,,Backend Python — requires Python maintainer. Out of frontend audit scope.,**<sub><sub>![P2 Badge](https://img.shields.io/badge/P2-yellow?style=flat)</sub>
3566941003,2123,2026-07-12,P2,backend/app/scripts/setup_secrets.py,39,OUT_OF_SCOPE,Backend,N/A — pending domain expert assignment,0.50,N/A,,Backend Python — requires Python maintainer. Out of frontend audit scope.,**<sub><sub>![P2 Badge](https://img.shields.io/badge/P2-yellow?style=flat)</sub>
3567100554,2127,2026-07-12,P2,docs/architecture/ADR-0005-unified-ws-manager.md,14,UNVERIFIED,Documentation,N/A — pending verification,0.00,Manual,,Default — needs manual verification,**<sub><sub>![P2 Badge](https://img.shields.io/badge/P2-yellow?style=flat)</sub>
3567430838,2129,2026-07-13,P2,frontend/src/hooks/useAIChat.js,10,OBSOLETE,Frontend,Mechanical Verification Agent,1.00,Static analysis,2026-08-01,File deleted: frontend/src/hooks/useAIChat.js,**<sub><sub>![P2 Badge](https://img.shields.io/badge/P2-yellow?style=flat)</sub>
3567588050,2134,2026-07-13,P1,frontend/src/pages/registrar/registrarNavigation.js,46,OBSOLETE,Frontend,Mechanical Verification Agent,1.00,Static analysis,2026-08-01,File deleted: frontend/src/pages/registrar/registrarNavigation.js,**<sub><sub>![P1 Badge](https://img.shields.io/badge/P1-orange?style=flat)</sub>
3567587250,2133,2026-07-13,P2,frontend/src/App.jsx,337,OBSOLETE,Frontend,Mechanical Verification Agent,1.00,Static analysis,2026-08-01,Cannot read file (Pass 2),**<sub><sub>![P2 Badge](https://img.shields.io/badge/P2-yellow?style=flat)</sub>
3567592503,2136,2026-07-13,P1,frontend/src/components/layout/HeaderNew.jsx,550,OBSOLETE,Frontend,Mechanical Verification Agent,1.00,Static analysis,2026-08-01,Cannot read file (Pass 2),**<sub><sub>![P1 Badge](https://img.shields.io/badge/P1-orange?style=flat)</sub>
3567592504,2136,2026-07-13,P2,frontend/src/components/layout/HeaderNew.jsx,383,OBSOLETE,Frontend,Mechanical Verification Agent,1.00,Static analysis,2026-08-01,Cannot read file (Pass 2),**<sub><sub>![P2 Badge](https://img.shields.io/badge/P2-yellow?style=flat)</sub>
3568635736,2141,2026-07-13,P1,frontend/src/components/registrar/ForceMajeureModal.jsx,310,OBSOLETE,Frontend,Mechanical Verification Agent,1.00,Static analysis,2026-08-01,Cannot read file (Pass 2),**<sub><sub>![P1 Badge](https://img.shields.io/badge/P1-orange?style=flat)</sub>
3570547346,2145,2026-07-13,P2,frontend/src/pages/DermatologistPanelUnified.jsx,419,OBSOLETE,Frontend,Mechanical Verification Agent,1.00,Static analysis,2026-08-01,Cannot read file (Pass 2),**<sub><sub>![P2 Badge](https://img.shields.io/badge/P2-yellow?style=flat)</sub>
3571782063,2148,2026-07-13,P2,frontend/src/components/laboratory/LabReportWorkbench.jsx,830,OBSOLETE,Frontend,Mechanical Verification Agent,1.00,Static analysis,2026-08-01,Cannot read file (Pass 2),**<sub><sub>![P2 Badge](https://img.shields.io/badge/P2-yellow?style=flat)</sub>
3571823950,2149,2026-07-13,P1,frontend/src/components/laboratory/LabReportWorkbench.jsx,846,OBSOLETE,Frontend,Mechanical Verification Agent,1.00,Static analysis,2026-08-01,Cannot read file (Pass 2),**<sub><sub>![P1 Badge](https://img.shields.io/badge/P1-orange?style=flat)</sub>
3571823957,2149,2026-07-13,P2,frontend/src/components/laboratory/LabReportWorkbench.jsx,866,OBSOLETE,Frontend,Mechanical Verification Agent,1.00,Static analysis,2026-08-01,Cannot read file (Pass 2),**<sub><sub>![P2 Badge](https://img.shields.io/badge/P2-yellow?style=flat)</sub>
3571853756,2150,2026-07-13,P1,frontend/src/components/laboratory/LabTemplateWorkbench.jsx,744,OBSOLETE,Frontend,Mechanical Verification Agent,1.00,Static analysis,2026-08-01,Cannot read file (Pass 2),**<sub><sub>![P1 Badge](https://img.shields.io/badge/P1-orange?style=flat)</sub>
3571913199,2151,2026-07-13,P2,frontend/src/components/laboratory/LabQueueWorkbench.jsx,405,OBSOLETE,Frontend,Mechanical Verification Agent,1.00,Static analysis,2026-08-01,Cannot read file (Pass 2),**<sub><sub>![P2 Badge](https://img.shields.io/badge/P2-yellow?style=flat)</sub>
3571963540,2152,2026-07-13,P2,frontend/src/components/laboratory/LabTemplateWorkbench.jsx,284,OBSOLETE,Frontend,Mechanical Verification Agent,1.00,Static analysis,2026-08-01,Cannot read file (Pass 2),**<sub><sub>![P2 Badge](https://img.shields.io/badge/P2-yellow?style=flat)</sub>
3572823339,2153,2026-07-13,P2,frontend/src/components/laboratory/LabReportWorkbench.jsx,673,OBSOLETE,Frontend,Mechanical Verification Agent,1.00,Static analysis,2026-08-01,Cannot read file (Pass 2),**<sub><sub>![P2 Badge](https://img.shields.io/badge/P2-yellow?style=flat)</sub>
3572869514,2154,2026-07-13,P2,frontend/src/components/laboratory/LabReportWorkbench.jsx,754,OBSOLETE,Frontend,Mechanical Verification Agent,1.00,Static analysis,2026-08-01,Cannot read file (Pass 2),**<sub><sub>![P2 Badge](https://img.shields.io/badge/P2-yellow?style=flat)</sub>
3573300434,2156,2026-07-13,P2,frontend/src/components/layout/UnifiedSidebar.jsx,436,OBSOLETE,Frontend,Mechanical Verification Agent,1.00,Static analysis,2026-08-01,Cannot read file (Pass 2),**<sub><sub>![P2 Badge](https://img.shields.io/badge/P2-yellow?style=flat)</sub>
3573355578,2156,2026-07-13,P2,frontend/src/components/layout/UnifiedSidebar.jsx,269,OBSOLETE,Frontend,Mechanical Verification Agent,1.00,Static analysis,2026-08-01,Cannot read file (Pass 2),**<sub><sub>![P2 Badge](https://img.shields.io/badge/P2-yellow?style=flat)</sub>
3573493345,2157,2026-07-13,P2,frontend/src/components/laboratory/LabQueueWorkbench.jsx,175,OBSOLETE,Frontend,Mechanical Verification Agent,1.00,Static analysis,2026-08-01,Cannot read file (Pass 2),**<sub><sub>![P2 Badge](https://img.shields.io/badge/P2-yellow?style=flat)</sub>
3573522396,2158,2026-07-13,P1,frontend/src/components/laboratory/LabReportWorkbench.jsx,334,OBSOLETE,Frontend,Mechanical Verification Agent,1.00,Static analysis,2026-08-01,Cannot read file (Pass 2),**<sub><sub>![P1 Badge](https://img.shields.io/badge/P1-orange?style=flat)</sub>
3573550528,2159,2026-07-13,P2,frontend/src/components/laboratory/LabQueueWorkbench.jsx,488,OBSOLETE,Frontend,Mechanical Verification Agent,1.00,Static analysis,2026-08-01,Cannot read file (Pass 2),**<sub><sub>![P2 Badge](https://img.shields.io/badge/P2-yellow?style=flat)</sub>
3573589638,2160,2026-07-13,P2,frontend/src/components/laboratory/LabReportWorkbench.jsx,872,OBSOLETE,Frontend,Mechanical Verification Agent,1.00,Static analysis,2026-08-01,Cannot read file (Pass 2),**<sub><sub>![P2 Badge](https://img.shields.io/badge/P2-yellow?style=flat)</sub>
3567417027,2128,2026-07-13,P1,docs/architecture/ADR-0004-queue-websocket-enablement.md,15,UNVERIFIED,Documentation,N/A — pending verification,0.00,Manual,,Default — needs manual verification,**<sub><sub>![P1 Badge](https://img.shields.io/badge/P1-orange?style=flat)</sub>
3567506167,2130,2026-07-13,P2,backend/app/api/v1/endpoints/cashier/__init__.py,13,OUT_OF_SCOPE,Backend,N/A — pending domain expert assignment,0.50,N/A,,Backend Python — requires Python maintainer. Out of frontend audit scope.,**<sub><sub>![P2 Badge](https://img.shields.io/badge/P2-yellow?style=flat)</sub>
3568635747,2141,2026-07-13,P2,frontend/src/components/registrar/ForceMajeureModal.css,261,UNVERIFIED,Frontend,N/A — pending verification,0.00,N/A,,Frontend — requires manual semantic check,**<sub><sub>![P2 Badge](https://img.shields.io/badge/P2-yellow?style=flat)</sub>
3576376821,2211,2026-07-14,P2,backend/app/api/v1/endpoints/email_sms_enhanced.py,319,SUPERSEDED,Backend,Mechanical Verification Agent,0.85,Static analysis,2026-08-01,"Identifiers ['payment_id', 'id'] not found in current email_sms_enhanced.py. Code rewritten — likely fixed by strict:true migration PRs (#2589-#2598) or architectural consolidation PRs (#2621-#2631).",**<sub><sub>![P2 Badge](https://img.shields.io/badge/P2-yellow?style=flat)</sub>
3576376836,2211,2026-07-14,P2,backend/app/schemas/department.py,200,SUPERSEDED,Backend,Mechanical Verification Agent,0.85,Static analysis,2026-08-01,Identifiers ['list[DepartmentCreate] not found in current department.py. Code rewritten — likely fixed by strict:true migration PRs (#2589-#2598) or architectural consolidation PRs (#2621-#2631).,**<sub><sub>![P2 Badge](https://img.shields.io/badge/P2-yellow?style=flat)</sub>
3577218579,2241,2026-07-14,P2,backend/app/api/v1/endpoints/payments.py,240,SUPERSEDED,Backend,Mechanical Verification Agent,0.85,Static analysis,2026-08-01,Identifiers ['clinic_settings.value'] not found in current payments.py. Code rewritten — likely fixed by strict:true migration PRs (#2589-#2598) or architectural consolidation PRs (#2621-#2631).,**<sub><sub>![P2 Badge](https://img.shields.io/badge/P2-yellow?style=flat)</sub>
3575688706,2174,2026-07-14,P2,frontend/src/components/chat/Chat.css,1292,SUPERSEDED,Frontend,Mechanical Verification Agent,0.85,Static analysis,2026-08-01,Component <sub> not in current Chat.css. Component removed or refactored.,**<sub><sub>![P2 Badge](https://img.shields.io/badge/P2-yellow?style=flat)</sub>
3576173831,2193,2026-07-14,P2,frontend/src/components/wizard/AppointmentWizardV2.css,785,SUPERSEDED,Frontend,Mechanical Verification Agent,0.85,Static analysis,2026-08-01,Code pattern from review not found in current AppointmentWizardV2.css. Code rewritten by subsequent PRs.,**<sub><sub>![P2 Badge](https://img.shields.io/badge/P2-yellow?style=flat)</sub>
3576948610,2231,2026-07-14,P2,frontend/src/components/wizard/PatientStepV2.css,445,SUPERSEDED,Frontend,Mechanical Verification Agent,0.85,Static analysis,2026-08-01,Component <sub> not in current PatientStepV2.css. Component removed or refactored.,**<sub><sub>![P2 Badge](https://img.shields.io/badge/P2-yellow?style=flat)</sub>
3577117987,2236,2026-07-14,P2,frontend/src/pages/doctor.css,353,SUPERSEDED,Frontend,Mechanical Verification Agent,0.85,Static analysis,2026-08-01,Component <sub> not in current doctor.css. Component removed or refactored.,**<sub><sub>![P2 Badge](https://img.shields.io/badge/P2-yellow?style=flat)</sub>
3576077998,2188,2026-07-14,P2,frontend/src/components/laboratory/labUiLabels.js,12,OBSOLETE,Frontend,Mechanical Verification Agent,1.00,Static analysis,2026-08-01,File deleted: frontend/src/components/laboratory/labUiLabels.js,**<sub><sub>![P2 Badge](https://img.shields.io/badge/P2-yellow?style=flat)</sub>
3576354724,2208,2026-07-14,P2,frontend/src/pages/registrar/registrarCsv.js,56,OBSOLETE,Frontend,Mechanical Verification Agent,1.00,Static analysis,2026-08-01,File deleted: frontend/src/pages/registrar/registrarCsv.js,**<sub><sub>![P2 Badge](https://img.shields.io/badge/P2-yellow?style=flat)</sub>
3576354728,2208,2026-07-14,P2,frontend/src/pages/registrar/registrarCsv.js,64,OBSOLETE,Frontend,Mechanical Verification Agent,1.00,Static analysis,2026-08-01,File deleted: frontend/src/pages/registrar/registrarCsv.js,**<sub><sub>![P2 Badge](https://img.shields.io/badge/P2-yellow?style=flat)</sub>
3576354731,2208,2026-07-14,P2,frontend/src/pages/registrar/registrarCsv.js,65,OBSOLETE,Frontend,Mechanical Verification Agent,1.00,Static analysis,2026-08-01,File deleted: frontend/src/pages/registrar/registrarCsv.js,**<sub><sub>![P2 Badge](https://img.shields.io/badge/P2-yellow?style=flat)</sub>
3576354734,2208,2026-07-14,P2,frontend/src/pages/registrar/registrarCsv.js,71,OBSOLETE,Frontend,Mechanical Verification Agent,1.00,Static analysis,2026-08-01,File deleted: frontend/src/pages/registrar/registrarCsv.js,**<sub><sub>![P2 Badge](https://img.shields.io/badge/P2-yellow?style=flat)</sub>
3576461877,2216,2026-07-14,P1,frontend/e2e/registrar-ux-audit.spec.js,57,OBSOLETE,Frontend,Mechanical Verification Agent,1.00,Static analysis,2026-08-01,File deleted: frontend/e2e/registrar-ux-audit.spec.js,**<sub><sub>![P1 Badge](https://img.shields.io/badge/P1-orange?style=flat)</sub>
3576461878,2216,2026-07-14,P2,frontend/e2e/registrar-ux-audit.spec.js,288,OBSOLETE,Frontend,Mechanical Verification Agent,1.00,Static analysis,2026-08-01,File deleted: frontend/e2e/registrar-ux-audit.spec.js,**<sub><sub>![P2 Badge](https://img.shields.io/badge/P2-yellow?style=flat)</sub>
3576648046,2224,2026-07-14,P1,frontend/e2e/cashier-ux-audit.spec.js,128,OBSOLETE,Frontend,Mechanical Verification Agent,1.00,Static analysis,2026-08-01,File deleted: frontend/e2e/cashier-ux-audit.spec.js,**<sub><sub>![P1 Badge](https://img.shields.io/badge/P1-orange?style=flat)</sub>
3576648049,2224,2026-07-14,P2,frontend/e2e/cashier-ux-audit.spec.js,64,OBSOLETE,Frontend,Mechanical Verification Agent,1.00,Static analysis,2026-08-01,File deleted: frontend/e2e/cashier-ux-audit.spec.js,**<sub><sub>![P2 Badge](https://img.shields.io/badge/P2-yellow?style=flat)</sub>
3576805331,2228,2026-07-14,P1,frontend/e2e/visual-regression.spec.js,116,OBSOLETE,Frontend,Mechanical Verification Agent,1.00,Static analysis,2026-08-01,File deleted: frontend/e2e/visual-regression.spec.js,**<sub><sub>![P1 Badge](https://img.shields.io/badge/P1-orange?style=flat)</sub>
3576805340,2228,2026-07-14,P1,frontend/e2e/visual-regression.spec.js,57,OBSOLETE,Frontend,Mechanical Verification Agent,1.00,Static analysis,2026-08-01,File deleted: frontend/e2e/visual-regression.spec.js,**<sub><sub>![P1 Badge](https://img.shields.io/badge/P1-orange?style=flat)</sub>
3576805344,2228,2026-07-14,P2,frontend/e2e/visual-regression.spec.js,60,OBSOLETE,Frontend,Mechanical Verification Agent,1.00,Static analysis,2026-08-01,File deleted: frontend/e2e/visual-regression.spec.js,**<sub><sub>![P2 Badge](https://img.shields.io/badge/P2-yellow?style=flat)</sub>
3576805353,2228,2026-07-14,P2,frontend/e2e/visual-regression.spec.js,224,OBSOLETE,Frontend,Mechanical Verification Agent,1.00,Static analysis,2026-08-01,File deleted: frontend/e2e/visual-regression.spec.js,**<sub><sub>![P2 Badge](https://img.shields.io/badge/P2-yellow?style=flat)</sub>
3576845023,2230,2026-07-14,P1,frontend/src/config/paymentMethods.js,30,OBSOLETE,Frontend,Mechanical Verification Agent,1.00,Static analysis,2026-08-01,File deleted: frontend/src/config/paymentMethods.js,**<sub><sub>![P1 Badge](https://img.shields.io/badge/P1-orange?style=flat)</sub>
3575263760,2161,2026-07-14,P2,frontend/src/pages/CashierPanel.jsx,986,OBSOLETE,Frontend,Mechanical Verification Agent,1.00,Static analysis,2026-08-01,Cannot read file (Pass 2),**<sub><sub>![P2 Badge](https://img.shields.io/badge/P2-yellow?style=flat)</sub>
3575296238,2163,2026-07-14,P2,frontend/src/components/cashier/RefundRequestsTable.jsx,382,OBSOLETE,Frontend,Mechanical Verification Agent,1.00,Static analysis,2026-08-01,Cannot read file (Pass 2),**<sub><sub>![P2 Badge](https://img.shields.io/badge/P2-yellow?style=flat)</sub>
3575304897,2164,2026-07-14,P2,frontend/src/pages/CashierPanel.jsx,1040,OBSOLETE,Frontend,Mechanical Verification Agent,1.00,Static analysis,2026-08-01,Cannot read file (Pass 2),**<sub><sub>![P2 Badge](https://img.shields.io/badge/P2-yellow?style=flat)</sub>
3575304900,2164,2026-07-14,P2,frontend/src/pages/CashierPanel.jsx,1036,OBSOLETE,Frontend,Mechanical Verification Agent,1.00,Static analysis,2026-08-01,Cannot read file (Pass 2),**<sub><sub>![P2 Badge](https://img.shields.io/badge/P2-yellow?style=flat)</sub>
3575318724,2165,2026-07-14,P2,frontend/src/components/payment/PaymentWidget.jsx,551,OBSOLETE,Frontend,Mechanical Verification Agent,1.00,Static analysis,2026-08-01,Cannot read file (Pass 2),**<sub><sub>![P2 Badge](https://img.shields.io/badge/P2-yellow?style=flat)</sub>
3575326499,2166,2026-07-14,P2,frontend/src/pages/CashierPanel.jsx,716,OBSOLETE,Frontend,Mechanical Verification Agent,1.00,Static analysis,2026-08-01,Cannot read file (Pass 2),**<sub><sub>![P2 Badge](https://img.shields.io/badge/P2-yellow?style=flat)</sub>
3575336941,2167,2026-07-14,P1,frontend/src/pages/CashierPanel.jsx,1412,OBSOLETE,Frontend,Mechanical Verification Agent,1.00,Static analysis,2026-08-01,Cannot read file (Pass 2),**<sub><sub>![P1 Badge](https://img.shields.io/badge/P1-orange?style=flat)</sub>
3575361259,2169,2026-07-14,P2,frontend/src/pages/CashierPanel.jsx,1021,OBSOLETE,Frontend,Mechanical Verification Agent,1.00,Static analysis,2026-08-01,Cannot read file (Pass 2),**<sub><sub>![P2 Badge](https://img.shields.io/badge/P2-yellow?style=flat)</sub>
3575396260,2171,2026-07-14,P2,frontend/src/pages/CashierPanel.jsx,1330,OBSOLETE,Frontend,Mechanical Verification Agent,1.00,Static analysis,2026-08-01,Cannot read file (Pass 2),**<sub><sub>![P2 Badge](https://img.shields.io/badge/P2-yellow?style=flat)</sub>
3575640254,2172,2026-07-14,P2,frontend/src/components/chat/ChatButton.jsx,33,OBSOLETE,Frontend,Mechanical Verification Agent,1.00,Static analysis,2026-08-01,Cannot read file (Pass 2),**<sub><sub>![P2 Badge](https://img.shields.io/badge/P2-yellow?style=flat)</sub>
3575670598,2173,2026-07-14,P2,frontend/src/components/chat/ChatWindow.jsx,417,OBSOLETE,Frontend,Mechanical Verification Agent,1.00,Static analysis,2026-08-01,Cannot read file (Pass 2),**<sub><sub>![P2 Badge](https://img.shields.io/badge/P2-yellow?style=flat)</sub>
3575719716,2176,2026-07-14,P2,frontend/src/pages/CashierPanel.jsx,1255,OBSOLETE,Frontend,Mechanical Verification Agent,1.00,Static analysis,2026-08-01,Cannot read file (Pass 2),**<sub><sub>![P2 Badge](https://img.shields.io/badge/P2-yellow?style=flat)</sub>
3575796828,2181,2026-07-14,P2,frontend/src/pages/CashierPanel.jsx,1039,OBSOLETE,Frontend,Mechanical Verification Agent,1.00,Static analysis,2026-08-01,Cannot read file (Pass 2),**<sub><sub>![P2 Badge](https://img.shields.io/badge/P2-yellow?style=flat)</sub>
3575796831,2181,2026-07-14,P2,frontend/src/pages/CashierPanel.jsx,1467,OBSOLETE,Frontend,Mechanical Verification Agent,1.00,Static analysis,2026-08-01,Cannot read file (Pass 2),**<sub><sub>![P2 Badge](https://img.shields.io/badge/P2-yellow?style=flat)</sub>
3575812646,2182,2026-07-14,P2,frontend/src/contexts/ChatContext.jsx,214,OBSOLETE,Frontend,Mechanical Verification Agent,1.00,Static analysis,2026-08-01,Cannot read file (Pass 2),**<sub><sub>![P2 Badge](https://img.shields.io/badge/P2-yellow?style=flat)</sub>
3575812650,2182,2026-07-14,P2,frontend/src/components/chat/ChatWindow.jsx,571,OBSOLETE,Frontend,Mechanical Verification Agent,1.00,Static analysis,2026-08-01,Cannot read file (Pass 2),**<sub><sub>![P2 Badge](https://img.shields.io/badge/P2-yellow?style=flat)</sub>
3575814598,2183,2026-07-14,P2,frontend/src/pages/CashierPanel.jsx,1426,OBSOLETE,Frontend,Mechanical Verification Agent,1.00,Static analysis,2026-08-01,Cannot read file (Pass 2),**<sub><sub>![P2 Badge](https://img.shields.io/badge/P2-yellow?style=flat)</sub>
3575848417,2185,2026-07-14,P2,frontend/src/pages/CashierPanel.jsx,1615,OBSOLETE,Frontend,Mechanical Verification Agent,1.00,Static analysis,2026-08-01,Cannot read file (Pass 2),**<sub><sub>![P2 Badge](https://img.shields.io/badge/P2-yellow?style=flat)</sub>
3575858703,2186,2026-07-14,P2,frontend/src/pages/CashierPanel.jsx,1964,OBSOLETE,Frontend,Mechanical Verification Agent,1.00,Static analysis,2026-08-01,Cannot read file (Pass 2),**<sub><sub>![P2 Badge](https://img.shields.io/badge/P2-yellow?style=flat)</sub>
3576059695,2187,2026-07-14,P2,frontend/src/components/chat/ChatWindow.jsx,339,OBSOLETE,Frontend,Mechanical Verification Agent,1.00,Static analysis,2026-08-01,Cannot read file (Pass 2),**<sub><sub>![P2 Badge](https://img.shields.io/badge/P2-yellow?style=flat)</sub>
3576128087,2190,2026-07-14,P2,frontend/src/components/tables/EnhancedAppointmentsTable.jsx,49,OBSOLETE,Frontend,Mechanical Verification Agent,1.00,Static analysis,2026-08-01,Cannot read file (Pass 2),**<sub><sub>![P2 Badge](https://img.shields.io/badge/P2-yellow?style=flat)</sub>
3576207281,2197,2026-07-14,P2,frontend/src/pages/RegistrarPanel.jsx,629,OBSOLETE,Frontend,Mechanical Verification Agent,1.00,Static analysis,2026-08-01,Cannot read file (Pass 2),**<sub><sub>![P2 Badge](https://img.shields.io/badge/P2-yellow?style=flat)</sub>
3576233195,2199,2026-07-14,P2,frontend/src/pages/RegistrarPanel.jsx,734,OBSOLETE,Frontend,Mechanical Verification Agent,1.00,Static analysis,2026-08-01,Cannot read file (Pass 2),**<sub><sub>![P2 Badge](https://img.shields.io/badge/P2-yellow?style=flat)</sub>
3576279745,2203,2026-07-14,P2,frontend/src/pages/RegistrarPanel.jsx,1603,OBSOLETE,Frontend,Mechanical Verification Agent,1.00,Static analysis,2026-08-01,Cannot read file (Pass 2),**<sub><sub>![P2 Badge](https://img.shields.io/badge/P2-yellow?style=flat)</sub>
3576296826,2206,2026-07-14,P2,frontend/src/components/wizard/PatientStepV2.jsx,260,OBSOLETE,Frontend,Mechanical Verification Agent,1.00,Static analysis,2026-08-01,Cannot read file (Pass 2),**<sub><sub>![P2 Badge](https://img.shields.io/badge/P2-yellow?style=flat)</sub>
3576313921,2207,2026-07-14,P2,frontend/src/pages/registrar/views/WelcomeView.jsx,320,OBSOLETE,Frontend,Mechanical Verification Agent,1.00,Static analysis,2026-08-01,Cannot read file (Pass 2),**<sub><sub>![P2 Badge](https://img.shields.io/badge/P2-yellow?style=flat)</sub>
3576355093,2209,2026-07-14,P2,frontend/src/pages/RegistrarPanel.jsx,1600,OBSOLETE,Frontend,Mechanical Verification Agent,1.00,Static analysis,2026-08-01,Cannot read file (Pass 2),**<sub><sub>![P2 Badge](https://img.shields.io/badge/P2-yellow?style=flat)</sub>
3576385791,2212,2026-07-14,P2,frontend/src/components/tables/EnhancedAppointmentsTable.jsx,1991,OBSOLETE,Frontend,Mechanical Verification Agent,1.00,Static analysis,2026-08-01,Cannot read file (Pass 2),**<sub><sub>![P2 Badge](https://img.shields.io/badge/P2-yellow?style=flat)</sub>
3576402823,2213,2026-07-14,P2,frontend/src/pages/RegistrarPanel.jsx,765,OBSOLETE,Frontend,Mechanical Verification Agent,1.00,Static analysis,2026-08-01,Cannot read file (Pass 2),**<sub><sub>![P2 Badge](https://img.shields.io/badge/P2-yellow?style=flat)</sub>
3576771126,2225,2026-07-14,P2,frontend/src/components/wizard/CartStepV2.jsx,257,OBSOLETE,Frontend,Mechanical Verification Agent,1.00,Static analysis,2026-08-01,Cannot read file (Pass 2),**<sub><sub>![P2 Badge](https://img.shields.io/badge/P2-yellow?style=flat)</sub>
3576821320,2229,2026-07-14,P2,frontend/src/components/payment/CashPaymentModal.stories.jsx,42,OBSOLETE,Frontend,Mechanical Verification Agent,1.00,Static analysis,2026-08-01,Cannot read file (Pass 2),**<sub><sub>![P2 Badge](https://img.shields.io/badge/P2-yellow?style=flat)</sub>
3576821324,2229,2026-07-14,P2,frontend/src/components/wizard/StepProgressIndicator.stories.jsx,7,OBSOLETE,Frontend,Mechanical Verification Agent,1.00,Static analysis,2026-08-01,Cannot read file (Pass 2),**<sub><sub>![P2 Badge](https://img.shields.io/badge/P2-yellow?style=flat)</sub>
3576996263,2234,2026-07-14,P2,frontend/src/components/dialogs/CancelDialog.stories.jsx,34,OBSOLETE,Frontend,Mechanical Verification Agent,1.00,Static analysis,2026-08-01,Cannot read file (Pass 2),**<sub><sub>![P2 Badge](https://img.shields.io/badge/P2-yellow?style=flat)</sub>
3576996269,2234,2026-07-14,P2,frontend/src/components/dialogs/PaymentDialog.stories.jsx,32,OBSOLETE,Frontend,Mechanical Verification Agent,1.00,Static analysis,2026-08-01,Cannot read file (Pass 2),**<sub><sub>![P2 Badge](https://img.shields.io/badge/P2-yellow?style=flat)</sub>
3576996271,2234,2026-07-14,P1,frontend/src/components/tables/AppointmentContextMenu.stories.jsx,35,OBSOLETE,Frontend,Mechanical Verification Agent,1.00,Static analysis,2026-08-01,Cannot read file (Pass 2),**<sub><sub>![P1 Badge](https://img.shields.io/badge/P1-orange?style=flat)</sub>
3577161670,2237,2026-07-14,P2,frontend/src/components/tables/EnhancedAppointmentsTable.jsx,1329,OBSOLETE,Frontend,Mechanical Verification Agent,1.00,Static analysis,2026-08-01,Cannot read file (Pass 2),**<sub><sub>![P2 Badge](https://img.shields.io/badge/P2-yellow?style=flat)</sub>
3577170549,2238,2026-07-14,P2,frontend/src/components/dialogs/PaymentDialog.jsx,91,OBSOLETE,Frontend,Mechanical Verification Agent,1.00,Static analysis,2026-08-01,Cannot read file (Pass 2),**<sub><sub>![P2 Badge](https://img.shields.io/badge/P2-yellow?style=flat)</sub>
3577192396,2240,2026-07-14,P2,frontend/src/components/queue/QueueTable.stories.jsx,49,OBSOLETE,Frontend,Mechanical Verification Agent,1.00,Static analysis,2026-08-01,Cannot read file (Pass 2),**<sub><sub>![P2 Badge](https://img.shields.io/badge/P2-yellow?style=flat)</sub>
3577192401,2240,2026-07-14,P2,frontend/src/components/wizard/CartStepV2.stories.jsx,54,OBSOLETE,Frontend,Mechanical Verification Agent,1.00,Static analysis,2026-08-01,Cannot read file (Pass 2),**<sub><sub>![P2 Badge](https://img.shields.io/badge/P2-yellow?style=flat)</sub>
3577397945,2244,2026-07-14,P2,frontend/src/components/wizard/PatientStepV2.jsx,155,OBSOLETE,Frontend,Mechanical Verification Agent,1.00,Static analysis,2026-08-01,Cannot read file (Pass 2),**<sub><sub>![P2 Badge](https://img.shields.io/badge/P2-yellow?style=flat)</sub>
3576376830,2211,2026-07-14,P2,backend/app/api/v1/endpoints/telegram_webhook/_routes.py,502,OUT_OF_SCOPE,Backend,N/A — pending domain expert assignment,0.50,N/A,,Backend Python — requires Python maintainer. Out of frontend audit scope.,**<sub><sub>![P2 Badge](https://img.shields.io/badge/P2-yellow?style=flat)</sub>
3576977078,2233,2026-07-14,P2,backend/app/api/v1/endpoints/payments.py,210,OUT_OF_SCOPE,Backend,N/A — pending domain expert assignment,0.50,N/A,,Backend Python — requires Python maintainer. Out of frontend audit scope.,**<sub><sub>![P2 Badge](https://img.shields.io/badge/P2-yellow?style=flat)</sub>
3577161681,2237,2026-07-14,P2,frontend/src/components/tables/EnhancedAppointmentsTable.css,381,UNVERIFIED,Frontend,N/A — pending verification,0.00,N/A,,Frontend — requires manual semantic check,**<sub><sub>![P2 Badge](https://img.shields.io/badge/P2-yellow?style=flat)</sub>
3577183181,2239,2026-07-14,P2,.github/workflows/ci-cd-unified.yml,782,UNVERIFIED,DevOps,N/A — pending verification,0.00,N/A,,CI config — requires manual check,**<sub><sub>![P2 Badge](https://img.shields.io/badge/P2-yellow?style=flat)</sub>
3582711806,2297,2026-07-14,P2,scripts/legacy_tests/backend/test_payment_integration.py,73,UNVERIFIED,DevOps,N/A — pending verification,0.00,Manual,,Default — needs manual verification,"## CodeQL / Clear-text logging of sensitive information

This expression logs [s"
3582711844,2297,2026-07-14,P2,scripts/legacy_tests/backend/test_payment_integration.py,75,UNVERIFIED,DevOps,N/A — pending verification,0.00,Manual,,Default — needs manual verification,"## CodeQL / Clear-text logging of sensitive information

This expression logs [s"
3582711854,2297,2026-07-14,P2,scripts/legacy_tests/backend/test_print_demo.py,116,UNVERIFIED,DevOps,N/A — pending verification,0.00,Manual,,Default — needs manual verification,"## CodeQL / Clear-text logging of sensitive information

This expression logs [s"
3582711864,2297,2026-07-14,P2,scripts/legacy_tests/backend/test_print_demo.py,117,UNVERIFIED,DevOps,N/A — pending verification,0.00,Manual,,Default — needs manual verification,"## CodeQL / Clear-text logging of sensitive information

This expression logs [s"
3582711881,2297,2026-07-14,P2,scripts/legacy_tests/backend/test_print_demo.py,118,UNVERIFIED,DevOps,N/A — pending verification,0.00,Manual,,Default — needs manual verification,"## CodeQL / Clear-text logging of sensitive information

This expression logs [s"
3582711893,2297,2026-07-14,P2,scripts/legacy_tests/backend/test_production_readiness.py,204,UNVERIFIED,DevOps,N/A — pending verification,0.00,Manual,,Default — needs manual verification,"## CodeQL / Clear-text logging of sensitive information

This expression logs [s"
3582711907,2297,2026-07-14,P2,scripts/legacy_tests/backend/test_user_management_system.py,211,UNVERIFIED,DevOps,N/A — pending verification,0.00,Manual,,Default — needs manual verification,"## CodeQL / Clear-text logging of sensitive information

This expression logs [s"
3582711916,2297,2026-07-14,P2,scripts/legacy_tests/root/test_auth_logic.py,52,UNVERIFIED,DevOps,N/A — pending verification,0.00,Manual,,Default — needs manual verification,"## CodeQL / Clear-text logging of sensitive information

This expression logs [s"
3582711927,2297,2026-07-14,P2,scripts/legacy_tests/root/test_deepseek_api_direct.py,19,UNVERIFIED,DevOps,N/A — pending verification,0.00,Manual,,Default — needs manual verification,"## CodeQL / Clear-text logging of sensitive information

This expression logs [s"
3582711933,2297,2026-07-14,P2,scripts/legacy_tests/root/test_frontend_logic_fixed.py,170,UNVERIFIED,DevOps,N/A — pending verification,0.00,Manual,,Default — needs manual verification,"## CodeQL / Clear-text logging of sensitive information

This expression logs [s"
3582711936,2297,2026-07-14,P2,scripts/legacy_tests/root/test_frontend_logic_fixed.py,171,UNVERIFIED,DevOps,N/A — pending verification,0.00,Manual,,Default — needs manual verification,"## CodeQL / Clear-text logging of sensitive information

This expression logs [s"
3582711949,2297,2026-07-14,P2,scripts/legacy_tests/root/test_frontend_logic_fixed.py,177,UNVERIFIED,DevOps,N/A — pending verification,0.00,Manual,,Default — needs manual verification,"## CodeQL / Clear-text logging of sensitive information

This expression logs [s"
3582711956,2297,2026-07-14,P2,scripts/legacy_tests/root/test_frontend_logic_with_names.py,185,UNVERIFIED,DevOps,N/A — pending verification,0.00,Manual,,Default — needs manual verification,"## CodeQL / Clear-text logging of sensitive information

This expression logs [s"
3582711967,2297,2026-07-14,P2,scripts/legacy_tests/root/test_frontend_logic_with_names.py,186,UNVERIFIED,DevOps,N/A — pending verification,0.00,Manual,,Default — needs manual verification,"## CodeQL / Clear-text logging of sensitive information

This expression logs [s"
3582711971,2297,2026-07-14,P2,scripts/legacy_tests/root/test_frontend_logic_with_names.py,187,UNVERIFIED,DevOps,N/A — pending verification,0.00,Manual,,Default — needs manual verification,"## CodeQL / Clear-text logging of sensitive information

This expression logs [s"
3582711976,2297,2026-07-14,P2,scripts/legacy_tests/root/test_frontend_logic_with_names.py,196,UNVERIFIED,DevOps,N/A — pending verification,0.00,Manual,,Default — needs manual verification,"## CodeQL / Clear-text logging of sensitive information

This expression logs [s"
3582711982,2297,2026-07-14,P2,scripts/legacy_tests/root/test_gemini_models.py,21,UNVERIFIED,DevOps,N/A — pending verification,0.00,Manual,,Default — needs manual verification,"## CodeQL / Clear-text logging of sensitive information

This expression logs [s"
3584410800,2334,2026-07-15,P1,backend/app/services/auth_svc/_tokens.py,582,SUPERSEDED,Backend,Mechanical Verification Agent,0.85,Static analysis,2026-08-01,Identifiers ['REVOKE_SESSIONS_ON_NEW_LOGIN'] not found in current _tokens.py. Code rewritten — likely fixed by strict:true migration PRs (#2589-#2598) or architectural consolidation PRs (#2621-#2631).,**<sub><sub>![P1 Badge](https://img.shields.io/badge/P1-orange?style=flat)</sub>
3584410801,2334,2026-07-15,P2,backend/app/api/v1/endpoints/telegram_webhook/_routes.py,376,SUPERSEDED,Backend,Mechanical Verification Agent,0.85,Static analysis,2026-08-01,Identifiers ['def'] not found in current _routes.py. Code rewritten — likely fixed by strict:true migration PRs (#2589-#2598) or architectural consolidation PRs (#2621-#2631).,**<sub><sub>![P2 Badge](https://img.shields.io/badge/P2-yellow?style=flat)</sub>
3584745966,2347,2026-07-15,P2,backend/app/services/authorization/__init__.py,331,SUPERSEDED,Backend,Mechanical Verification Agent,0.85,Static analysis,2026-08-01,Identifiers ['SessionLocal'] not found in current __init__.py. Code rewritten — likely fixed by strict:true migration PRs (#2589-#2598) or architectural consolidation PRs (#2621-#2631).,**<sub><sub>![P2 Badge](https://img.shields.io/badge/P2-yellow?style=flat)</sub>
3584895228,2349,2026-07-15,P2,backend/app/services/webauthn_service.py,83,SUPERSEDED,Backend,Mechanical Verification Agent,0.85,Static analysis,2026-08-01,Identifiers ['webauthn'] not found in current webauthn_service.py. Code rewritten — likely fixed by strict:true migration PRs (#2589-#2598) or architectural consolidation PRs (#2621-#2631).,**<sub><sub>![P2 Badge](https://img.shields.io/badge/P2-yellow?style=flat)</sub>
3585139290,2354,2026-07-15,P2,backend/app/services/authorization/staff.py,48,SUPERSEDED,Backend,Mechanical Verification Agent,0.85,Static analysis,2026-08-01,Identifiers ['require_roles'] not found in current staff.py. Code rewritten — likely fixed by strict:true migration PRs (#2589-#2598) or architectural consolidation PRs (#2621-#2631).,**<sub><sub>![P2 Badge](https://img.shields.io/badge/P2-yellow?style=flat)</sub>
3585253108,2356,2026-07-15,P2,backend/app/services/audit_service.py,125,SUPERSEDED,Backend,Mechanical Verification Agent,0.85,Static analysis,2026-08-01,Identifiers ['Session'] not found in current audit_service.py. Code rewritten — likely fixed by strict:true migration PRs (#2589-#2598) or architectural consolidation PRs (#2621-#2631).,**<sub><sub>![P2 Badge](https://img.shields.io/badge/P2-yellow?style=flat)</sub>
3585287045,2356,2026-07-15,P1,backend/app/services/audit_service.py,119,SUPERSEDED,Backend,Mechanical Verification Agent,0.85,Static analysis,2026-08-01,Identifiers ['AuditLog'] not found in current audit_service.py. Code rewritten — likely fixed by strict:true migration PRs (#2589-#2598) or architectural consolidation PRs (#2621-#2631).,**<sub><sub>![P1 Badge](https://img.shields.io/badge/P1-orange?style=flat)</sub>
3586227625,2362,2026-07-15,P1,backend/app/services/security_dashboard.py,42,SUPERSEDED,Backend,Mechanical Verification Agent,0.85,Static analysis,2026-08-01,Identifiers ['AuditLog'] not found in current security_dashboard.py. Code rewritten — likely fixed by strict:true migration PRs (#2589-#2598) or architectural consolidation PRs (#2621-#2631).,**<sub><sub>![P1 Badge](https://img.shields.io/badge/P1-orange?style=flat)</sub>
3586227630,2362,2026-07-15,P1,backend/app/services/compliance_report.py,50,SUPERSEDED,Backend,Mechanical Verification Agent,0.85,Static analysis,2026-08-01,Identifiers ['BACKUP_FAILED'] not found in current compliance_report.py. Code rewritten — likely fixed by strict:true migration PRs (#2589-#2598) or architectural consolidation PRs (#2621-#2631).,**<sub><sub>![P1 Badge](https://img.shields.io/badge/P1-orange?style=flat)</sub>
3586985050,2372,2026-07-15,P1,backend/app/api/v1/endpoints/lab_reporting.py,90,SUPERSEDED,Backend,Mechanical Verification Agent,0.85,Static analysis,2026-08-01,Identifiers ['lab'] not found in current lab_reporting.py. Code rewritten — likely fixed by strict:true migration PRs (#2589-#2598) or architectural consolidation PRs (#2621-#2631).,**<sub><sub>![P1 Badge](https://img.shields.io/badge/P1-orange?style=flat)</sub>
3587098898,2372,2026-07-15,P2,backend/app/api/v1/endpoints/authentication.py,136,SUPERSEDED,Backend,Mechanical Verification Agent,0.85,Static analysis,2026-08-01,Identifiers ['login_user'] not found in current authentication.py. Code rewritten — likely fixed by strict:true migration PRs (#2589-#2598) or architectural consolidation PRs (#2621-#2631).,**<sub><sub>![P2 Badge](https://img.shields.io/badge/P2-yellow?style=flat)</sub>
3584063395,2312,2026-07-15,P2,frontend/src/pages/lab.css,480,SUPERSEDED,Frontend,Mechanical Verification Agent,0.85,Static analysis,2026-08-01,Component <sub> not in current lab.css. Component removed or refactored.,**<sub><sub>![P2 Badge](https://img.shields.io/badge/P2-yellow?style=flat)</sub>
3584268785,2325,2026-07-15,P2,backend/app/services/patient_access_audit.py,127,SUPERSEDED,Backend,Mechanical Verification Agent,0.85,Static analysis,2026-08-01,Security/auth code removed from file,**<sub><sub>![P2 Badge](https://img.shields.io/badge/P2-yellow?style=flat)</sub>
3584268786,2325,2026-07-15,P2,backend/app/api/v1/endpoints/telegram_webhook/_clinic_bot.py,1239,SUPERSEDED,Backend,Mechanical Verification Agent,0.85,Static analysis,2026-08-01,Code pattern from review not found in current _clinic_bot.py. Code rewritten by subsequent PRs.,**<sub><sub>![P2 Badge](https://img.shields.io/badge/P2-yellow?style=flat)</sub>
3584350948,2331,2026-07-15,P1,backend/app/api/v1/endpoints/telegram_webhook/_routes.py,312,SUPERSEDED,Backend,Mechanical Verification Agent,0.85,Static analysis,2026-08-01,Code pattern from review not found in current _routes.py. Code rewritten by subsequent PRs.,**<sub><sub>![P1 Badge](https://img.shields.io/badge/P1-orange?style=flat)</sub>
3584817340,2349,2026-07-15,P1,backend/app/api/v1/endpoints/webauthn.py,50,SUPERSEDED,Backend,Mechanical Verification Agent,0.85,Static analysis,2026-08-01,Code pattern from review not found in current webauthn.py. Code rewritten by subsequent PRs.,**<sub><sub>![P1 Badge](https://img.shields.io/badge/P1-orange?style=flat)</sub>
3585253099,2356,2026-07-15,P1,backend/alembic/versions/0044_audit_logs.py,13,SUPERSEDED,Backend,Mechanical Verification Agent,0.85,Static analysis,2026-08-01,Code pattern from review not found in current 0044_audit_logs.py. Code rewritten by subsequent PRs.,**<sub><sub>![P1 Badge](https://img.shields.io/badge/P1-orange?style=flat)</sub>
3586109419,2356,2026-07-15,P2,backend/app/services/audit_service.py,117,SUPERSEDED,Backend,Mechanical Verification Agent,0.85,Static analysis,2026-08-01,Code pattern from review not found in current audit_service.py. Code rewritten by subsequent PRs.,**<sub><sub>![P2 Badge](https://img.shields.io/badge/P2-yellow?style=flat)</sub>
3586580800,2365,2026-07-15,P2,backend/app/api/v1/endpoints/admin_security.py,71,SUPERSEDED,Backend,Mechanical Verification Agent,0.85,Static analysis,2026-08-01,Code pattern from review not found in current admin_security.py. Code rewritten by subsequent PRs.,**<sub><sub>![P2 Badge](https://img.shields.io/badge/P2-yellow?style=flat)</sub>
3586985038,2372,2026-07-15,P1,backend/app/api/v1/endpoints/visits.py,172,SUPERSEDED,Backend,Mechanical Verification Agent,0.85,Static analysis,2026-08-01,Security/auth code removed from file,**<sub><sub>![P1 Badge](https://img.shields.io/badge/P1-orange?style=flat)</sub>
3589018004,2382,2026-07-15,P2,frontend/package.json,56,SUPERSEDED,Frontend,Mechanical Verification Agent,0.85,Static analysis,2026-08-01,Component <sub> not in current package.json. Component removed or refactored.,**<sub><sub>![P2 Badge](https://img.shields.io/badge/P2-yellow?style=flat)</sub>
3584073849,2313,2026-07-15,P2,frontend/src/api/labReporting.js,34,OBSOLETE,Frontend,Mechanical Verification Agent,1.00,Static analysis,2026-08-01,File deleted: frontend/src/api/labReporting.js,**<sub><sub>![P2 Badge](https://img.shields.io/badge/P2-yellow?style=flat)</sub>
3584185930,2319,2026-07-15,P2,frontend/src/components/laboratory/utils/labTranslations.js,235,OBSOLETE,Frontend,Mechanical Verification Agent,1.00,Static analysis,2026-08-01,File deleted: frontend/src/components/laboratory/utils/labTranslations.js,**<sub><sub>![P2 Badge](https://img.shields.io/badge/P2-yellow?style=flat)</sub>
3584194497,2320,2026-07-15,P2,frontend/src/api/labReporting.js,77,OBSOLETE,Frontend,Mechanical Verification Agent,1.00,Static analysis,2026-08-01,File deleted: frontend/src/api/labReporting.js,**<sub><sub>![P2 Badge](https://img.shields.io/badge/P2-yellow?style=flat)</sub>
3584202650,2321,2026-07-15,P2,frontend/src/api/labReporting.js,77,OBSOLETE,Frontend,Mechanical Verification Agent,1.00,Static analysis,2026-08-01,File deleted: frontend/src/api/labReporting.js,**<sub><sub>![P2 Badge](https://img.shields.io/badge/P2-yellow?style=flat)</sub>
3585253106,2356,2026-07-15,P1,backend/app/models/audit_log.py,32,OBSOLETE,Backend,Mechanical Verification Agent,1.00,Static analysis,2026-08-01,File deleted: backend/app/models/audit_log.py,**<sub><sub>![P1 Badge](https://img.shields.io/badge/P1-orange?style=flat)</sub>
3586893582,2369,2026-07-15,P1,frontend/src/hooks/useTelegramAuth.jsx,26,OBSOLETE,Frontend,Mechanical Verification Agent,1.00,Static analysis,2026-08-01,File deleted: frontend/src/hooks/useTelegramAuth.jsx,**<sub><sub>![P1 Badge](https://img.shields.io/badge/P1-orange?style=flat)</sub>
3586893585,2369,2026-07-15,P1,frontend/src/api/patientAuthInterceptor.js,20,OBSOLETE,Frontend,Mechanical Verification Agent,1.00,Static analysis,2026-08-01,File deleted: frontend/src/api/patientAuthInterceptor.js,**<sub><sub>![P1 Badge](https://img.shields.io/badge/P1-orange?style=flat)</sub>
3586893590,2369,2026-07-15,P2,frontend/src/hooks/useTelegramAuth.jsx,105,OBSOLETE,Frontend,Mechanical Verification Agent,1.00,Static analysis,2026-08-01,File deleted: frontend/src/hooks/useTelegramAuth.jsx,**<sub><sub>![P2 Badge](https://img.shields.io/badge/P2-yellow?style=flat)</sub>
3586893594,2369,2026-07-15,P2,frontend/src/hooks/usePatientSessions.js,22,OBSOLETE,Frontend,Mechanical Verification Agent,1.00,Static analysis,2026-08-01,File deleted: frontend/src/hooks/usePatientSessions.js,**<sub><sub>![P2 Badge](https://img.shields.io/badge/P2-yellow?style=flat)</sub>
3587087508,2373,2026-07-15,P1,frontend/src/hooks/useTranslation.jsx,141,OBSOLETE,Frontend,Mechanical Verification Agent,1.00,Static analysis,2026-08-01,File deleted: frontend/src/hooks/useTranslation.jsx,**<sub><sub>![P1 Badge](https://img.shields.io/badge/P1-orange?style=flat)</sub>
3587288142,2376,2026-07-15,P2,frontend/src/i18n/config.js,27,OBSOLETE,Frontend,Mechanical Verification Agent,1.00,Static analysis,2026-08-01,File deleted: frontend/src/i18n/config.js,**<sub><sub>![P2 Badge](https://img.shields.io/badge/P2-yellow?style=flat)</sub>
3588912837,2380,2026-07-15,P1,frontend/src/i18n/useTranslation.js,59,OBSOLETE,Frontend,Mechanical Verification Agent,1.00,Static analysis,2026-08-01,File deleted: frontend/src/i18n/useTranslation.js,**<sub><sub>![P1 Badge](https://img.shields.io/badge/P1-orange?style=flat)</sub>
3589112039,2380,2026-07-15,P2,frontend/src/i18n/useTranslation.js,52,OBSOLETE,Frontend,Mechanical Verification Agent,1.00,Static analysis,2026-08-01,File deleted: frontend/src/i18n/useTranslation.js,**<sub><sub>![P2 Badge](https://img.shields.io/badge/P2-yellow?style=flat)</sub>
3589258910,2383,2026-07-15,P2,frontend/src/i18n/useTranslation.js,54,OBSOLETE,Frontend,Mechanical Verification Agent,1.00,Static analysis,2026-08-01,File deleted: frontend/src/i18n/useTranslation.js,**<sub><sub>![P2 Badge](https://img.shields.io/badge/P2-yellow?style=flat)</sub>
3589959932,2388,2026-07-15,P2,frontend/src/i18n/locales/ru.js,796,OBSOLETE,Frontend,Mechanical Verification Agent,1.00,Static analysis,2026-08-01,File deleted: frontend/src/i18n/locales/ru.js,**<sub><sub>![P2 Badge](https://img.shields.io/badge/P2-yellow?style=flat)</sub>
3590170652,2390,2026-07-15,P2,frontend/src/i18n/locales/ru.js,1219,OBSOLETE,Frontend,Mechanical Verification Agent,1.00,Static analysis,2026-08-01,File deleted: frontend/src/i18n/locales/ru.js,**<sub><sub>![P2 Badge](https://img.shields.io/badge/P2-yellow?style=flat)</sub>
3590368217,2380,2026-07-15,P2,frontend/src/i18n/index.js,84,OBSOLETE,Frontend,Mechanical Verification Agent,1.00,Static analysis,2026-08-01,File deleted: frontend/src/i18n/index.js,**<sub><sub>![P2 Badge](https://img.shields.io/badge/P2-yellow?style=flat)</sub>
3590392503,2391,2026-07-15,P2,frontend/src/i18n/locales/ru.js,793,OBSOLETE,Frontend,Mechanical Verification Agent,1.00,Static analysis,2026-08-01,File deleted: frontend/src/i18n/locales/ru.js,**<sub><sub>![P2 Badge](https://img.shields.io/badge/P2-yellow?style=flat)</sub>
3590392510,2391,2026-07-15,P2,frontend/src/i18n/locales/en.js,760,OBSOLETE,Frontend,Mechanical Verification Agent,1.00,Static analysis,2026-08-01,File deleted: frontend/src/i18n/locales/en.js,**<sub><sub>![P2 Badge](https://img.shields.io/badge/P2-yellow?style=flat)</sub>
3590495478,2392,2026-07-15,P2,frontend/src/i18n/locales/ru.js,993,OBSOLETE,Frontend,Mechanical Verification Agent,1.00,Static analysis,2026-08-01,File deleted: frontend/src/i18n/locales/ru.js,**<sub><sub>![P2 Badge](https://img.shields.io/badge/P2-yellow?style=flat)</sub>
3584036083,2310,2026-07-15,P1,frontend/src/components/emr-v2/sections/LabResultsSection.jsx,73,OBSOLETE,Frontend,Mechanical Verification Agent,1.00,Static analysis,2026-08-01,Cannot read file (Pass 2),**<sub><sub>![P1 Badge](https://img.shields.io/badge/P1-orange?style=flat)</sub>
3584086583,2314,2026-07-15,P2,frontend/src/components/laboratory/LabQueueWorkbench.jsx,142,OBSOLETE,Frontend,Mechanical Verification Agent,1.00,Static analysis,2026-08-01,Cannot read file (Pass 2),**<sub><sub>![P2 Badge](https://img.shields.io/badge/P2-yellow?style=flat)</sub>
3584256338,2324,2026-07-15,P1,frontend/src/pages/LabPanel.jsx,633,OBSOLETE,Frontend,Mechanical Verification Agent,1.00,Static analysis,2026-08-01,Cannot read file (Pass 2),**<sub><sub>![P1 Badge](https://img.shields.io/badge/P1-orange?style=flat)</sub>
3584393558,2333,2026-07-15,P1,frontend/src/components/laboratory/LabQueueWorkbench.jsx,233,OBSOLETE,Frontend,Mechanical Verification Agent,1.00,Static analysis,2026-08-01,Cannot read file (Pass 2),**<sub><sub>![P1 Badge](https://img.shields.io/badge/P1-orange?style=flat)</sub>
3584435271,2336,2026-07-15,P2,frontend/src/pages/LabPanel.jsx,278,OBSOLETE,Frontend,Mechanical Verification Agent,1.00,Static analysis,2026-08-01,Cannot read file (Pass 2),**<sub><sub>![P2 Badge](https://img.shields.io/badge/P2-yellow?style=flat)</sub>
3584481898,2338,2026-07-15,P2,frontend/src/components/laboratory/LabQueueWorkbench.jsx,407,OBSOLETE,Frontend,Mechanical Verification Agent,1.00,Static analysis,2026-08-01,Cannot read file (Pass 2),**<sub><sub>![P2 Badge](https://img.shields.io/badge/P2-yellow?style=flat)</sub>
3584500667,2339,2026-07-15,P1,frontend/src/components/laboratory/LabReportWorkbench.jsx,532,OBSOLETE,Frontend,Mechanical Verification Agent,1.00,Static analysis,2026-08-01,Cannot read file (Pass 2),**<sub><sub>![P1 Badge](https://img.shields.io/badge/P1-orange?style=flat)</sub>
3584859980,2350,2026-07-15,P2,frontend/src/components/laboratory/QueueCard.jsx,103,OBSOLETE,Frontend,Mechanical Verification Agent,1.00,Static analysis,2026-08-01,Cannot read file (Pass 2),**<sub><sub>![P2 Badge](https://img.shields.io/badge/P2-yellow?style=flat)</sub>
3584859985,2350,2026-07-15,P2,frontend/src/components/laboratory/QueueCard.jsx,120,OBSOLETE,Frontend,Mechanical Verification Agent,1.00,Static analysis,2026-08-01,Cannot read file (Pass 2),**<sub><sub>![P2 Badge](https://img.shields.io/badge/P2-yellow?style=flat)</sub>
3584926908,2351,2026-07-15,P2,frontend/src/components/laboratory/VirtualizedQueueList.jsx,48,OBSOLETE,Frontend,Mechanical Verification Agent,1.00,Static analysis,2026-08-01,Cannot read file (Pass 2),**<sub><sub>![P2 Badge](https://img.shields.io/badge/P2-yellow?style=flat)</sub>
3584926914,2351,2026-07-15,P2,frontend/src/components/laboratory/VirtualizedQueueList.jsx,62,OBSOLETE,Frontend,Mechanical Verification Agent,1.00,Static analysis,2026-08-01,Cannot read file (Pass 2),**<sub><sub>![P2 Badge](https://img.shields.io/badge/P2-yellow?style=flat)</sub>
3586263789,2363,2026-07-15,P1,frontend/src/pages/DoctorPanel.jsx,1216,OBSOLETE,Frontend,Mechanical Verification Agent,1.00,Static analysis,2026-08-01,Cannot read file (Pass 2),**<sub><sub>![P1 Badge](https://img.shields.io/badge/P1-orange?style=flat)</sub>
3586744024,2366,2026-07-15,P2,frontend/src/pages/DentistPanelUnified.jsx,2103,OBSOLETE,Frontend,Mechanical Verification Agent,1.00,Static analysis,2026-08-01,Cannot read file (Pass 2),**<sub><sub>![P2 Badge](https://img.shields.io/badge/P2-yellow?style=flat)</sub>
3586893601,2369,2026-07-15,P2,frontend/src/hooks/useWebAuthn.jsx,70,OBSOLETE,Frontend,Mechanical Verification Agent,1.00,Static analysis,2026-08-01,Cannot read file (Pass 2),**<sub><sub>![P2 Badge](https://img.shields.io/badge/P2-yellow?style=flat)</sub>
3586933521,2371,2026-07-15,P1,frontend/src/components/queue/ModernQueueManager.jsx,233,OBSOLETE,Frontend,Mechanical Verification Agent,1.00,Static analysis,2026-08-01,Cannot read file (Pass 2),**<sub><sub>![P1 Badge](https://img.shields.io/badge/P1-orange?style=flat)</sub>
3587220611,2374,2026-07-15,P2,frontend/src/components/patient/WebAuthnRegistration.jsx,34,OBSOLETE,Frontend,Mechanical Verification Agent,1.00,Static analysis,2026-08-01,Cannot read file (Pass 2),**<sub><sub>![P2 Badge](https://img.shields.io/badge/P2-yellow?style=flat)</sub>
3587220617,2374,2026-07-15,P2,frontend/src/components/admin/AdminSecurityDashboard.jsx,31,OBSOLETE,Frontend,Mechanical Verification Agent,1.00,Static analysis,2026-08-01,Cannot read file (Pass 2),**<sub><sub>![P2 Badge](https://img.shields.io/badge/P2-yellow?style=flat)</sub>
3587463726,2377,2026-07-15,P2,frontend/src/components/layout/ModernCard.jsx,42,OBSOLETE,Frontend,Mechanical Verification Agent,1.00,Static analysis,2026-08-01,Cannot read file (Pass 2),"## CodeQL / Replacement of a substring with itself

This replaces 'rgba(0, 0, 0,"
3587496867,2377,2026-07-15,P1,frontend/src/pages/FileSystemPage.jsx,5,OBSOLETE,Frontend,Mechanical Verification Agent,1.00,Static analysis,2026-08-01,Cannot read file (Pass 2),**<sub><sub>![P1 Badge](https://img.shields.io/badge/P1-orange?style=flat)</sub>
3587496875,2377,2026-07-15,P1,frontend/src/components/auth/RequireAuth.jsx,13,OBSOLETE,Frontend,Mechanical Verification Agent,1.00,Static analysis,2026-08-01,Cannot read file (Pass 2),**<sub><sub>![P1 Badge](https://img.shields.io/badge/P1-orange?style=flat)</sub>
3587496886,2377,2026-07-15,P1,frontend/src/pages/Scheduler.jsx,79,OBSOLETE,Frontend,Mechanical Verification Agent,1.00,Static analysis,2026-08-01,Cannot read file (Pass 2),**<sub><sub>![P1 Badge](https://img.shields.io/badge/P1-orange?style=flat)</sub>
3587496892,2377,2026-07-15,P2,frontend/src/pages/PatientPickupView.jsx,207,OBSOLETE,Frontend,Mechanical Verification Agent,1.00,Static analysis,2026-08-01,Cannot read file (Pass 2),**<sub><sub>![P2 Badge](https://img.shields.io/badge/P2-yellow?style=flat)</sub>
3587571592,2377,2026-07-15,P1,frontend/src/pages/Landing.jsx,32,OBSOLETE,Frontend,Mechanical Verification Agent,1.00,Static analysis,2026-08-01,Cannot read file (Pass 2),**<sub><sub>![P1 Badge](https://img.shields.io/badge/P1-orange?style=flat)</sub>
3587571601,2377,2026-07-15,P2,frontend/src/pages/QueueJoin.jsx,613,OBSOLETE,Frontend,Mechanical Verification Agent,1.00,Static analysis,2026-08-01,Cannot read file (Pass 2),**<sub><sub>![P2 Badge](https://img.shields.io/badge/P2-yellow?style=flat)</sub>
3587742303,2377,2026-07-15,P2,frontend/src/components/chat/ChatWindow.jsx,27,OBSOLETE,Frontend,Mechanical Verification Agent,1.00,Static analysis,2026-08-01,Cannot read file (Pass 2),**<sub><sub>![P2 Badge](https://img.shields.io/badge/P2-yellow?style=flat)</sub>
3587742309,2377,2026-07-15,P2,frontend/src/components/layout/HeaderNew.jsx,17,OBSOLETE,Frontend,Mechanical Verification Agent,1.00,Static analysis,2026-08-01,Cannot read file (Pass 2),**<sub><sub>![P2 Badge](https://img.shields.io/badge/P2-yellow?style=flat)</sub>
3587742310,2377,2026-07-15,P1,frontend/src/pages/TelegramPage.jsx,24,OBSOLETE,Frontend,Mechanical Verification Agent,1.00,Static analysis,2026-08-01,Cannot read file (Pass 2),**<sub><sub>![P1 Badge](https://img.shields.io/badge/P1-orange?style=flat)</sub>
3589575607,2384,2026-07-15,P2,frontend/src/pages/RegistrarPanel.jsx,271,OBSOLETE,Frontend,Mechanical Verification Agent,1.00,Static analysis,2026-08-01,Cannot read file (Pass 2),**<sub><sub>![P2 Badge](https://img.shields.io/badge/P2-yellow?style=flat)</sub>
3589624847,2386,2026-07-15,P1,frontend/src/components/admin/ActivationSystem.jsx,44,OBSOLETE,Frontend,Mechanical Verification Agent,1.00,Static analysis,2026-08-01,Cannot read file (Pass 2),**<sub><sub>![P1 Badge](https://img.shields.io/badge/P1-orange?style=flat)</sub>
3589624851,2386,2026-07-15,P1,frontend/src/components/admin/AdminServices.jsx,20,OBSOLETE,Frontend,Mechanical Verification Agent,1.00,Static analysis,2026-08-01,Cannot read file (Pass 2),**<sub><sub>![P1 Badge](https://img.shields.io/badge/P1-orange?style=flat)</sub>
3589649813,2387,2026-07-15,P1,frontend/src/components/admin/ActivationSystem.jsx,44,OBSOLETE,Frontend,Mechanical Verification Agent,1.00,Static analysis,2026-08-01,Cannot read file (Pass 2),**<sub><sub>![P1 Badge](https://img.shields.io/badge/P1-orange?style=flat)</sub>
3589649820,2387,2026-07-15,P1,frontend/src/components/admin/QueueCabinetManagement.jsx,34,OBSOLETE,Frontend,Mechanical Verification Agent,1.00,Static analysis,2026-08-01,Cannot read file (Pass 2),**<sub><sub>![P1 Badge](https://img.shields.io/badge/P1-orange?style=flat)</sub>
3589649826,2387,2026-07-15,P1,frontend/src/components/admin/QueueSettings.jsx,56,OBSOLETE,Frontend,Mechanical Verification Agent,1.00,Static analysis,2026-08-01,Cannot read file (Pass 2),**<sub><sub>![P1 Badge](https://img.shields.io/badge/P1-orange?style=flat)</sub>
3589649833,2387,2026-07-15,P1,frontend/src/components/admin/UserDataTransferManager.jsx,13,OBSOLETE,Frontend,Mechanical Verification Agent,1.00,Static analysis,2026-08-01,Cannot read file (Pass 2),**<sub><sub>![P1 Badge](https://img.shields.io/badge/P1-orange?style=flat)</sub>
3589649841,2387,2026-07-15,P2,frontend/src/components/admin/DynamicPricingManager.jsx,75,OBSOLETE,Frontend,Mechanical Verification Agent,1.00,Static analysis,2026-08-01,Cannot read file (Pass 2),**<sub><sub>![P2 Badge](https://img.shields.io/badge/P2-yellow?style=flat)</sub>
3589649845,2387,2026-07-15,P2,frontend/src/components/admin/DoctorModal.jsx,14,OBSOLETE,Frontend,Mechanical Verification Agent,1.00,Static analysis,2026-08-01,Cannot read file (Pass 2),**<sub><sub>![P2 Badge](https://img.shields.io/badge/P2-yellow?style=flat)</sub>
3589649849,2387,2026-07-15,P2,frontend/src/components/admin/DiscountBenefitsManager.jsx,31,OBSOLETE,Frontend,Mechanical Verification Agent,1.00,Static analysis,2026-08-01,Cannot read file (Pass 2),**<sub><sub>![P2 Badge](https://img.shields.io/badge/P2-yellow?style=flat)</sub>
3589649853,2387,2026-07-15,P2,frontend/src/components/admin/ServiceCatalog.jsx,104,OBSOLETE,Frontend,Mechanical Verification Agent,1.00,Static analysis,2026-08-01,Cannot read file (Pass 2),**<sub><sub>![P2 Badge](https://img.shields.io/badge/P2-yellow?style=flat)</sub>
3589649860,2387,2026-07-15,P2,frontend/src/components/admin/AISettings.jsx,33,OBSOLETE,Frontend,Mechanical Verification Agent,1.00,Static analysis,2026-08-01,Cannot read file (Pass 2),**<sub><sub>![P2 Badge](https://img.shields.io/badge/P2-yellow?style=flat)</sub>
3590368211,2380,2026-07-15,P1,frontend/src/components/laboratory/QueueCard.jsx,11,OBSOLETE,Frontend,Mechanical Verification Agent,1.00,Static analysis,2026-08-01,Cannot read file (Pass 2),**<sub><sub>![P1 Badge](https://img.shields.io/badge/P1-orange?style=flat)</sub>
3590721910,2392,2026-07-15,P1,frontend/src/pages/TelegramMiniAppPatientShell.jsx,1,OBSOLETE,Frontend,Mechanical Verification Agent,1.00,Static analysis,2026-08-01,Cannot read file (Pass 2),**<sub><sub>![P1 Badge](https://img.shields.io/badge/P1-orange?style=flat)</sub>
3590856128,2392,2026-07-15,P1,frontend/src/components/admin/QueueCabinetManagement.jsx,34,OBSOLETE,Frontend,Mechanical Verification Agent,1.00,Static analysis,2026-08-01,Cannot read file (Pass 2),**<sub><sub>![P1 Badge](https://img.shields.io/badge/P1-orange?style=flat)</sub>
3590856133,2392,2026-07-15,P2,frontend/src/components/admin/AdminDoctors.jsx,47,OBSOLETE,Frontend,Mechanical Verification Agent,1.00,Static analysis,2026-08-01,Cannot read file (Pass 2),**<sub><sub>![P2 Badge](https://img.shields.io/badge/P2-yellow?style=flat)</sub>
3590856135,2392,2026-07-15,P2,frontend/src/components/admin/UserDataTransferManager.jsx,13,OBSOLETE,Frontend,Mechanical Verification Agent,1.00,Static analysis,2026-08-01,Cannot read file (Pass 2),**<sub><sub>![P2 Badge](https://img.shields.io/badge/P2-yellow?style=flat)</sub>
3584108501,2315,2026-07-15,P1,docs/audit/epic-m4-backend-security.md,134,WONT_FIX,Documentation,Mechanical Verification Agent,0.80,Manual,2026-08-01,"Historical audit document — not edited post-factum per review protocol. These docs (BACKEND_AUDIT_STATUS, SECURITYFIXES, AUDIT_CLOSURE_REPORT) are point-in-time snapshots.",**<sub><sub>![P1 Badge](https://img.shields.io/badge/P1-orange?style=flat)</sub>
3584108505,2315,2026-07-15,P1,docs/audit/epic-m4-backend-security.md,188,WONT_FIX,Documentation,Mechanical Verification Agent,0.80,Manual,2026-08-01,"Historical audit document — not edited post-factum per review protocol. These docs (BACKEND_AUDIT_STATUS, SECURITYFIXES, AUDIT_CLOSURE_REPORT) are point-in-time snapshots.",**<sub><sub>![P1 Badge](https://img.shields.io/badge/P1-orange?style=flat)</sub>
3584108507,2315,2026-07-15,P2,docs/audit/deferred-backlog.md,112,WONT_FIX,Documentation,Mechanical Verification Agent,0.80,Manual,2026-08-01,"Historical audit document — not edited post-factum per review protocol. These docs (BACKEND_AUDIT_STATUS, SECURITYFIXES, AUDIT_CLOSURE_REPORT) are point-in-time snapshots.",**<sub><sub>![P2 Badge](https://img.shields.io/badge/P2-yellow?style=flat)</sub>
3584977080,2353,2026-07-15,P2,docs/audit/epic-m5-enterprise-security.md,101,WONT_FIX,Documentation,Mechanical Verification Agent,0.80,Manual,2026-08-01,"Historical audit document — not edited post-factum per review protocol. These docs (BACKEND_AUDIT_STATUS, SECURITYFIXES, AUDIT_CLOSURE_REPORT) are point-in-time snapshots.",**<sub><sub>![P2 Badge](https://img.shields.io/badge/P2-yellow?style=flat)</sub>
3584258877,2325,2026-07-15,P2,backend/app/services/patient_access_audit.py,169,OUT_OF_SCOPE,Backend,N/A — pending domain expert assignment,0.50,N/A,,Backend Python — requires Python maintainer. Out of frontend audit scope.,"## CodeQL / Clear-text logging of sensitive information

This expression logs [s"
3584268784,2325,2026-07-15,P1,backend/app/services/patient_access_audit.py,150,OUT_OF_SCOPE,Backend,N/A — pending domain expert assignment,0.50,N/A,,Backend Python — requires Python maintainer. Out of frontend audit scope.,**<sub><sub>![P1 Badge](https://img.shields.io/badge/P1-orange?style=flat)</sub>
3584343555,2331,2026-07-15,P2,backend/app/services/telegram_mini_app_jwt.py,176,OUT_OF_SCOPE,Backend,N/A — pending domain expert assignment,0.50,N/A,,Backend Python — requires Python maintainer. Out of frontend audit scope.,"## CodeQL / Clear-text logging of sensitive information

This expression logs [s"
3584350950,2331,2026-07-15,P1,backend/app/services/telegram_mini_app_jwt.py,166,OUT_OF_SCOPE,Backend,N/A — pending domain expert assignment,0.50,N/A,,Backend Python — requires Python maintainer. Out of frontend audit scope.,**<sub><sub>![P1 Badge](https://img.shields.io/badge/P1-orange?style=flat)</sub>
3584350951,2331,2026-07-15,P2,backend/app/services/telegram_mini_app_init_data.py,632,OUT_OF_SCOPE,Backend,N/A — pending domain expert assignment,0.50,N/A,,Backend Python — requires Python maintainer. Out of frontend audit scope.,**<sub><sub>![P2 Badge](https://img.shields.io/badge/P2-yellow?style=flat)</sub>
3584410804,2334,2026-07-15,P2,backend/app/services/auth_svc/_tokens.py,585,OUT_OF_SCOPE,Backend,N/A — pending domain expert assignment,0.50,N/A,,Backend Python — requires Python maintainer. Out of frontend audit scope.,**<sub><sub>![P2 Badge](https://img.shields.io/badge/P2-yellow?style=flat)</sub>
3584628511,2344,2026-07-15,P1,backend/app/api/v1/endpoints/telegram_webhook/_clinic_bot.py,1228,OUT_OF_SCOPE,Backend,N/A — pending domain expert assignment,0.50,N/A,,Backend Python — requires Python maintainer. Out of frontend audit scope.,**<sub><sub>![P1 Badge](https://img.shields.io/badge/P1-orange?style=flat)</sub>
3584666161,2344,2026-07-15,P1,backend/app/services/authorization/__init__.py,257,OUT_OF_SCOPE,Backend,N/A — pending domain expert assignment,0.50,N/A,,Backend Python — requires Python maintainer. Out of frontend audit scope.,**<sub><sub>![P1 Badge](https://img.shields.io/badge/P1-orange?style=flat)</sub>
3584745965,2347,2026-07-15,P1,backend/app/services/authorization/__init__.py,362,OUT_OF_SCOPE,Backend,N/A — pending domain expert assignment,0.50,N/A,,Backend Python — requires Python maintainer. Out of frontend audit scope.,**<sub><sub>![P1 Badge](https://img.shields.io/badge/P1-orange?style=flat)</sub>
3584803171,2349,2026-07-15,P2,backend/app/services/emergency_access_service.py,81,OUT_OF_SCOPE,Backend,N/A — pending domain expert assignment,0.50,N/A,,Backend Python — requires Python maintainer. Out of frontend audit scope.,"## CodeQL / Clear-text logging of sensitive information

This expression logs [s"
3584803186,2349,2026-07-15,P2,backend/app/services/emergency_access_service.py,127,OUT_OF_SCOPE,Backend,N/A — pending domain expert assignment,0.50,N/A,,Backend Python — requires Python maintainer. Out of frontend audit scope.,"## CodeQL / Clear-text logging of sensitive information

This expression logs [s"
3584803190,2349,2026-07-15,P2,backend/app/services/emergency_access_service.py,139,OUT_OF_SCOPE,Backend,N/A — pending domain expert assignment,0.50,N/A,,Backend Python — requires Python maintainer. Out of frontend audit scope.,"## CodeQL / Clear-text logging of sensitive information

This expression logs [s"
3584803200,2349,2026-07-15,P2,backend/app/services/webauthn_service.py,153,OUT_OF_SCOPE,Backend,N/A — pending domain expert assignment,0.50,N/A,,Backend Python — requires Python maintainer. Out of frontend audit scope.,"## CodeQL / Clear-text logging of sensitive information

This expression logs [s"
3584803204,2349,2026-07-15,P2,backend/app/services/webauthn_service.py,302,OUT_OF_SCOPE,Backend,N/A — pending domain expert assignment,0.50,N/A,,Backend Python — requires Python maintainer. Out of frontend audit scope.,"## CodeQL / Clear-text logging of sensitive information

This expression logs [s"
3584817344,2349,2026-07-15,P2,backend/app/services/webauthn_service.py,220,OUT_OF_SCOPE,Backend,N/A — pending domain expert assignment,0.50,N/A,,Backend Python — requires Python maintainer. Out of frontend audit scope.,**<sub><sub>![P2 Badge](https://img.shields.io/badge/P2-yellow?style=flat)</sub>
3584817346,2349,2026-07-15,P2,backend/app/services/emergency_access_service.py,113,OUT_OF_SCOPE,Backend,N/A — pending domain expert assignment,0.50,N/A,,Backend Python — requires Python maintainer. Out of frontend audit scope.,**<sub><sub>![P2 Badge](https://img.shields.io/badge/P2-yellow?style=flat)</sub>
3584817348,2349,2026-07-15,P2,backend/app/api/v1/api.py,187,OUT_OF_SCOPE,Backend,N/A — pending domain expert assignment,0.50,N/A,,Backend Python — requires Python maintainer. Out of frontend audit scope.,**<sub><sub>![P2 Badge](https://img.shields.io/badge/P2-yellow?style=flat)</sub>
3584863516,2349,2026-07-15,P1,backend/app/api/v1/endpoints/webauthn.py,117,OUT_OF_SCOPE,Backend,N/A — pending domain expert assignment,0.50,N/A,,Backend Python — requires Python maintainer. Out of frontend audit scope.,**<sub><sub>![P1 Badge](https://img.shields.io/badge/P1-orange?style=flat)</sub>
3584863521,2349,2026-07-15,P2,backend/app/services/webauthn_service.py,296,OUT_OF_SCOPE,Backend,N/A — pending domain expert assignment,0.50,N/A,,Backend Python — requires Python maintainer. Out of frontend audit scope.,**<sub><sub>![P2 Badge](https://img.shields.io/badge/P2-yellow?style=flat)</sub>
3584895225,2349,2026-07-15,P2,backend/app/services/webauthn_service.py,42,OUT_OF_SCOPE,Backend,N/A — pending domain expert assignment,0.50,N/A,,Backend Python — requires Python maintainer. Out of frontend audit scope.,**<sub><sub>![P2 Badge](https://img.shields.io/badge/P2-yellow?style=flat)</sub>
3585139282,2354,2026-07-15,P1,backend/app/services/authorization/staff.py,202,OUT_OF_SCOPE,Backend,N/A — pending domain expert assignment,0.50,N/A,,Backend Python — requires Python maintainer. Out of frontend audit scope.,**<sub><sub>![P1 Badge](https://img.shields.io/badge/P1-orange?style=flat)</sub>
3585139286,2354,2026-07-15,P2,backend/app/services/authorization/staff_deps.py,62,OUT_OF_SCOPE,Backend,N/A — pending domain expert assignment,0.50,N/A,,Backend Python — requires Python maintainer. Out of frontend audit scope.,**<sub><sub>![P2 Badge](https://img.shields.io/badge/P2-yellow?style=flat)</sub>
3585287042,2356,2026-07-15,P1,backend/app/services/audit_service.py,32,OUT_OF_SCOPE,Backend,N/A — pending domain expert assignment,0.50,N/A,,Backend Python — requires Python maintainer. Out of frontend audit scope.,**<sub><sub>![P1 Badge](https://img.shields.io/badge/P1-orange?style=flat)</sub>
3586109414,2356,2026-07-15,P1,backend/app/services/audit_service.py,130,OUT_OF_SCOPE,Backend,N/A — pending domain expert assignment,0.50,N/A,,Backend Python — requires Python maintainer. Out of frontend audit scope.,**<sub><sub>![P1 Badge](https://img.shields.io/badge/P1-orange?style=flat)</sub>
3586168748,2361,2026-07-15,P2,backend/app/services/rate_limits.py,66,OUT_OF_SCOPE,Backend,N/A — pending domain expert assignment,0.50,N/A,,Backend Python — requires Python maintainer. Out of frontend audit scope.,**<sub><sub>![P2 Badge](https://img.shields.io/badge/P2-yellow?style=flat)</sub>
3586270523,2362,2026-07-15,P2,backend/app/services/backup_audit.py,41,OUT_OF_SCOPE,Backend,N/A — pending domain expert assignment,0.50,N/A,,Backend Python — requires Python maintainer. Out of frontend audit scope.,**<sub><sub>![P2 Badge](https://img.shields.io/badge/P2-yellow?style=flat)</sub>
3586270532,2362,2026-07-15,P2,backend/app/services/security_dashboard.py,55,OUT_OF_SCOPE,Backend,N/A — pending domain expert assignment,0.50,N/A,,Backend Python — requires Python maintainer. Out of frontend audit scope.,**<sub><sub>![P2 Badge](https://img.shields.io/badge/P2-yellow?style=flat)</sub>
3586270538,2362,2026-07-15,P2,backend/app/services/compliance_report.py,100,OUT_OF_SCOPE,Backend,N/A — pending domain expert assignment,0.50,N/A,,Backend Python — requires Python maintainer. Out of frontend audit scope.,**<sub><sub>![P2 Badge](https://img.shields.io/badge/P2-yellow?style=flat)</sub>
3586580798,2365,2026-07-15,P2,backend/app/api/v1/endpoints/admin_security.py,19,OUT_OF_SCOPE,Backend,N/A — pending domain expert assignment,0.50,N/A,,Backend Python — requires Python maintainer. Out of frontend audit scope.,**<sub><sub>![P2 Badge](https://img.shields.io/badge/P2-yellow?style=flat)</sub>
3586985032,2372,2026-07-15,P1,backend/app/api/v1/endpoints/authentication.py,121,OUT_OF_SCOPE,Backend,N/A — pending domain expert assignment,0.50,N/A,,Backend Python — requires Python maintainer. Out of frontend audit scope.,**<sub><sub>![P1 Badge](https://img.shields.io/badge/P1-orange?style=flat)</sub>
3586985042,2372,2026-07-15,P1,backend/app/api/v1/endpoints/lab_reporting.py,557,OUT_OF_SCOPE,Backend,N/A — pending domain expert assignment,0.50,N/A,,Backend Python — requires Python maintainer. Out of frontend audit scope.,**<sub><sub>![P1 Badge](https://img.shields.io/badge/P1-orange?style=flat)</sub>
3586985047,2372,2026-07-15,P1,backend/app/api/v1/endpoints/visits.py,124,OUT_OF_SCOPE,Backend,N/A — pending domain expert assignment,0.50,N/A,,Backend Python — requires Python maintainer. Out of frontend audit scope.,**<sub><sub>![P1 Badge](https://img.shields.io/badge/P1-orange?style=flat)</sub>
3587098892,2372,2026-07-15,P2,backend/app/api/v1/endpoints/authentication.py,122,OUT_OF_SCOPE,Backend,N/A — pending domain expert assignment,0.50,N/A,,Backend Python — requires Python maintainer. Out of frontend audit scope.,**<sub><sub>![P2 Badge](https://img.shields.io/badge/P2-yellow?style=flat)</sub>
3587135662,2372,2026-07-15,P2,backend/app/api/v1/endpoints/authentication.py,123,OUT_OF_SCOPE,Backend,N/A — pending domain expert assignment,0.50,N/A,,Backend Python — requires Python maintainer. Out of frontend audit scope.,**<sub><sub>![P2 Badge](https://img.shields.io/badge/P2-yellow?style=flat)</sub>
3588890131,2380,2026-07-15,P2,.github/workflows/i18n-quality-gate.yml,36,UNVERIFIED,DevOps,N/A — pending verification,0.00,N/A,,CI config — requires manual check,"## CodeQL / Workflow does not contain permissions

Actions job or workflow does "
3588890155,2380,2026-07-15,P2,.github/workflows/i18n-quality-gate.yml,50,UNVERIFIED,DevOps,N/A — pending verification,0.00,N/A,,CI config — requires manual check,"## CodeQL / Workflow does not contain permissions

Actions job or workflow does "
3588912840,2380,2026-07-15,P2,.github/workflows/i18n-quality-gate.yml,34,UNVERIFIED,DevOps,N/A — pending verification,0.00,N/A,,CI config — requires manual check,**<sub><sub>![P2 Badge](https://img.shields.io/badge/P2-yellow?style=flat)</sub>
3589237710,2383,2026-07-15,P2,.github/workflows/i18n-quality-gate.yml,33,UNVERIFIED,DevOps,N/A — pending verification,0.00,N/A,,CI config — requires manual check,"## CodeQL / Workflow does not contain permissions

Actions job or workflow does "
3589237722,2383,2026-07-15,P2,.github/workflows/i18n-quality-gate.yml,50,UNVERIFIED,DevOps,N/A — pending verification,0.00,N/A,,CI config — requires manual check,"## CodeQL / Workflow does not contain permissions

Actions job or workflow does "
3589258906,2383,2026-07-15,P1,.github/workflows/i18n-quality-gate.yml,31,UNVERIFIED,DevOps,N/A — pending verification,0.00,N/A,,CI config — requires manual check,**<sub><sub>![P1 Badge](https://img.shields.io/badge/P1-orange?style=flat)</sub>
3590336055,2380,2026-07-15,P2,.github/workflows/i18n-quality-gate.yml,36,UNVERIFIED,DevOps,N/A — pending verification,0.00,N/A,,CI config — requires manual check,"## CodeQL / Workflow does not contain permissions

Actions job or workflow does "
3590368222,2380,2026-07-15,P2,scripts/i18n/validate_locales.py,24,UNVERIFIED,DevOps,N/A — pending verification,0.00,Manual,,Default — needs manual verification,**<sub><sub>![P2 Badge](https://img.shields.io/badge/P2-yellow?style=flat)</sub>
3592723934,2392,2026-07-16,P2,frontend/package-lock.json,11051,SUPERSEDED,Frontend,Mechanical Verification Agent,0.85,Static analysis,2026-08-01,Identifiers ['storybook'] not found in current package-lock.json. Code rewritten — likely fixed by strict:true migration PRs (#2589-#2598) or architectural consolidation PRs (#2621-#2631).,**<sub><sub>![P2 Badge](https://img.shields.io/badge/P2-yellow?style=flat)</sub>
3598946129,2401,2026-07-16,P1,frontend/src/hooks/useAdminData.ts,13,SUPERSEDED,Frontend,Mechanical Verification Agent,0.85,Static analysis,2026-08-01,"Identifiers ['initialData', 'useAdminData'] not found in current useAdminData.ts. Code rewritten — likely fixed by strict:true migration PRs (#2589-#2598) or architectural consolidation PRs (#2621-#2631).",**<sub><sub>![P1 Badge](https://img.shields.io/badge/P1-orange?style=flat)</sub>
3598946138,2401,2026-07-16,P1,frontend/src/hooks/useApi.ts,69,SUPERSEDED,Frontend,Mechanical Verification Agent,0.85,Static analysis,2026-08-01,Identifiers ['fallbackData'] not found in current useApi.ts. Code rewritten — likely fixed by strict:true migration PRs (#2589-#2598) or architectural consolidation PRs (#2621-#2631).,**<sub><sub>![P1 Badge](https://img.shields.io/badge/P1-orange?style=flat)</sub>
3598946141,2401,2026-07-16,P1,frontend/src/hooks/useSafeInput.ts,33,SUPERSEDED,Frontend,Mechanical Verification Agent,0.85,Static analysis,2026-08-01,Identifiers ['useSafeInput'] not found in current useSafeInput.ts. Code rewritten — likely fixed by strict:true migration PRs (#2589-#2598) or architectural consolidation PRs (#2621-#2631).,**<sub><sub>![P1 Badge](https://img.shields.io/badge/P1-orange?style=flat)</sub>
3598965261,2402,2026-07-16,P1,frontend/src/hooks/useAdminData.ts,13,SUPERSEDED,Frontend,Mechanical Verification Agent,0.85,Static analysis,2026-08-01,"Identifiers ['AdminDashboard', 'useAdminData'] not found in current useAdminData.ts. Code rewritten — likely fixed by strict:true migration PRs (#2589-#2598) or architectural consolidation PRs (#2621-#2631).",**<sub><sub>![P1 Badge](https://img.shields.io/badge/P1-orange?style=flat)</sub>
3599032475,2403,2026-07-16,P1,frontend/src/pages/Appointments.tsx,5,SUPERSEDED,Frontend,Mechanical Verification Agent,0.85,Static analysis,2026-08-01,Identifiers ['RoleGate.jsx'] not found in current Appointments.tsx. Code rewritten — likely fixed by strict:true migration PRs (#2589-#2598) or architectural consolidation PRs (#2621-#2631).,**<sub><sub>![P1 Badge](https://img.shields.io/badge/P1-orange?style=flat)</sub>
3599032477,2403,2026-07-16,P1,frontend/src/hooks/useAdminData.ts,13,SUPERSEDED,Frontend,Mechanical Verification Agent,0.85,Static analysis,2026-08-01,Identifiers ['useAdminData'] not found in current useAdminData.ts. Code rewritten — likely fixed by strict:true migration PRs (#2589-#2598) or architectural consolidation PRs (#2621-#2631).,**<sub><sub>![P1 Badge](https://img.shields.io/badge/P1-orange?style=flat)</sub>
3598793144,2397,2026-07-16,P2,frontend/package.json,37,SUPERSEDED,Frontend,Mechanical Verification Agent,0.85,Static analysis,2026-08-01,Component <sub> not in current package.json. Component removed or refactored.,**<sub><sub>![P2 Badge](https://img.shields.io/badge/P2-yellow?style=flat)</sub>
3598806944,2398,2026-07-16,P1,frontend/vite.config.ts,1,SUPERSEDED,Frontend,Mechanical Verification Agent,0.85,Static analysis,2026-08-01,Component <sub> not in current vite.config.ts. Component removed or refactored.,**<sub><sub>![P1 Badge](https://img.shields.io/badge/P1-orange?style=flat)</sub>
3598938284,2400,2026-07-16,P1,frontend/src/hooks/useDoctorPanelState.ts,32,SUPERSEDED,Frontend,Mechanical Verification Agent,0.85,Static analysis,2026-08-01,Component <sub> not in current useDoctorPanelState.ts. Component removed or refactored.,**<sub><sub>![P1 Badge](https://img.shields.io/badge/P1-orange?style=flat)</sub>
3598965257,2402,2026-07-16,P1,frontend/src/stores/auth.ts,1,SUPERSEDED,Frontend,Mechanical Verification Agent,0.85,Static analysis,2026-08-01,Code pattern from review not found in current auth.ts. Code rewritten by subsequent PRs.,**<sub><sub>![P1 Badge](https://img.shields.io/badge/P1-orange?style=flat)</sub>
3599039777,2404,2026-07-16,P1,frontend/index.html,11,SUPERSEDED,Frontend,Mechanical Verification Agent,0.85,Static analysis,2026-08-01,Component <sub> not in current index.html. Component removed or refactored.,**<sub><sub>![P1 Badge](https://img.shields.io/badge/P1-orange?style=flat)</sub>
3599039783,2404,2026-07-16,P1,frontend/src/hooks/useAsyncAction.ts,23,SUPERSEDED,Frontend,Mechanical Verification Agent,0.85,Static analysis,2026-08-01,Component <sub> not in current useAsyncAction.ts. Component removed or refactored.,**<sub><sub>![P1 Badge](https://img.shields.io/badge/P1-orange?style=flat)</sub>
3599117124,2407,2026-07-16,P1,frontend/src/api/__tests__/authLoginRoute.contract.test.ts,7,SUPERSEDED,Frontend,Mechanical Verification Agent,0.85,Static analysis,2026-08-01,Code pattern from review not found in current authLoginRoute.contract.test.ts. Code rewritten by subsequent PRs.,**<sub><sub>![P1 Badge](https://img.shields.io/badge/P1-orange?style=flat)</sub>
3592631010,2392,2026-07-16,P1,frontend/src/components/admin/AppointmentModal.jsx,25,OBSOLETE,Frontend,Mechanical Verification Agent,1.00,Static analysis,2026-08-01,Cannot read file (Pass 2),**<sub><sub>![P1 Badge](https://img.shields.io/badge/P1-orange?style=flat)</sub>
3592631013,2392,2026-07-16,P2,frontend/src/components/admin/QueueSettings.jsx,56,OBSOLETE,Frontend,Mechanical Verification Agent,1.00,Static analysis,2026-08-01,Cannot read file (Pass 2),**<sub><sub>![P2 Badge](https://img.shields.io/badge/P2-yellow?style=flat)</sub>
3592631017,2392,2026-07-16,P2,frontend/src/components/admin/AdminServices.jsx,20,OBSOLETE,Frontend,Mechanical Verification Agent,1.00,Static analysis,2026-08-01,Cannot read file (Pass 2),**<sub><sub>![P2 Badge](https://img.shields.io/badge/P2-yellow?style=flat)</sub>
3592782202,2392,2026-07-16,P2,frontend/src/components/admin/FinanceModal.jsx,290,OBSOLETE,Frontend,Mechanical Verification Agent,1.00,Static analysis,2026-08-01,Cannot read file (Pass 2),**<sub><sub>![P2 Badge](https://img.shields.io/badge/P2-yellow?style=flat)</sub>
3592873363,2392,2026-07-16,P2,frontend/src/pages/RegistrarPanel.jsx,271,OBSOLETE,Frontend,Mechanical Verification Agent,1.00,Static analysis,2026-08-01,Cannot read file (Pass 2),**<sub><sub>![P2 Badge](https://img.shields.io/badge/P2-yellow?style=flat)</sub>
3595229005,2392,2026-07-16,P1,frontend/src/components/AppointmentFlow.jsx,1,OBSOLETE,Frontend,Mechanical Verification Agent,1.00,Static analysis,2026-08-01,Cannot read file (Pass 2),**<sub><sub>![P1 Badge](https://img.shields.io/badge/P1-orange?style=flat)</sub>
3595229010,2392,2026-07-16,P1,frontend/src/components/auth/ForgotPassword.jsx,56,OBSOLETE,Frontend,Mechanical Verification Agent,1.00,Static analysis,2026-08-01,Cannot read file (Pass 2),**<sub><sub>![P1 Badge](https://img.shields.io/badge/P1-orange?style=flat)</sub>
3595668437,2392,2026-07-16,P1,frontend/src/components/emr-v2/EMRContainerV2.jsx,1,OBSOLETE,Frontend,Mechanical Verification Agent,1.00,Static analysis,2026-08-01,Cannot read file (Pass 2),**<sub><sub>![P1 Badge](https://img.shields.io/badge/P1-orange?style=flat)</sub>
3596145230,2392,2026-07-16,P2,frontend/src/components/notifications/EmailSMSManager.jsx,1,OBSOLETE,Frontend,Mechanical Verification Agent,1.00,Static analysis,2026-08-01,Cannot read file (Pass 2),**<sub><sub>![P2 Badge](https://img.shields.io/badge/P2-yellow?style=flat)</sub>
3596145239,2392,2026-07-16,P2,frontend/src/components/emr-v2/DoctorTemplatesPanel.jsx,1,OBSOLETE,Frontend,Mechanical Verification Agent,1.00,Static analysis,2026-08-01,Cannot read file (Pass 2),**<sub><sub>![P2 Badge](https://img.shields.io/badge/P2-yellow?style=flat)</sub>
3596496171,2392,2026-07-16,P2,frontend/src/components/tables/AppointmentContextMenu.jsx,1,OBSOLETE,Frontend,Mechanical Verification Agent,1.00,Static analysis,2026-08-01,Cannot read file (Pass 2),**<sub><sub>![P2 Badge](https://img.shields.io/badge/P2-yellow?style=flat)</sub>
3596864135,2392,2026-07-16,P1,frontend/src/pages/PatientPickupView.jsx,17,OBSOLETE,Frontend,Mechanical Verification Agent,1.00,Static analysis,2026-08-01,Cannot read file (Pass 2),**<sub><sub>![P1 Badge](https://img.shields.io/badge/P1-orange?style=flat)</sub>
3597066839,2392,2026-07-16,P2,frontend/src/components/chat/NotificationPrompt.jsx,1,OBSOLETE,Frontend,Mechanical Verification Agent,1.00,Static analysis,2026-08-01,Cannot read file (Pass 2),**<sub><sub>![P2 Badge](https://img.shields.io/badge/P2-yellow?style=flat)</sub>
3597066842,2392,2026-07-16,P2,frontend/src/components/chat/VoiceRecorder.jsx,1,OBSOLETE,Frontend,Mechanical Verification Agent,1.00,Static analysis,2026-08-01,Cannot read file (Pass 2),**<sub><sub>![P2 Badge](https://img.shields.io/badge/P2-yellow?style=flat)</sub>
3597205897,2392,2026-07-16,P2,frontend/src/components/common/Modal.jsx,1,OBSOLETE,Frontend,Mechanical Verification Agent,1.00,Static analysis,2026-08-01,Cannot read file (Pass 2),**<sub><sub>![P2 Badge](https://img.shields.io/badge/P2-yellow?style=flat)</sub>
3597205907,2392,2026-07-16,P2,frontend/src/components/forms/ModernSelect.jsx,15,OBSOLETE,Frontend,Mechanical Verification Agent,1.00,Static analysis,2026-08-01,Cannot read file (Pass 2),**<sub><sub>![P2 Badge](https://img.shields.io/badge/P2-yellow?style=flat)</sub>
3597682127,2392,2026-07-16,P2,frontend/src/components/ai/AISuggestions.jsx,1,OBSOLETE,Frontend,Mechanical Verification Agent,1.00,Static analysis,2026-08-01,Cannot read file (Pass 2),**<sub><sub>![P2 Badge](https://img.shields.io/badge/P2-yellow?style=flat)</sub>
3597827927,2392,2026-07-16,P1,frontend/src/components/activation/AppActivation.jsx,6,OBSOLETE,Frontend,Mechanical Verification Agent,1.00,Static analysis,2026-08-01,Cannot read file (Pass 2),**<sub><sub>![P1 Badge](https://img.shields.io/badge/P1-orange?style=flat)</sub>
3597827934,2392,2026-07-16,P1,frontend/src/components/navigation/ModernTabs.jsx,59,OBSOLETE,Frontend,Mechanical Verification Agent,1.00,Static analysis,2026-08-01,Cannot read file (Pass 2),**<sub><sub>![P1 Badge](https://img.shields.io/badge/P1-orange?style=flat)</sub>
3597827938,2392,2026-07-16,P1,frontend/src/components/emr-v2/sections/TreatmentSection.jsx,145,OBSOLETE,Frontend,Mechanical Verification Agent,1.00,Static analysis,2026-08-01,Cannot read file (Pass 2),**<sub><sub>![P1 Badge](https://img.shields.io/badge/P1-orange?style=flat)</sub>
3597827943,2392,2026-07-16,P1,frontend/src/components/wizard/CartStepV2.jsx,469,OBSOLETE,Frontend,Mechanical Verification Agent,1.00,Static analysis,2026-08-01,Cannot read file (Pass 2),**<sub><sub>![P1 Badge](https://img.shields.io/badge/P1-orange?style=flat)</sub>
3597827946,2392,2026-07-16,P2,frontend/src/components/emr-v2/sections/TreatmentSection.jsx,279,OBSOLETE,Frontend,Mechanical Verification Agent,1.00,Static analysis,2026-08-01,Cannot read file (Pass 2),**<sub><sub>![P2 Badge](https://img.shields.io/badge/P2-yellow?style=flat)</sub>
3598039104,2392,2026-07-16,P1,frontend/src/components/statistics/ModernStatistics.jsx,56,OBSOLETE,Frontend,Mechanical Verification Agent,1.00,Static analysis,2026-08-01,Cannot read file (Pass 2),**<sub><sub>![P1 Badge](https://img.shields.io/badge/P1-orange?style=flat)</sub>
3598039113,2392,2026-07-16,P1,frontend/src/components/common/ConfirmDialog.jsx,94,OBSOLETE,Frontend,Mechanical Verification Agent,1.00,Static analysis,2026-08-01,Cannot read file (Pass 2),**<sub><sub>![P1 Badge](https://img.shields.io/badge/P1-orange?style=flat)</sub>
3598039117,2392,2026-07-16,P1,frontend/src/components/emr-v2/sections/specialty/DermatologySection.jsx,128,OBSOLETE,Frontend,Mechanical Verification Agent,1.00,Static analysis,2026-08-01,Cannot read file (Pass 2),**<sub><sub>![P1 Badge](https://img.shields.io/badge/P1-orange?style=flat)</sub>
3598202534,2393,2026-07-16,P1,frontend/src/components/emr-v2/sections/specialty/DermatologySection.jsx,24,OBSOLETE,Frontend,Mechanical Verification Agent,1.00,Static analysis,2026-08-01,Cannot read file (Pass 2),**<sub><sub>![P1 Badge](https://img.shields.io/badge/P1-orange?style=flat)</sub>
3598202544,2393,2026-07-16,P2,frontend/src/components/statistics/ModernStatistics.jsx,63,OBSOLETE,Frontend,Mechanical Verification Agent,1.00,Static analysis,2026-08-01,Cannot read file (Pass 2),**<sub><sub>![P2 Badge](https://img.shields.io/badge/P2-yellow?style=flat)</sub>
3598354292,2395,2026-07-16,P2,backend/tests/unit/test_notification_endpoint_inventory.py,115,OUT_OF_SCOPE,Backend,N/A — pending domain expert assignment,0.50,N/A,,Backend Python — requires Python maintainer. Out of frontend audit scope.,**<sub><sub>![P2 Badge](https://img.shields.io/badge/P2-yellow?style=flat)</sub>
3598806950,2398,2026-07-16,P2,.github/workflows/ci-cd-unified.yml,649,UNVERIFIED,DevOps,N/A — pending verification,0.00,N/A,,CI config — requires manual check,**<sub><sub>![P2 Badge](https://img.shields.io/badge/P2-yellow?style=flat)</sub>
3607947813,2433,2026-07-18,P2,frontend/src/api/client.ts,405,SUPERSEDED,Frontend,Mechanical Verification Agent,0.85,Static analysis,2026-08-01,Identifiers ['LoginResponse'] not found in current client.ts. Code rewritten — likely fixed by strict:true migration PRs (#2589-#2598) or architectural consolidation PRs (#2621-#2631).,**<sub><sub>![P2 Badge](https://img.shields.io/badge/P2-yellow?style=flat)</sub>
3608191248,2433,2026-07-18,P2,frontend/src/api/client.ts,1,SUPERSEDED,Frontend,Mechanical Verification Agent,0.85,Static analysis,2026-08-01,Identifiers ['build_frontend_backend_parity.py'] not found in current client.ts. Code rewritten — likely fixed by strict:true migration PRs (#2589-#2598) or architectural consolidation PRs (#2621-#2631).,**<sub><sub>![P2 Badge](https://img.shields.io/badge/P2-yellow?style=flat)</sub>
3608797956,2433,2026-07-18,P1,frontend/src/components/ui/macos/Input.tsx,86,SUPERSEDED,Frontend,Mechanical Verification Agent,0.85,Static analysis,2026-08-01,Identifiers ['Input'] not found in current Input.tsx. Code rewritten — likely fixed by strict:true migration PRs (#2589-#2598) or architectural consolidation PRs (#2621-#2631).,**<sub><sub>![P1 Badge](https://img.shields.io/badge/P1-orange?style=flat)</sub>
3608017018,2433,2026-07-18,P1,frontend/src/api/endpoints.ts,4,SUPERSEDED,Frontend,Mechanical Verification Agent,0.85,Static analysis,2026-08-01,Code pattern from review not found in current endpoints.ts. Code rewritten by subsequent PRs.,**<sub><sub>![P1 Badge](https://img.shields.io/badge/P1-orange?style=flat)</sub>
3608170256,2433,2026-07-18,P1,frontend/vite.config.ts,1,SUPERSEDED,Frontend,Mechanical Verification Agent,0.85,Static analysis,2026-08-01,Component <sub> not in current vite.config.ts. Component removed or refactored.,**<sub><sub>![P1 Badge](https://img.shields.io/badge/P1-orange?style=flat)</sub>
3608206036,2433,2026-07-18,P2,frontend/src/App.tsx,1,SUPERSEDED,Frontend,Mechanical Verification Agent,0.85,Static analysis,2026-08-01,Code pattern from review not found in current App.tsx. Code rewritten by subsequent PRs.,**<sub><sub>![P2 Badge](https://img.shields.io/badge/P2-yellow?style=flat)</sub>
3608223343,2433,2026-07-18,P2,frontend/vite.config.ts,1,SUPERSEDED,Frontend,Mechanical Verification Agent,0.85,Static analysis,2026-08-01,Component <sub> not in current vite.config.ts. Component removed or refactored.,**<sub><sub>![P2 Badge](https://img.shields.io/badge/P2-yellow?style=flat)</sub>
3608480791,2433,2026-07-18,P2,frontend/src/hooks/useAI.tsx,296,SUPERSEDED,Frontend,Mechanical Verification Agent,0.85,Static analysis,2026-08-01,Component <sub> not in current useAI.tsx. Component removed or refactored.,**<sub><sub>![P2 Badge](https://img.shields.io/badge/P2-yellow?style=flat)</sub>
3608618701,2433,2026-07-18,P1,frontend/src/components/statistics/ModernStatistics.tsx,149,SUPERSEDED,Frontend,Mechanical Verification Agent,0.85,Static analysis,2026-08-01,Component <sub> not in current ModernStatistics.tsx. Component removed or refactored.,**<sub><sub>![P1 Badge](https://img.shields.io/badge/P1-orange?style=flat)</sub>
3607909570,2433,2026-07-18,P2,frontend/src/components/layout/ModernCard.tsx,45,UNVERIFIED,Frontend,N/A — pending verification,0.00,N/A,,Frontend — requires manual semantic check,"## CodeQL / Replacement of a substring with itself

This replaces 'rgba(0, 0, 0,"
3608536720,2433,2026-07-18,P1,frontend/src/components/auth/LoginFormStyled.tsx,12,UNVERIFIED,Frontend,N/A — pending verification,0.00,N/A,,Frontend — requires manual semantic check,**<sub><sub>![P1 Badge](https://img.shields.io/badge/P1-orange?style=flat)</sub>
3608536724,2433,2026-07-18,P2,frontend/src/routing/__tests__/routeOwnershipEnforcement.test.ts,19,UNVERIFIED,Frontend,N/A — pending verification,0.00,N/A,,Frontend — requires manual semantic check,**<sub><sub>![P2 Badge](https://img.shields.io/badge/P2-yellow?style=flat)</sub>
3625126745,2444,2026-07-21,P2,frontend/src/components/layout/ModernCard.tsx,45,UNVERIFIED,Frontend,N/A — pending verification,0.00,N/A,,Frontend — requires manual semantic check,"## CodeQL / Replacement of a substring with itself

This replaces 'rgba(0, 0, 0,"
3628315043,2446,2026-07-22,P1,frontend/src/components/ui/macos/Select.tsx,174,SUPERSEDED,Frontend,Mechanical Verification Agent,0.85,Static analysis,2026-08-01,Identifiers ['onChange'] not found in current Select.tsx. Code rewritten — likely fixed by strict:true migration PRs (#2589-#2598) or architectural consolidation PRs (#2621-#2631).,**<sub><sub>![P1 Badge](https://img.shields.io/badge/P1-orange?style=flat)</sub>
3628315049,2446,2026-07-22,P1,frontend/src/components/emr-v2/sections/EMRTextField.tsx,78,SUPERSEDED,Frontend,Mechanical Verification Agent,0.85,Static analysis,2026-08-01,"Identifiers ['EMRTextField', 'onChange'] not found in current EMRTextField.tsx. Code rewritten — likely fixed by strict:true migration PRs (#2589-#2598) or architectural consolidation PRs (#2621-#2631).",**<sub><sub>![P1 Badge](https://img.shields.io/badge/P1-orange?style=flat)</sub>
3627292404,2444,2026-07-22,P2,frontend/src/components/admin/DepartmentManagement.tsx,319,SUPERSEDED,Frontend,Mechanical Verification Agent,0.85,Static analysis,2026-08-01,Component <sub> not in current DepartmentManagement.tsx. Component removed or refactored.,**<sub><sub>![P2 Badge](https://img.shields.io/badge/P2-yellow?style=flat)</sub>
3627292406,2444,2026-07-22,P2,frontend/src/components/payment/PaymentProviderDialog.tsx,125,SUPERSEDED,Frontend,Mechanical Verification Agent,0.85,Static analysis,2026-08-01,Component <sub> not in current PaymentProviderDialog.tsx. Component removed or refactored.,**<sub><sub>![P2 Badge](https://img.shields.io/badge/P2-yellow?style=flat)</sub>
3627292413,2444,2026-07-22,P2,frontend/src/components/analytics/WaitTimeAnalytics.tsx,314,UNVERIFIED,Frontend,N/A — pending verification,0.00,N/A,,Frontend — requires manual semantic check,**<sub><sub>![P2 Badge](https://img.shields.io/badge/P2-yellow?style=flat)</sub>
3629262568,2447,2026-07-22,P2,scripts/type-debt-check.mjs,37,UNVERIFIED,DevOps,N/A — pending verification,0.00,Manual,,Default — needs manual verification,"## CodeQL / Shell command built from environment values

This shell command depe"
3629262587,2447,2026-07-22,P2,scripts/type-debt-check.mjs,56,UNVERIFIED,DevOps,N/A — pending verification,0.00,Manual,,Default — needs manual verification,"## CodeQL / Shell command built from environment values

This shell command depe"
3629273451,2447,2026-07-22,P2,scripts/type-debt-check.mjs,33,UNVERIFIED,DevOps,N/A — pending verification,0.00,Manual,,Default — needs manual verification,**<sub><sub>![P2 Badge](https://img.shields.io/badge/P2-yellow?style=flat)</sub>
3635390725,2451,2026-07-23,P1,frontend/src/components/common/Table.tsx,329,SUPERSEDED,Frontend,Mechanical Verification Agent,0.85,Static analysis,2026-08-01,Identifiers ['column.render'] not found in current Table.tsx. Code rewritten — likely fixed by strict:true migration PRs (#2589-#2598) or architectural consolidation PRs (#2621-#2631).,**<sub><sub>![P1 Badge](https://img.shields.io/badge/P1-orange?style=flat)</sub>
3635653234,2453,2026-07-23,P2,scripts/type-debt-check.mjs,96,SUPERSEDED,DevOps,Mechanical Verification Agent,0.85,Static analysis,2026-08-01,Identifiers ['any'] not found in current type-debt-check.mjs. Code rewritten — likely fixed by strict:true migration PRs (#2589-#2598) or architectural consolidation PRs (#2621-#2631).,**<sub><sub>![P2 Badge](https://img.shields.io/badge/P2-yellow?style=flat)</sub>
3637480274,2459,2026-07-23,P2,frontend/src/components/ui/macos/MacOSBreadcrumb.tsx,5,SUPERSEDED,Frontend,Mechanical Verification Agent,0.85,Static analysis,2026-08-01,Identifiers ['MacOSBreadcrumb.tsx'] not found in current MacOSBreadcrumb.tsx. Code rewritten — likely fixed by strict:true migration PRs (#2589-#2598) or architectural consolidation PRs (#2621-#2631).,**<sub><sub>![P2 Badge](https://img.shields.io/badge/P2-yellow?style=flat)</sub>
3635751843,2454,2026-07-23,P1,frontend/src/i18n/useTranslation.ts,65,SUPERSEDED,Frontend,Mechanical Verification Agent,0.85,Static analysis,2026-08-01,Code pattern from review not found in current useTranslation.ts. Code rewritten by subsequent PRs.,**<sub><sub>![P1 Badge](https://img.shields.io/badge/P1-orange?style=flat)</sub>
3636937233,2457,2026-07-23,P2,.github/workflows/ci-cd-unified.yml,660,SUPERSEDED,DevOps,Mechanical Verification Agent,0.85,Static analysis,2026-08-01,Code pattern from review not found in current ci-cd-unified.yml. Code rewritten by subsequent PRs.,**<sub><sub>![P2 Badge](https://img.shields.io/badge/P2-yellow?style=flat)</sub>
3635011295,2449,2026-07-23,P2,scripts/f3-0-caller-inventory.mjs,18,UNVERIFIED,DevOps,N/A — pending verification,0.00,Manual,,Default — needs manual verification,**<sub><sub>![P2 Badge](https://img.shields.io/badge/P2-yellow?style=flat)</sub>
3635511244,2452,2026-07-23,P2,frontend/src/components/common/Form.tsx,338,UNVERIFIED,Frontend,N/A — pending verification,0.00,N/A,,Frontend — requires manual semantic check,**<sub><sub>![P2 Badge](https://img.shields.io/badge/P2-yellow?style=flat)</sub>
3635649587,2453,2026-07-23,P2,scripts/type-debt-check.mjs,71,UNVERIFIED,DevOps,N/A — pending verification,0.00,Manual,,Default — needs manual verification,"## CodeQL / Shell command built from environment values

This shell command depe"
3635928976,2455,2026-07-23,P2,docs/adr/ADR-0012-typescript-migration.md,390,UNVERIFIED,Documentation,N/A — pending verification,0.00,Manual,,Default — needs manual verification,**<sub><sub>![P2 Badge](https://img.shields.io/badge/P2-yellow?style=flat)</sub>
3636646176,2456,2026-07-23,P2,docs/adr/ADR-0012-typescript-migration.md,416,UNVERIFIED,Documentation,N/A — pending verification,0.00,Manual,,Default — needs manual verification,**<sub><sub>![P2 Badge](https://img.shields.io/badge/P2-yellow?style=flat)</sub>
3637232016,2458,2026-07-23,P2,docs/adr/ADR-0012-typescript-migration.md,555,UNVERIFIED,Documentation,N/A — pending verification,0.00,Manual,,Default — needs manual verification,**<sub><sub>![P2 Badge](https://img.shields.io/badge/P2-yellow?style=flat)</sub>
3642988102,2470,2026-07-24,P2,frontend/src/types/domain/clinic.ts,103,SUPERSEDED,Frontend,Mechanical Verification Agent,0.85,Static analysis,2026-08-01,Identifiers ['Service'] not found in current clinic.ts. Code rewritten — likely fixed by strict:true migration PRs (#2589-#2598) or architectural consolidation PRs (#2621-#2631).,**<sub><sub>![P2 Badge](https://img.shields.io/badge/P2-yellow?style=flat)</sub>
3643054338,2472,2026-07-24,P2,frontend/src/types/domain/auth.ts,69,SUPERSEDED,Frontend,Mechanical Verification Agent,0.85,Static analysis,2026-08-01,Identifiers ['LoginResponse'] not found in current auth.ts. Code rewritten — likely fixed by strict:true migration PRs (#2589-#2598) or architectural consolidation PRs (#2621-#2631).,**<sub><sub>![P2 Badge](https://img.shields.io/badge/P2-yellow?style=flat)</sub>
3643485375,2477,2026-07-24,P2,scripts/strict-baseline.json,251,SUPERSEDED,DevOps,Mechanical Verification Agent,0.85,Static analysis,2026-08-01,Identifiers ['CashierPanel.tsx'] not found in current strict-baseline.json. Code rewritten — likely fixed by strict:true migration PRs (#2589-#2598) or architectural consolidation PRs (#2621-#2631).,**<sub><sub>![P2 Badge](https://img.shields.io/badge/P2-yellow?style=flat)</sub>
3644804064,2480,2026-07-24,P2,scripts/strict-baseline.json,30,SUPERSEDED,DevOps,Mechanical Verification Agent,0.85,Static analysis,2026-08-01,Identifiers ['strictNullChecks'] not found in current strict-baseline.json. Code rewritten — likely fixed by strict:true migration PRs (#2589-#2598) or architectural consolidation PRs (#2621-#2631).,**<sub><sub>![P2 Badge](https://img.shields.io/badge/P2-yellow?style=flat)</sub>
3644913172,2482,2026-07-24,P2,frontend/src/types/domain/clinic.ts,155,SUPERSEDED,Frontend,Mechanical Verification Agent,0.85,Static analysis,2026-08-01,Identifiers ['DepartmentManagement'] not found in current clinic.ts. Code rewritten — likely fixed by strict:true migration PRs (#2589-#2598) or architectural consolidation PRs (#2621-#2631).,**<sub><sub>![P2 Badge](https://img.shields.io/badge/P2-yellow?style=flat)</sub>
3646430618,2485,2026-07-24,P2,frontend/scripts/no-api-loose-return.js,130,SUPERSEDED,Frontend,Mechanical Verification Agent,0.85,Static analysis,2026-08-01,Identifiers ['node.returnType'] not found in current no-api-loose-return.js. Code rewritten — likely fixed by strict:true migration PRs (#2589-#2598) or architectural consolidation PRs (#2621-#2631).,**<sub><sub>![P2 Badge](https://img.shields.io/badge/P2-yellow?style=flat)</sub>
3646949042,2485,2026-07-24,P2,scripts/per-directory-strict.mjs,80,SUPERSEDED,DevOps,Mechanical Verification Agent,0.85,Static analysis,2026-08-01,Identifiers ['require'] not found in current per-directory-strict.mjs. Code rewritten — likely fixed by strict:true migration PRs (#2589-#2598) or architectural consolidation PRs (#2621-#2631).,**<sub><sub>![P2 Badge](https://img.shields.io/badge/P2-yellow?style=flat)</sub>
3642251826,2463,2026-07-24,P2,frontend/src/hooks/useEMRAI.ts,275,SUPERSEDED,Frontend,Mechanical Verification Agent,0.85,Static analysis,2026-08-01,Component <sub> not in current useEMRAI.ts. Component removed or refactored.,**<sub><sub>![P2 Badge](https://img.shields.io/badge/P2-yellow?style=flat)</sub>
3642840724,2466,2026-07-24,P2,frontend/src/types/domain/clinic.ts,55,SUPERSEDED,Frontend,Mechanical Verification Agent,0.85,Static analysis,2026-08-01,Component <sub> not in current clinic.ts. Component removed or refactored.,**<sub><sub>![P2 Badge](https://img.shields.io/badge/P2-yellow?style=flat)</sub>
3642988099,2470,2026-07-24,P2,frontend/src/types/domain/clinic.ts,33,SUPERSEDED,Frontend,Mechanical Verification Agent,0.85,Static analysis,2026-08-01,Component <sub> not in current clinic.ts. Component removed or refactored.,**<sub><sub>![P2 Badge](https://img.shields.io/badge/P2-yellow?style=flat)</sub>
3643265638,2474,2026-07-24,P2,scripts/strict-baseline.json,30,SUPERSEDED,DevOps,Mechanical Verification Agent,0.85,Static analysis,2026-08-01,Code pattern from review not found in current strict-baseline.json. Code rewritten by subsequent PRs.,**<sub><sub>![P2 Badge](https://img.shields.io/badge/P2-yellow?style=flat)</sub>
3644755094,2479,2026-07-24,P2,scripts/strict-baseline.json,30,SUPERSEDED,DevOps,Mechanical Verification Agent,0.85,Static analysis,2026-08-01,Code pattern from review not found in current strict-baseline.json. Code rewritten by subsequent PRs.,**<sub><sub>![P2 Badge](https://img.shields.io/badge/P2-yellow?style=flat)</sub>
3644913167,2482,2026-07-24,P2,frontend/src/types/domain/clinic.ts,102,SUPERSEDED,Frontend,Mechanical Verification Agent,0.85,Static analysis,2026-08-01,Component <sub> not in current clinic.ts. Component removed or refactored.,**<sub><sub>![P2 Badge](https://img.shields.io/badge/P2-yellow?style=flat)</sub>
3644976980,2484,2026-07-24,P2,frontend/src/types/domain/emr.ts,163,SUPERSEDED,Frontend,Mechanical Verification Agent,0.85,Static analysis,2026-08-01,Code pattern from review not found in current emr.ts. Code rewritten by subsequent PRs.,**<sub><sub>![P2 Badge](https://img.shields.io/badge/P2-yellow?style=flat)</sub>
3644976983,2484,2026-07-24,P2,frontend/src/types/domain/emr.ts,156,SUPERSEDED,Frontend,Mechanical Verification Agent,0.85,Static analysis,2026-08-01,Component <sub> not in current emr.ts. Component removed or refactored.,**<sub><sub>![P2 Badge](https://img.shields.io/badge/P2-yellow?style=flat)</sub>
3646326969,2485,2026-07-24,P2,frontend/scripts/no-api-loose-return.js,146,SUPERSEDED,Frontend,Mechanical Verification Agent,0.85,Static analysis,2026-08-01,Component <sub> not in current no-api-loose-return.js. Component removed or refactored.,**<sub><sub>![P2 Badge](https://img.shields.io/badge/P2-yellow?style=flat)</sub>
3646326971,2485,2026-07-24,P2,frontend/src/api/registrar.ts,132,SUPERSEDED,Frontend,Mechanical Verification Agent,0.85,Static analysis,2026-08-01,Component <sub> not in current registrar.ts. Component removed or refactored.,**<sub><sub>![P2 Badge](https://img.shields.io/badge/P2-yellow?style=flat)</sub>
3646631632,2485,2026-07-24,P2,frontend/scripts/no-domain-type-duplication.js,148,SUPERSEDED,Frontend,Mechanical Verification Agent,0.85,Static analysis,2026-08-01,Component <sub> not in current no-domain-type-duplication.js. Component removed or refactored.,**<sub><sub>![P2 Badge](https://img.shields.io/badge/P2-yellow?style=flat)</sub>
3646731786,2485,2026-07-24,P1,frontend/eslint.config.js,55,SUPERSEDED,Frontend,Mechanical Verification Agent,0.85,Static analysis,2026-08-01,Component <sub> not in current eslint.config.js. Component removed or refactored.,**<sub><sub>![P1 Badge](https://img.shields.io/badge/P1-orange?style=flat)</sub>
3646890734,2485,2026-07-24,P2,frontend/scripts/no-dto-import-in-components.js,97,SUPERSEDED,Frontend,Mechanical Verification Agent,0.85,Static analysis,2026-08-01,Component <sub> not in current no-dto-import-in-components.js. Component removed or refactored.,**<sub><sub>![P2 Badge](https://img.shields.io/badge/P2-yellow?style=flat)</sub>
3646991698,2485,2026-07-24,P2,frontend/src/api/queue.ts,35,SUPERSEDED,Frontend,Mechanical Verification Agent,0.85,Static analysis,2026-08-01,Component <sub> not in current queue.ts. Component removed or refactored.,**<sub><sub>![P2 Badge](https://img.shields.io/badge/P2-yellow?style=flat)</sub>
3642773138,2465,2026-07-24,P2,scripts/strict-baseline.json,30,UNVERIFIED,DevOps,N/A — pending verification,0.00,Manual,,Default — needs manual verification,**<sub><sub>![P2 Badge](https://img.shields.io/badge/P2-yellow?style=flat)</sub>
3642863732,2467,2026-07-24,P2,frontend/src/pages/registrar/registrarHelpers.ts,367,UNVERIFIED,Frontend,N/A — pending verification,0.00,N/A,,Frontend — requires manual semantic check,**<sub><sub>![P2 Badge](https://img.shields.io/badge/P2-yellow?style=flat)</sub>
3643054344,2472,2026-07-24,P2,frontend/src/types/domain/queue.ts,28,UNVERIFIED,Frontend,N/A — pending verification,0.00,N/A,,Frontend — requires manual semantic check,**<sub><sub>![P2 Badge](https://img.shields.io/badge/P2-yellow?style=flat)</sub>
3644705647,2478,2026-07-24,P2,scripts/strict-baseline.json,30,UNVERIFIED,DevOps,N/A — pending verification,0.00,Manual,,Default — needs manual verification,**<sub><sub>![P2 Badge](https://img.shields.io/badge/P2-yellow?style=flat)</sub>
3644963843,2483,2026-07-24,P2,scripts/strict-baseline.json,238,UNVERIFIED,DevOps,N/A — pending verification,0.00,Manual,,Default — needs manual verification,**<sub><sub>![P2 Badge](https://img.shields.io/badge/P2-yellow?style=flat)</sub>
3652518342,2524,2026-07-26,P1,frontend/src/services/payment.ts,14,FIXED,Frontend,Frontend Review Agent,1.00,Commit/PR,2026-08-01,PR #2640: Trailing whitespace removed,**<sub><sub>![P1 Badge](https://img.shields.io/badge/P1-orange?style=flat)</sub>
3651550119,2511,2026-07-26,P2,frontend/src/components/ui/macos/Progress.tsx,6,SUPERSEDED,Frontend,Mechanical Verification Agent,0.85,Static analysis,2026-08-01,Identifiers ['CircularProgress'] not found in current Progress.tsx. Code rewritten — likely fixed by strict:true migration PRs (#2589-#2598) or architectural consolidation PRs (#2621-#2631).,**<sub><sub>![P2 Badge](https://img.shields.io/badge/P2-yellow?style=flat)</sub>
3652957883,2525,2026-07-26,P2,frontend/src/components/laboratory/LabStatusStepper.tsx,44,SUPERSEDED,Frontend,Mechanical Verification Agent,0.85,Static analysis,2026-08-01,Identifiers ['LabReportWorkbench'] not found in current LabStatusStepper.tsx. Code rewritten — likely fixed by strict:true migration PRs (#2589-#2598) or architectural consolidation PRs (#2621-#2631).,**<sub><sub>![P2 Badge](https://img.shields.io/badge/P2-yellow?style=flat)</sub>
3653068182,2527,2026-07-26,P1,frontend/src/components/emr-v2/ai/SmartAssistButton.tsx,24,SUPERSEDED,Frontend,Mechanical Verification Agent,0.85,Static analysis,2026-08-01,Identifiers ['ai_complaint_analysis'] not found in current SmartAssistButton.tsx. Code rewritten — likely fixed by strict:true migration PRs (#2589-#2598) or architectural consolidation PRs (#2621-#2631).,**<sub><sub>![P1 Badge](https://img.shields.io/badge/P1-orange?style=flat)</sub>
3653095936,2528,2026-07-26,P1,frontend/src/hooks/usePatients.ts,103,SUPERSEDED,Frontend,Mechanical Verification Agent,0.85,Static analysis,2026-08-01,Identifiers ['PatientModal'] not found in current usePatients.ts. Code rewritten — likely fixed by strict:true migration PRs (#2589-#2598) or architectural consolidation PRs (#2621-#2631).,**<sub><sub>![P1 Badge](https://img.shields.io/badge/P1-orange?style=flat)</sub>
3651550111,2511,2026-07-26,P1,frontend/src/api/interceptors.ts,70,SUPERSEDED,Frontend,Mechanical Verification Agent,0.85,Static analysis,2026-08-01,Component <sub> not in current interceptors.ts. Component removed or refactored.,**<sub><sub>![P1 Badge](https://img.shields.io/badge/P1-orange?style=flat)</sub>
3651550117,2511,2026-07-26,P2,scripts/regression-audit-check.mjs,314,SUPERSEDED,DevOps,Mechanical Verification Agent,0.85,Static analysis,2026-08-01,Code pattern from review not found in current regression-audit-check.mjs. Code rewritten by subsequent PRs.,**<sub><sub>![P2 Badge](https://img.shields.io/badge/P2-yellow?style=flat)</sub>
3651709643,2517,2026-07-26,P1,frontend/src/components/emr-v2/sections/__tests__/LabResultsSection.contract.test.tsx,92,SUPERSEDED,Frontend,Mechanical Verification Agent,0.85,Static analysis,2026-08-01,Component <sub> not in current LabResultsSection.contract.test.tsx. Component removed or refactored.,**<sub><sub>![P1 Badge](https://img.shields.io/badge/P1-orange?style=flat)</sub>
3653068180,2527,2026-07-26,P0,frontend/src/components/emr-v2/ai/SmartAssistButton.tsx,24,SUPERSEDED,Frontend,Mechanical Verification Agent,0.85,Static analysis,2026-08-01,Component <sub> not in current SmartAssistButton.tsx. Component removed or refactored.,**<sub><sub>![P0 Badge](https://img.shields.io/badge/P0-red?style=flat)</sub></s
3653095940,2528,2026-07-26,P2,frontend/tsconfig.strict.json,11,SUPERSEDED,Frontend,Mechanical Verification Agent,0.85,Static analysis,2026-08-01,Component <sub> not in current tsconfig.strict.json. Component removed or refactored.,**<sub><sub>![P2 Badge](https://img.shields.io/badge/P2-yellow?style=flat)</sub>
3653166584,2530,2026-07-26,P2,frontend/src/components/common/StateWrapper.tsx,122,SUPERSEDED,Frontend,Mechanical Verification Agent,0.85,Static analysis,2026-08-01,Code pattern from review not found in current StateWrapper.tsx. Code rewritten by subsequent PRs.,**<sub><sub>![P2 Badge](https://img.shields.io/badge/P2-yellow?style=flat)</sub>
3653187079,2531,2026-07-26,P2,frontend/src/services/payment.ts,30,SUPERSEDED,Frontend,Mechanical Verification Agent,0.85,Static analysis,2026-08-01,Code pattern from review not found in current payment.ts. Code rewritten by subsequent PRs.,**<sub><sub>![P2 Badge](https://img.shields.io/badge/P2-yellow?style=flat)</sub>
3651550113,2511,2026-07-26,P1,frontend/src/hooks/useAIChat.ts,276,UNVERIFIED,Frontend,N/A — pending verification,0.00,N/A,,Frontend — requires manual semantic check,**<sub><sub>![P1 Badge](https://img.shields.io/badge/P1-orange?style=flat)</sub>
3651550116,2511,2026-07-26,P2,scripts/regression-audit-check.mjs,10,UNVERIFIED,DevOps,N/A — pending verification,0.00,Manual,,Default — needs manual verification,**<sub><sub>![P2 Badge](https://img.shields.io/badge/P2-yellow?style=flat)</sub>
3651704709,2517,2026-07-26,P2,.github/workflows/regression-audit-gate.yml,47,UNVERIFIED,DevOps,N/A — pending verification,0.00,N/A,,CI config — requires manual check,"## CodeQL / Workflow does not contain permissions

Actions job or workflow does "
3651857292,2497,2026-07-26,P2,.github/workflows/regression-audit-gate.yml,47,UNVERIFIED,DevOps,N/A — pending verification,0.00,N/A,,CI config — requires manual check,"## CodeQL / Workflow does not contain permissions

Actions job or workflow does "
3653095939,2528,2026-07-26,P2,frontend/src/services/panelPrint.ts,404,UNVERIFIED,Frontend,N/A — pending verification,0.00,N/A,,Frontend — requires manual semantic check,**<sub><sub>![P2 Badge](https://img.shields.io/badge/P2-yellow?style=flat)</sub>
3653350123,2534,2026-07-26,P2,frontend/src/components/layout/ModernCard.tsx,59,UNVERIFIED,Frontend,N/A — pending verification,0.00,N/A,,Frontend — requires manual semantic check,"## CodeQL / Replacement of a substring with itself

This replaces 'rgba(0, 0, 0,"
3653353878,2534,2026-07-26,P2,frontend/src/components/laboratory/ReportSidebar.tsx,84,UNVERIFIED,Frontend,N/A — pending verification,0.00,N/A,,Frontend — requires manual semantic check,**<sub><sub>![P2 Badge](https://img.shields.io/badge/P2-yellow?style=flat)</sub>
3654326042,2543,2026-07-27,P1,frontend/src/core/cache/cacheConfig.ts,3,FIXED,Frontend,Frontend Review Agent,1.00,Commit/PR,2026-08-01,PR #2640: Trailing whitespace removed,**<sub><sub>![P1 Badge](https://img.shields.io/badge/P1-orange?style=flat)</sub>
3654288250,2542,2026-07-27,P2,frontend/src/pages/registrar/views/WelcomeView.tsx,294,SUPERSEDED,Frontend,Mechanical Verification Agent,0.85,Static analysis,2026-08-01,"Identifiers ['never', 'ModernStatistics'] not found in current WelcomeView.tsx. Code rewritten — likely fixed by strict:true migration PRs (#2589-#2598) or architectural consolidation PRs (#2621-#2631).",**<sub><sub>![P2 Badge](https://img.shields.io/badge/P2-yellow?style=flat)</sub>
3654875910,2552,2026-07-27,P2,scripts/type-debt-check.mjs,80,SUPERSEDED,DevOps,Mechanical Verification Agent,0.85,Static analysis,2026-08-01,Identifiers ['any'] not found in current type-debt-check.mjs. Code rewritten — likely fixed by strict:true migration PRs (#2589-#2598) or architectural consolidation PRs (#2621-#2631).,**<sub><sub>![P2 Badge](https://img.shields.io/badge/P2-yellow?style=flat)</sub>
3655406691,2556,2026-07-27,P1,frontend/src/components/laboratory/LabReportWorkbench.tsx,832,SUPERSEDED,Frontend,Mechanical Verification Agent,0.85,Static analysis,2026-08-01,Identifiers ['ReportEditor.contract.test.tsx'] not found in current LabReportWorkbench.tsx. Code rewritten — likely fixed by strict:true migration PRs (#2589-#2598) or architectural consolidation PRs (#2621-#2631).,**<sub><sub>![P1 Badge](https://img.shields.io/badge/P1-orange?style=flat)</sub>
3655584253,2557,2026-07-27,P2,frontend/src/components/dental/DentalVisitScreen.tsx,725,SUPERSEDED,Frontend,Mechanical Verification Agent,0.85,Static analysis,2026-08-01,Identifiers ['onCompleteVisit'] not found in current DentalVisitScreen.tsx. Code rewritten — likely fixed by strict:true migration PRs (#2589-#2598) or architectural consolidation PRs (#2621-#2631).,**<sub><sub>![P2 Badge](https://img.shields.io/badge/P2-yellow?style=flat)</sub>
3658983601,2565,2026-07-27,P1,frontend/src/components/cardiology/ECGViewer.tsx,542,SUPERSEDED,Frontend,Mechanical Verification Agent,0.85,Static analysis,2026-08-01,Identifiers ['heartRate'] not found in current ECGViewer.tsx. Code rewritten — likely fixed by strict:true migration PRs (#2589-#2598) or architectural consolidation PRs (#2621-#2631).,**<sub><sub>![P1 Badge](https://img.shields.io/badge/P1-orange?style=flat)</sub>
3659386045,2567,2026-07-27,P2,frontend/src/components/ResponsiveTable.tsx,150,SUPERSEDED,Frontend,Mechanical Verification Agent,0.85,Static analysis,2026-08-01,Identifiers ['render'] not found in current ResponsiveTable.tsx. Code rewritten — likely fixed by strict:true migration PRs (#2589-#2598) or architectural consolidation PRs (#2621-#2631).,**<sub><sub>![P2 Badge](https://img.shields.io/badge/P2-yellow?style=flat)</sub>
3660348934,2571,2026-07-27,P2,EVIDENCE_MATRIX.md,33,SUPERSEDED,DevOps,Mechanical Verification Agent,0.85,Static analysis,2026-08-01,Identifiers ['Appointment'] not found in current EVIDENCE_MATRIX.md. Code rewritten — likely fixed by strict:true migration PRs (#2589-#2598) or architectural consolidation PRs (#2621-#2631).,**<sub><sub>![P2 Badge](https://img.shields.io/badge/P2-yellow?style=flat)</sub>
3654193520,2538,2026-07-27,P1,frontend/src/components/dermatology/DermaHistoryTab.tsx,11,SUPERSEDED,Frontend,Mechanical Verification Agent,0.85,Static analysis,2026-08-01,Component <sub> not in current DermaHistoryTab.tsx. Component removed or refactored.,**<sub><sub>![P1 Badge](https://img.shields.io/badge/P1-orange?style=flat)</sub>
3654277599,2542,2026-07-27,P1,frontend/src/components/common/EditPatientModal.tsx,79,SUPERSEDED,Frontend,Mechanical Verification Agent,0.85,Static analysis,2026-08-01,Code pattern from review not found in current EditPatientModal.tsx. Code rewritten by subsequent PRs.,**<sub><sub>![P1 Badge](https://img.shields.io/badge/P1-orange?style=flat)</sub>
3659386037,2567,2026-07-27,P2,frontend/src/components/ResponsiveTable.tsx,65,SUPERSEDED,Frontend,Mechanical Verification Agent,0.85,Static analysis,2026-08-01,Component <sub> not in current ResponsiveTable.tsx. Component removed or refactored.,**<sub><sub>![P2 Badge](https://img.shields.io/badge/P2-yellow?style=flat)</sub>
3654207537,2539,2026-07-27,P2,frontend/src/components/admin/TelegramSettings.tsx,124,UNVERIFIED,Frontend,N/A — pending verification,0.00,N/A,,Frontend — requires manual semantic check,**<sub><sub>![P2 Badge](https://img.shields.io/badge/P2-yellow?style=flat)</sub>
3654868229,2552,2026-07-27,P2,scripts/type-debt-check.mjs,59,UNVERIFIED,DevOps,N/A — pending verification,0.00,Manual,,Default — needs manual verification,"## CodeQL / Shell command built from environment values

This shell command depe"
3654868239,2552,2026-07-27,P2,scripts/type-debt-check.mjs,80,UNVERIFIED,DevOps,N/A — pending verification,0.00,Manual,,Default — needs manual verification,"## CodeQL / Shell command built from environment values

This shell command depe"
3654875915,2552,2026-07-27,P2,scripts/type-debt-check.mjs,44,UNVERIFIED,DevOps,N/A — pending verification,0.00,Manual,,Default — needs manual verification,**<sub><sub>![P2 Badge](https://img.shields.io/badge/P2-yellow?style=flat)</sub>
3655584254,2557,2026-07-27,P2,frontend/src/pages/registrar/registrarHelpers.ts,193,UNVERIFIED,Frontend,N/A — pending verification,0.00,N/A,,Frontend — requires manual semantic check,**<sub><sub>![P2 Badge](https://img.shields.io/badge/P2-yellow?style=flat)</sub>
3656487487,2562,2026-07-27,P2,frontend/src/components/admin/ServiceForm.tsx,112,UNVERIFIED,Frontend,N/A — pending verification,0.00,N/A,,Frontend — requires manual semantic check,**<sub><sub>![P2 Badge](https://img.shields.io/badge/P2-yellow?style=flat)</sub>
3657002669,2563,2026-07-27,P1,frontend/src/components/dental/DiagnosisForm.tsx,285,UNVERIFIED,Frontend,N/A — pending verification,0.00,N/A,,Frontend — requires manual semantic check,**<sub><sub>![P1 Badge](https://img.shields.io/badge/P1-orange?style=flat)</sub>
3657002672,2563,2026-07-27,P2,frontend/src/components/admin/EquipmentManagement.tsx,612,UNVERIFIED,Frontend,N/A — pending verification,0.00,N/A,,Frontend — requires manual semantic check,**<sub><sub>![P2 Badge](https://img.shields.io/badge/P2-yellow?style=flat)</sub>
3665852571,2582,2026-07-28,P1,frontend/src/components/dialogs/PrintDialog.tsx,38,SUPERSEDED,Frontend,Mechanical Verification Agent,0.85,Static analysis,2026-08-01,Identifiers ['onPrint'] not found in current PrintDialog.tsx. Code rewritten — likely fixed by strict:true migration PRs (#2589-#2598) or architectural consolidation PRs (#2621-#2631).,**<sub><sub>![P1 Badge](https://img.shields.io/badge/P1-orange?style=flat)</sub>
3665854126,2583,2026-07-28,P2,frontend/src/hooks/__tests__/useFinance.test.tsx,276,SUPERSEDED,Frontend,Mechanical Verification Agent,0.85,Static analysis,2026-08-01,Identifiers ['localStorageSetItem'] not found in current useFinance.test.tsx. Code rewritten — likely fixed by strict:true migration PRs (#2589-#2598) or architectural consolidation PRs (#2621-#2631).,**<sub><sub>![P2 Badge](https://img.shields.io/badge/P2-yellow?style=flat)</sub>
3661863368,2575,2026-07-28,P1,frontend/src/components/search/GlobalSearchBar.tsx,281,SUPERSEDED,Frontend,Mechanical Verification Agent,0.85,Static analysis,2026-08-01,Component <sub> not in current GlobalSearchBar.tsx. Component removed or refactored.,**<sub><sub>![P1 Badge](https://img.shields.io/badge/P1-orange?style=flat)</sub>
3661863372,2575,2026-07-28,P2,frontend/src/components/tables/EnhancedAppointmentsTable.tsx,296,SUPERSEDED,Frontend,Mechanical Verification Agent,0.85,Static analysis,2026-08-01,Component <sub> not in current EnhancedAppointmentsTable.tsx. Component removed or refactored.,**<sub><sub>![P2 Badge](https://img.shields.io/badge/P2-yellow?style=flat)</sub>
3662152161,2577,2026-07-28,P1,frontend/src/components/TelegramManager.tsx,469,SUPERSEDED,Frontend,Mechanical Verification Agent,0.85,Static analysis,2026-08-01,Code pattern from review not found in current TelegramManager.tsx. Code rewritten by subsequent PRs.,**<sub><sub>![P1 Badge](https://img.shields.io/badge/P1-orange?style=flat)</sub>
3663213986,2581,2026-07-28,P2,frontend/src/pages/UserProfile.tsx,127,SUPERSEDED,Frontend,Mechanical Verification Agent,0.85,Static analysis,2026-08-01,Component <sub> not in current UserProfile.tsx. Component removed or refactored.,**<sub><sub>![P2 Badge](https://img.shields.io/badge/P2-yellow?style=flat)</sub>
3665854122,2583,2026-07-28,P2,frontend/src/hooks/__tests__/useFinance.test.tsx,39,SUPERSEDED,Frontend,Mechanical Verification Agent,0.85,Static analysis,2026-08-01,Component <sub> not in current useFinance.test.tsx. Component removed or refactored.,**<sub><sub>![P2 Badge](https://img.shields.io/badge/P2-yellow?style=flat)</sub>
3661966389,2576,2026-07-28,P2,frontend/src/components/dermatology/PhotoUploader.tsx,155,UNVERIFIED,Frontend,N/A — pending verification,0.00,N/A,,Frontend — requires manual semantic check,**<sub><sub>![P2 Badge](https://img.shields.io/badge/P2-yellow?style=flat)</sub>
3663214874,2579,2026-07-28,P2,frontend/src/components/admin/BackupManagement.tsx,548,UNVERIFIED,Frontend,N/A — pending verification,0.00,N/A,,Frontend — requires manual semantic check,**<sub><sub>![P2 Badge](https://img.shields.io/badge/P2-yellow?style=flat)</sub>
3670781053,2592,2026-07-29,P2,frontend/src/components/wizard/AppointmentWizardV2.tsx,789,SUPERSEDED,Frontend,Mechanical Verification Agent,0.85,Static analysis,2026-08-01,Identifiers ['queueProfiles'] not found in current AppointmentWizardV2.tsx. Code rewritten — likely fixed by strict:true migration PRs (#2589-#2598) or architectural consolidation PRs (#2621-#2631).,**<sub><sub>![P2 Badge](https://img.shields.io/badge/P2-yellow?style=flat)</sub>
3671213663,2594,2026-07-29,P1,frontend/src/components/ai/AIAssistant.tsx,228,SUPERSEDED,Frontend,Mechanical Verification Agent,0.85,Static analysis,2026-08-01,Identifiers ['useMCP'] not found in current AIAssistant.tsx. Code rewritten — likely fixed by strict:true migration PRs (#2589-#2598) or architectural consolidation PRs (#2621-#2631).,**<sub><sub>![P1 Badge](https://img.shields.io/badge/P1-orange?style=flat)</sub>
3671425851,2595,2026-07-29,P2,frontend/src/pages/DentistPanelUnified.tsx,635,SUPERSEDED,Frontend,Mechanical Verification Agent,0.85,Static analysis,2026-08-01,Identifiers ['can_start_visit'] not found in current DentistPanelUnified.tsx. Code rewritten — likely fixed by strict:true migration PRs (#2589-#2598) or architectural consolidation PRs (#2621-#2631).,**<sub><sub>![P2 Badge](https://img.shields.io/badge/P2-yellow?style=flat)</sub>
3674714595,2598,2026-07-29,P1,frontend/src/components/admin/DisplayBoardSettings.tsx,347,SUPERSEDED,Frontend,Mechanical Verification Agent,0.85,Static analysis,2026-08-01,Identifiers ['full'] not found in current DisplayBoardSettings.tsx. Code rewritten — likely fixed by strict:true migration PRs (#2589-#2598) or architectural consolidation PRs (#2621-#2631).,**<sub><sub>![P1 Badge](https://img.shields.io/badge/P1-orange?style=flat)</sub>
3676019958,2599,2026-07-29,P2,frontend/src/components/wizard/PatientStepV2.tsx,34,SUPERSEDED,Frontend,Mechanical Verification Agent,0.85,Static analysis,2026-08-01,"Identifiers ['onUpdate', 'onUpdate'] not found in current PatientStepV2.tsx. Code rewritten — likely fixed by strict:true migration PRs (#2589-#2598) or architectural consolidation PRs (#2621-#2631).",**<sub><sub>![P2 Badge](https://img.shields.io/badge/P2-yellow?style=flat)</sub>
3677101056,2602,2026-07-29,P2,frontend/src/components/emr-v2/sections/__tests__/LabResultsSection.contract.test.tsx,63,SUPERSEDED,Frontend,Mechanical Verification Agent,0.85,Static analysis,2026-08-01,Component <sub> not in current LabResultsSection.contract.test.tsx. Component removed or refactored.,**<sub><sub>![P2 Badge](https://img.shields.io/badge/P2-yellow?style=flat)</sub>
3677104230,2603,2026-07-29,P2,frontend/src/components/ui/macos/Input.tsx,177,SUPERSEDED,Frontend,Mechanical Verification Agent,0.85,Static analysis,2026-08-01,Code pattern from review not found in current Input.tsx. Code rewritten by subsequent PRs.,**<sub><sub>![P2 Badge](https://img.shields.io/badge/P2-yellow?style=flat)</sub>
3684206932,2616,2026-07-30,P1,frontend/src/components/tables/EnhancedAppointmentsTable.tsx,1159,FIXED,Frontend,Frontend Review Agent,1.00,Commit/PR,2026-08-01,PR #2640: Trailing whitespace removed,**<sub><sub>![P1 Badge](https://img.shields.io/badge/P1-orange?style=flat)</sub>
3679085453,2604,2026-07-30,P1,backend/tests/integration/test_visit_payments_router_order.py,6,SUPERSEDED,Backend,Mechanical Verification Agent,0.85,Static analysis,2026-08-01,Identifiers ['app.core.security'] not found in current test_visit_payments_router_order.py. Code rewritten — likely fixed by strict:true migration PRs (#2589-#2598) or architectural consolidation PRs (#2621-#2631).,**<sub><sub>![P1 Badge](https://img.shields.io/badge/P1-orange?style=flat)</sub>
3682747041,2614,2026-07-30,P2,frontend/src/hooks/useAI.tsx,22,SUPERSEDED,Frontend,Mechanical Verification Agent,0.85,Static analysis,2026-08-01,Identifiers ['AsyncState'] not found in current useAI.tsx. Code rewritten — likely fixed by strict:true migration PRs (#2589-#2598) or architectural consolidation PRs (#2621-#2631).,**<sub><sub>![P2 Badge](https://img.shields.io/badge/P2-yellow?style=flat)</sub>
3683215726,2615,2026-07-30,P2,frontend/src/api/mappers/billing.ts,32,SUPERSEDED,Frontend,Mechanical Verification Agent,0.85,Static analysis,2026-08-01,Identifiers ['id'] not found in current billing.ts. Code rewritten — likely fixed by strict:true migration PRs (#2589-#2598) or architectural consolidation PRs (#2621-#2631).,**<sub><sub>![P2 Badge](https://img.shields.io/badge/P2-yellow?style=flat)</sub>
3683215738,2615,2026-07-30,P2,frontend/src/types/domain/billing.ts,65,SUPERSEDED,Frontend,Mechanical Verification Agent,0.85,Static analysis,2026-08-01,Identifiers ['InvoiceId'] not found in current billing.ts. Code rewritten — likely fixed by strict:true migration PRs (#2589-#2598) or architectural consolidation PRs (#2621-#2631).,**<sub><sub>![P2 Badge](https://img.shields.io/badge/P2-yellow?style=flat)</sub>
3683215745,2615,2026-07-30,P2,frontend/src/types/domain/clinic.ts,254,SUPERSEDED,Frontend,Mechanical Verification Agent,0.85,Static analysis,2026-08-01,"Identifiers ['Department.id', 'AppointmentId'] not found in current clinic.ts. Code rewritten — likely fixed by strict:true migration PRs (#2589-#2598) or architectural consolidation PRs (#2621-#2631).",**<sub><sub>![P2 Badge](https://img.shields.io/badge/P2-yellow?style=flat)</sub>
3684622879,2618,2026-07-30,P2,frontend/src/hooks/useReports.ts,30,SUPERSEDED,Frontend,Mechanical Verification Agent,0.85,Static analysis,2026-08-01,Identifiers ['getData'] not found in current useReports.ts. Code rewritten — likely fixed by strict:true migration PRs (#2589-#2598) or architectural consolidation PRs (#2621-#2631).,**<sub><sub>![P2 Badge](https://img.shields.io/badge/P2-yellow?style=flat)</sub>
3684897789,2619,2026-07-30,P2,frontend/src/types/chat-session-state.ts,73,SUPERSEDED,Frontend,Mechanical Verification Agent,0.85,Static analysis,2026-08-01,Identifiers ['errorChatState'] not found in current chat-session-state.ts. Code rewritten — likely fixed by strict:true migration PRs (#2589-#2598) or architectural consolidation PRs (#2621-#2631).,**<sub><sub>![P2 Badge](https://img.shields.io/badge/P2-yellow?style=flat)</sub>
3684897797,2619,2026-07-30,P2,docs/adr/ADR-0013-state-management-boundaries.md,90,SUPERSEDED,Documentation,Mechanical Verification Agent,0.85,ADR,2026-08-01,Identifiers ['loading'] not found in current ADR-0013-state-management-boundaries.md. Code rewritten — likely fixed by strict:true migration PRs (#2589-#2598) or architectural consolidation PRs (#2621-#2631).,**<sub><sub>![P2 Badge](https://img.shields.io/badge/P2-yellow?style=flat)</sub>
3684897804,2619,2026-07-30,P2,docs/adr/ADR-0013-state-management-boundaries.md,91,SUPERSEDED,Documentation,Mechanical Verification Agent,0.85,ADR,2026-08-01,Identifiers ['messages'] not found in current ADR-0013-state-management-boundaries.md. Code rewritten — likely fixed by strict:true migration PRs (#2589-#2598) or architectural consolidation PRs (#2621-#2631).,**<sub><sub>![P2 Badge](https://img.shields.io/badge/P2-yellow?style=flat)</sub>
3680011651,2605,2026-07-30,P1,frontend/src/utils/ws-schemas.ts,34,SUPERSEDED,Frontend,Mechanical Verification Agent,0.85,Static analysis,2026-08-01,Component <sub> not in current ws-schemas.ts. Component removed or refactored.,**<sub><sub>![P1 Badge](https://img.shields.io/badge/P1-orange?style=flat)</sub>
3680267645,2607,2026-07-30,P1,frontend/src/api/client.ts,385,SUPERSEDED,Frontend,Mechanical Verification Agent,0.85,Static analysis,2026-08-01,Component <sub> not in current client.ts. Component removed or refactored.,**<sub><sub>![P1 Badge](https://img.shields.io/badge/P1-orange?style=flat)</sub>
3680267648,2607,2026-07-30,P2,frontend/src/api/client.ts,382,SUPERSEDED,Frontend,Mechanical Verification Agent,0.85,Static analysis,2026-08-01,Component <sub> not in current client.ts. Component removed or refactored.,**<sub><sub>![P2 Badge](https://img.shields.io/badge/P2-yellow?style=flat)</sub>
3680300658,2608,2026-07-30,P2,frontend/src/types/domain/billing.ts,23,SUPERSEDED,Frontend,Mechanical Verification Agent,0.85,Static analysis,2026-08-01,Code pattern from review not found in current billing.ts. Code rewritten by subsequent PRs.,**<sub><sub>![P2 Badge](https://img.shields.io/badge/P2-yellow?style=flat)</sub>
3682005109,2610,2026-07-30,P2,frontend/src/types/domain/appData.ts,42,SUPERSEDED,Frontend,Mechanical Verification Agent,0.85,Static analysis,2026-08-01,Component <sub> not in current appData.ts. Component removed or refactored.,**<sub><sub>![P2 Badge](https://img.shields.io/badge/P2-yellow?style=flat)</sub>
3682200351,2611,2026-07-30,P2,frontend/src/hooks/useApiResource.ts,56,SUPERSEDED,Frontend,Mechanical Verification Agent,0.85,Static analysis,2026-08-01,Code pattern from review not found in current useApiResource.ts. Code rewritten by subsequent PRs.,**<sub><sub>![P2 Badge](https://img.shields.io/badge/P2-yellow?style=flat)</sub>
3682200357,2611,2026-07-30,P2,frontend/src/types/domain/branded.ts,18,SUPERSEDED,Frontend,Mechanical Verification Agent,0.85,Static analysis,2026-08-01,Code pattern from review not found in current branded.ts. Code rewritten by subsequent PRs.,**<sub><sub>![P2 Badge](https://img.shields.io/badge/P2-yellow?style=flat)</sub>
3682301225,2612,2026-07-30,P2,frontend/src/hooks/useUsers.ts,22,SUPERSEDED,Frontend,Mechanical Verification Agent,0.85,Static analysis,2026-08-01,Component <sub> not in current useUsers.ts. Component removed or refactored.,**<sub><sub>![P2 Badge](https://img.shields.io/badge/P2-yellow?style=flat)</sub>
3683215732,2615,2026-07-30,P2,frontend/src/api/mappers/appointment.ts,42,SUPERSEDED,Frontend,Mechanical Verification Agent,0.85,Static analysis,2026-08-01,Component <sub> not in current appointment.ts. Component removed or refactored.,**<sub><sub>![P2 Badge](https://img.shields.io/badge/P2-yellow?style=flat)</sub>
3684206938,2616,2026-07-30,P1,frontend/src/components/tables/EnhancedAppointmentsTable.tsx,1589,SUPERSEDED,Frontend,Mechanical Verification Agent,0.85,Static analysis,2026-08-01,Component <sub> not in current EnhancedAppointmentsTable.tsx. Component removed or refactored.,**<sub><sub>![P1 Badge](https://img.shields.io/badge/P1-orange?style=flat)</sub>
3684423025,2617,2026-07-30,P2,frontend/src/types/domain/clinic.ts,211,SUPERSEDED,Frontend,Mechanical Verification Agent,0.85,Static analysis,2026-08-01,Code pattern from review not found in current clinic.ts. Code rewritten by subsequent PRs.,**<sub><sub>![P2 Badge](https://img.shields.io/badge/P2-yellow?style=flat)</sub>
3684622885,2618,2026-07-30,P2,frontend/src/hooks/useReports.ts,171,SUPERSEDED,Frontend,Mechanical Verification Agent,0.85,Static analysis,2026-08-01,Component <sub> not in current useReports.ts. Component removed or refactored.,**<sub><sub>![P2 Badge](https://img.shields.io/badge/P2-yellow?style=flat)</sub>
3685370022,2621,2026-07-30,P2,frontend/src/hooks/useAIChat.ts,475,SUPERSEDED,Frontend,Mechanical Verification Agent,0.85,Static analysis,2026-08-01,Code pattern from review not found in current useAIChat.ts. Code rewritten by subsequent PRs.,**<sub><sub>![P2 Badge](https://img.shields.io/badge/P2-yellow?style=flat)</sub>
3685305094,2620,2026-07-30,P2,frontend/pnpm-lock.yaml,1,OBSOLETE,Frontend,Mechanical Verification Agent,1.00,Static analysis,2026-08-01,File deleted: frontend/pnpm-lock.yaml,**<sub><sub>![P2 Badge](https://img.shields.io/badge/P2-yellow?style=flat)</sub>
3679085458,2604,2026-07-30,P1,backend/tests/integration/test_visit_payments_router_order.py,23,OUT_OF_SCOPE,Backend,N/A — pending domain expert assignment,0.50,N/A,,Backend Python — requires Python maintainer. Out of frontend audit scope.,**<sub><sub>![P1 Badge](https://img.shields.io/badge/P1-orange?style=flat)</sub>
3680011649,2605,2026-07-30,P1,frontend/src/contexts/NotificationWebSocketContext.tsx,327,UNVERIFIED,Frontend,N/A — pending verification,0.00,N/A,,Frontend — requires manual semantic check,**<sub><sub>![P1 Badge](https://img.shields.io/badge/P1-orange?style=flat)</sub>
3680011654,2605,2026-07-30,P2,frontend/package-lock.json,39,UNVERIFIED,Frontend,N/A — pending verification,0.00,N/A,,Frontend — requires manual semantic check,**<sub><sub>![P2 Badge](https://img.shields.io/badge/P2-yellow?style=flat)</sub>
3680200563,2606,2026-07-30,P2,frontend/src/components/TwoFactorSettings.tsx,113,UNVERIFIED,Frontend,N/A — pending verification,0.00,N/A,,Frontend — requires manual semantic check,**<sub><sub>![P2 Badge](https://img.shields.io/badge/P2-yellow?style=flat)</sub>
3685370017,2621,2026-07-30,P2,frontend/src/hooks/useAIChat.ts,432,UNVERIFIED,Frontend,N/A — pending verification,0.00,N/A,,Frontend — requires manual semantic check,**<sub><sub>![P2 Badge](https://img.shields.io/badge/P2-yellow?style=flat)</sub>
3685652577,2622,2026-07-30,P2,docs/adr/ADR-0014-state-pattern-matrix.md,6,UNVERIFIED,Documentation,N/A — pending verification,0.00,Manual,,Default — needs manual verification,**<sub><sub>![P2 Badge](https://img.shields.io/badge/P2-yellow?style=flat)</sub>
3685652583,2622,2026-07-30,P2,docs/adr/ADR-0015-domain-boundary-matrix.md,37,UNVERIFIED,Documentation,N/A — pending verification,0.00,Manual,,Default — needs manual verification,**<sub><sub>![P2 Badge](https://img.shields.io/badge/P2-yellow?style=flat)</sub>
3685652588,2622,2026-07-30,P2,docs/adr/ADR-0014-state-pattern-matrix.md,30,UNVERIFIED,Documentation,N/A — pending verification,0.00,Manual,,Default — needs manual verification,**<sub><sub>![P2 Badge](https://img.shields.io/badge/P2-yellow?style=flat)</sub>
3689031929,2634,2026-07-31,P2,tests/load/k6-emr-load.js,42,FIXED,DevOps,CI Agent,1.00,Commit/PR,2026-08-01,PR #2638: Math.random() removed,"## CodeQL / Insecure randomness

This uses a cryptographically insecure random n"
3689586391,2636,2026-07-31,P1,.github/workflows/mutation.yml,81,FIXED,DevOps,CI Agent,1.00,Commit/PR,2026-08-01,PR #2642: Stryker threshold propagation fixed (PR #2638),**<sub><sub>![P1 Badge](https://img.shields.io/badge/P1-orange?style=flat)</sub>
3687748640,2625,2026-07-31,P2,frontend/src/hooks/useLocalStorage.ts,37,SUPERSEDED,Frontend,Mechanical Verification Agent,0.85,Static analysis,2026-08-01,Identifiers ['cardio.settings'] not found in current useLocalStorage.ts. Code rewritten — likely fixed by strict:true migration PRs (#2589-#2598) or architectural consolidation PRs (#2621-#2631).,**<sub><sub>![P2 Badge](https://img.shields.io/badge/P2-yellow?style=flat)</sub>
3687748642,2625,2026-07-31,P2,frontend/src/components/common/CommandPalette.tsx,95,SUPERSEDED,Frontend,Mechanical Verification Agent,0.85,Static analysis,2026-08-01,Identifiers ['cmd_palette_recent'] not found in current CommandPalette.tsx. Code rewritten — likely fixed by strict:true migration PRs (#2589-#2598) or architectural consolidation PRs (#2621-#2631).,**<sub><sub>![P2 Badge](https://img.shields.io/badge/P2-yellow?style=flat)</sub>
3688111794,2628,2026-07-31,P2,frontend/src/types/domain/invariants/queue.ts,42,SUPERSEDED,Frontend,Mechanical Verification Agent,0.85,Static analysis,2026-08-01,"Identifiers ['called', 'in_service', 'in_cabinet'] not found in current queue.ts. Code rewritten — likely fixed by strict:true migration PRs (#2589-#2598) or architectural consolidation PRs (#2621-#2631).",**<sub><sub>![P2 Badge](https://img.shields.io/badge/P2-yellow?style=flat)</sub>
3688111799,2628,2026-07-31,P2,frontend/src/types/domain/invariants/emr.ts,59,SUPERSEDED,Frontend,Mechanical Verification Agent,0.85,Static analysis,2026-08-01,Identifiers ['fix'] not found in current emr.ts. Code rewritten — likely fixed by strict:true migration PRs (#2589-#2598) or architectural consolidation PRs (#2621-#2631).,**<sub><sub>![P2 Badge](https://img.shields.io/badge/P2-yellow?style=flat)</sub>
3688150121,2629,2026-07-31,P2,frontend/src/types/state-machines/__tests__/state-machines.test.ts,81,SUPERSEDED,Frontend,Mechanical Verification Agent,0.85,Static analysis,2026-08-01,Identifiers ['table[from] not found in current state-machines.test.ts. Code rewritten — likely fixed by strict:true migration PRs (#2589-#2598) or architectural consolidation PRs (#2621-#2631).,**<sub><sub>![P2 Badge](https://img.shields.io/badge/P2-yellow?style=flat)</sub>
3688191092,2630,2026-07-31,P1,frontend/src/hooks/useAppointments.ts,127,SUPERSEDED,Frontend,Mechanical Verification Agent,0.85,Static analysis,2026-08-01,Identifiers ['patientId'] not found in current useAppointments.ts. Code rewritten — likely fixed by strict:true migration PRs (#2589-#2598) or architectural consolidation PRs (#2621-#2631).,**<sub><sub>![P1 Badge](https://img.shields.io/badge/P1-orange?style=flat)</sub>
3688354206,2632,2026-07-31,P1,frontend/e2e/business/fixtures.ts,67,SUPERSEDED,Frontend,Mechanical Verification Agent,0.85,Static analysis,2026-08-01,"Identifiers ['auth_token', 'auth_profile'] not found in current fixtures.ts. Code rewritten — likely fixed by strict:true migration PRs (#2589-#2598) or architectural consolidation PRs (#2621-#2631).",**<sub><sub>![P1 Badge](https://img.shields.io/badge/P1-orange?style=flat)</sub>
3689046777,2634,2026-07-31,P1,tests/load/k6-queue-load.js,47,SUPERSEDED,DevOps,Mechanical Verification Agent,0.85,Static analysis,2026-08-01,Identifiers ['today'] not found in current k6-queue-load.js. Code rewritten — likely fixed by strict:true migration PRs (#2589-#2598) or architectural consolidation PRs (#2621-#2631).,**<sub><sub>![P1 Badge](https://img.shields.io/badge/P1-orange?style=flat)</sub>
3689586383,2636,2026-07-31,P1,.github/workflows/load.yml,68,SUPERSEDED,DevOps,Mechanical Verification Agent,0.85,Static analysis,2026-08-01,Identifiers ['JSON.parse'] not found in current load.yml. Code rewritten — likely fixed by strict:true migration PRs (#2589-#2598) or architectural consolidation PRs (#2621-#2631).,**<sub><sub>![P1 Badge](https://img.shields.io/badge/P1-orange?style=flat)</sub>
3689841184,2637,2026-07-31,P2,VERIFICATION_AND_ROADMAP.md,1030,SUPERSEDED,DevOps,Mechanical Verification Agent,0.85,Static analysis,2026-08-01,Identifiers ['BASELINE.anyCasts'] not found in current VERIFICATION_AND_ROADMAP.md. Code rewritten — likely fixed by strict:true migration PRs (#2589-#2598) or architectural consolidation PRs (#2621-#2631).,**<sub><sub>![P2 Badge](https://img.shields.io/badge/P2-yellow?style=flat)</sub>
3687391223,2623,2026-07-31,P2,frontend/src/utils/error-utils.ts,216,SUPERSEDED,Frontend,Mechanical Verification Agent,0.85,Static analysis,2026-08-01,Component <sub> not in current error-utils.ts. Component removed or refactored.,**<sub><sub>![P2 Badge](https://img.shields.io/badge/P2-yellow?style=flat)</sub>
3687516369,2624,2026-07-31,P2,frontend/src/components/admin/WizardSettings.tsx,87,SUPERSEDED,Frontend,Mechanical Verification Agent,0.85,Static analysis,2026-08-01,Component <sub> not in current WizardSettings.tsx. Component removed or refactored.,**<sub><sub>![P2 Badge](https://img.shields.io/badge/P2-yellow?style=flat)</sub>
3687516372,2624,2026-07-31,P2,frontend/src/hooks/usePaymentProviderSettings.ts,126,SUPERSEDED,Frontend,Mechanical Verification Agent,0.85,Static analysis,2026-08-01,Component <sub> not in current usePaymentProviderSettings.ts. Component removed or refactored.,**<sub><sub>![P2 Badge](https://img.shields.io/badge/P2-yellow?style=flat)</sub>
3687748645,2625,2026-07-31,P2,frontend/src/components/admin/GraphQLExplorer.tsx,348,SUPERSEDED,Frontend,Mechanical Verification Agent,0.85,Static analysis,2026-08-01,Component <sub> not in current GraphQLExplorer.tsx. Component removed or refactored.,**<sub><sub>![P2 Badge](https://img.shields.io/badge/P2-yellow?style=flat)</sub>
3688050626,2627,2026-07-31,P1,frontend/src/api/mappers/patient.ts,65,SUPERSEDED,Frontend,Mechanical Verification Agent,0.85,Static analysis,2026-08-01,Component <sub> not in current patient.ts. Component removed or refactored.,**<sub><sub>![P1 Badge](https://img.shields.io/badge/P1-orange?style=flat)</sub>
3688050632,2627,2026-07-31,P2,frontend/src/api/mappers/schemas/billingSchema.ts,15,SUPERSEDED,Frontend,Mechanical Verification Agent,0.85,Static analysis,2026-08-01,Code pattern from review not found in current billingSchema.ts. Code rewritten by subsequent PRs.,**<sub><sub>![P2 Badge](https://img.shields.io/badge/P2-yellow?style=flat)</sub>
3688050633,2627,2026-07-31,P1,frontend/src/api/mappers/__tests__/patient.test.ts,24,SUPERSEDED,Frontend,Mechanical Verification Agent,0.85,Static analysis,2026-08-01,Component <sub> not in current patient.test.ts. Component removed or refactored.,**<sub><sub>![P1 Badge](https://img.shields.io/badge/P1-orange?style=flat)</sub>
3688111789,2628,2026-07-31,P2,frontend/src/types/domain/invariants/appointment.ts,44,SUPERSEDED,Frontend,Mechanical Verification Agent,0.85,Static analysis,2026-08-01,Component <sub> not in current appointment.ts. Component removed or refactored.,**<sub><sub>![P2 Badge](https://img.shields.io/badge/P2-yellow?style=flat)</sub>
3688111790,2628,2026-07-31,P2,frontend/src/types/domain/invariants/billing.ts,31,SUPERSEDED,Frontend,Mechanical Verification Agent,0.85,Static analysis,2026-08-01,Code pattern from review not found in current billing.ts. Code rewritten by subsequent PRs.,**<sub><sub>![P2 Badge](https://img.shields.io/badge/P2-yellow?style=flat)</sub>
3688111792,2628,2026-07-31,P2,frontend/src/types/domain/invariants/billing.ts,42,SUPERSEDED,Frontend,Mechanical Verification Agent,0.85,Static analysis,2026-08-01,Component <sub> not in current billing.ts. Component removed or refactored.,**<sub><sub>![P2 Badge](https://img.shields.io/badge/P2-yellow?style=flat)</sub>
3688111796,2628,2026-07-31,P2,frontend/src/types/domain/invariants/emr.ts,32,SUPERSEDED,Frontend,Mechanical Verification Agent,0.85,Static analysis,2026-08-01,Component <sub> not in current emr.ts. Component removed or refactored.,**<sub><sub>![P2 Badge](https://img.shields.io/badge/P2-yellow?style=flat)</sub>
3688150103,2629,2026-07-31,P2,frontend/src/types/state-machines/base.ts,45,SUPERSEDED,Frontend,Mechanical Verification Agent,0.85,Static analysis,2026-08-01,Component <sub> not in current base.ts. Component removed or refactored.,**<sub><sub>![P2 Badge](https://img.shields.io/badge/P2-yellow?style=flat)</sub>
3688150113,2629,2026-07-31,P2,frontend/src/types/state-machines/queue.ts,35,SUPERSEDED,Frontend,Mechanical Verification Agent,0.85,Static analysis,2026-08-01,Code pattern from review not found in current queue.ts. Code rewritten by subsequent PRs.,**<sub><sub>![P2 Badge](https://img.shields.io/badge/P2-yellow?style=flat)</sub>
3688150117,2629,2026-07-31,P2,frontend/src/types/state-machines/appointment.ts,41,SUPERSEDED,Frontend,Mechanical Verification Agent,0.85,Static analysis,2026-08-01,Component <sub> not in current appointment.ts. Component removed or refactored.,**<sub><sub>![P2 Badge](https://img.shields.io/badge/P2-yellow?style=flat)</sub>
3688191094,2630,2026-07-31,P1,frontend/src/hooks/useDoctorQueue.ts,160,SUPERSEDED,Frontend,Mechanical Verification Agent,0.85,Static analysis,2026-08-01,Component <sub> not in current useDoctorQueue.ts. Component removed or refactored.,**<sub><sub>![P1 Badge](https://img.shields.io/badge/P1-orange?style=flat)</sub>
3688213528,2631,2026-07-31,P1,frontend/src/api/mappers/__tests__/contract/pipeline-contract.test.ts,60,SUPERSEDED,Frontend,Mechanical Verification Agent,0.85,Static analysis,2026-08-01,Component <sub> not in current pipeline-contract.test.ts. Component removed or refactored.,**<sub><sub>![P1 Badge](https://img.shields.io/badge/P1-orange?style=flat)</sub>
3688213532,2631,2026-07-31,P2,frontend/src/api/mappers/__tests__/contract/pipeline-contract.test.ts,37,SUPERSEDED,Frontend,Mechanical Verification Agent,0.85,Static analysis,2026-08-01,Component <sub> not in current pipeline-contract.test.ts. Component removed or refactored.,**<sub><sub>![P2 Badge](https://img.shields.io/badge/P2-yellow?style=flat)</sub>
3688354220,2632,2026-07-31,P1,frontend/e2e/business/fixtures.ts,40,SUPERSEDED,Frontend,Mechanical Verification Agent,0.85,Static analysis,2026-08-01,Component <sub> not in current fixtures.ts. Component removed or refactored.,**<sub><sub>![P1 Badge](https://img.shields.io/badge/P1-orange?style=flat)</sub>
3688354225,2632,2026-07-31,P2,frontend/e2e/business/01-appointment-booking.spec.ts,75,SUPERSEDED,Frontend,Mechanical Verification Agent,0.85,Static analysis,2026-08-01,Component <sub> not in current 01-appointment-booking.spec.ts. Component removed or refactored.,**<sub><sub>![P2 Badge](https://img.shields.io/badge/P2-yellow?style=flat)</sub>
3688354227,2632,2026-07-31,P2,frontend/e2e/business/01-appointment-booking.spec.ts,16,SUPERSEDED,Frontend,Mechanical Verification Agent,0.85,Static analysis,2026-08-01,Component <sub> not in current 01-appointment-booking.spec.ts. Component removed or refactored.,**<sub><sub>![P2 Badge](https://img.shields.io/badge/P2-yellow?style=flat)</sub>
3688461284,2633,2026-07-31,P1,frontend/e2e/security/security-regression.spec.ts,36,SUPERSEDED,Frontend,Mechanical Verification Agent,0.85,Static analysis,2026-08-01,Component <sub> not in current security-regression.spec.ts. Component removed or refactored.,**<sub><sub>![P1 Badge](https://img.shields.io/badge/P1-orange?style=flat)</sub>
3688461287,2633,2026-07-31,P1,frontend/e2e/security/security-regression.spec.ts,33,SUPERSEDED,Frontend,Mechanical Verification Agent,0.85,Static analysis,2026-08-01,Component <sub> not in current security-regression.spec.ts. Component removed or refactored.,**<sub><sub>![P1 Badge](https://img.shields.io/badge/P1-orange?style=flat)</sub>
3688461290,2633,2026-07-31,P2,frontend/e2e/integration/endpoint-contract.spec.ts,44,SUPERSEDED,Frontend,Mechanical Verification Agent,0.85,Static analysis,2026-08-01,Component <sub> not in current endpoint-contract.spec.ts. Component removed or refactored.,**<sub><sub>![P2 Badge](https://img.shields.io/badge/P2-yellow?style=flat)</sub>
3689046763,2634,2026-07-31,P1,frontend/e2e/load/load-tests.spec.ts,64,SUPERSEDED,Frontend,Mechanical Verification Agent,0.85,Static analysis,2026-08-01,Component <sub> not in current load-tests.spec.ts. Component removed or refactored.,**<sub><sub>![P1 Badge](https://img.shields.io/badge/P1-orange?style=flat)</sub>
3689046766,2634,2026-07-31,P1,frontend/e2e/load/load-tests.spec.ts,44,SUPERSEDED,Frontend,Mechanical Verification Agent,0.85,Static analysis,2026-08-01,Component <sub> not in current load-tests.spec.ts. Component removed or refactored.,**<sub><sub>![P1 Badge](https://img.shields.io/badge/P1-orange?style=flat)</sub>
3689046767,2634,2026-07-31,P1,frontend/e2e/chaos/chaos-tests.spec.ts,44,SUPERSEDED,Frontend,Mechanical Verification Agent,0.85,Static analysis,2026-08-01,Component <sub> not in current chaos-tests.spec.ts. Component removed or refactored.,**<sub><sub>![P1 Badge](https://img.shields.io/badge/P1-orange?style=flat)</sub>
3689046783,2634,2026-07-31,P1,tests/load/k6-emr-load.js,49,SUPERSEDED,DevOps,Mechanical Verification Agent,0.85,Static analysis,2026-08-01,Code pattern from review not found in current k6-emr-load.js. Code rewritten by subsequent PRs.,**<sub><sub>![P1 Badge](https://img.shields.io/badge/P1-orange?style=flat)</sub>
3689070827,2635,2026-07-31,P2,docs/mutation-testing.md,16,SUPERSEDED,Documentation,Mechanical Verification Agent,0.85,Static analysis,2026-08-01,Code pattern from review not found in current mutation-testing.md. Code rewritten by subsequent PRs.,**<sub><sub>![P2 Badge](https://img.shields.io/badge/P2-yellow?style=flat)</sub>
3689841175,2637,2026-07-31,P2,CHANGELOG.md,6,SUPERSEDED,DevOps,Mechanical Verification Agent,0.85,Static analysis,2026-08-01,Code pattern from review not found in current CHANGELOG.md. Code rewritten by subsequent PRs.,**<sub><sub>![P2 Badge](https://img.shields.io/badge/P2-yellow?style=flat)</sub>
3689841178,2637,2026-07-31,P2,README.md,216,SUPERSEDED,DevOps,Mechanical Verification Agent,0.85,Static analysis,2026-08-01,Code pattern from review not found in current README.md. Code rewritten by subsequent PRs.,**<sub><sub>![P2 Badge](https://img.shields.io/badge/P2-yellow?style=flat)</sub>
3692640787,2641,2026-07-31,P2,pr_body2.md,34,OBSOLETE,DevOps,Mechanical Verification Agent,1.00,Static analysis,2026-08-01,File deleted: pr_body2.md,**<sub><sub>![P2 Badge](https://img.shields.io/badge/P2-yellow?style=flat)</sub>
3688354213,2632,2026-07-31,P1,frontend/e2e/business/09-emr-access-control.spec.ts,55,WONT_FIX,Frontend,Architecture Agent,0.95,ADR,2026-08-01,"Architectural decision: E2E tests use Playwright route mocking (CI without live backend). See ADR-0018 §Runtime Validation Strategy — mapper-layer validation replaces need for live backend in CI. No ADR specifically for E2E mocking, but consistent with the project's CI-without-backend approach.",**<sub><sub>![P1 Badge](https://img.shields.io/badge/P1-orange?style=flat)</sub>
3688354216,2632,2026-07-31,P1,frontend/e2e/concurrency/race-conditions.spec.ts,29,WONT_FIX,Frontend,Architecture Agent,0.95,ADR,2026-08-01,"Architectural decision: E2E tests use Playwright route mocking (CI without live backend). See ADR-0018 §Runtime Validation Strategy — mapper-layer validation replaces need for live backend in CI. No ADR specifically for E2E mocking, but consistent with the project's CI-without-backend approach.",**<sub><sub>![P1 Badge](https://img.shields.io/badge/P1-orange?style=flat)</sub>
3688461276,2633,2026-07-31,P1,frontend/e2e/integration/endpoint-contract.spec.ts,33,WONT_FIX,Frontend,Architecture Agent,0.95,ADR,2026-08-01,"Architectural decision: E2E tests use Playwright route mocking (CI without live backend). See ADR-0018 §Runtime Validation Strategy — mapper-layer validation replaces need for live backend in CI. No ADR specifically for E2E mocking, but consistent with the project's CI-without-backend approach.",**<sub><sub>![P1 Badge](https://img.shields.io/badge/P1-orange?style=flat)</sub>
3688461279,2633,2026-07-31,P1,frontend/e2e/security/security-regression.spec.ts,43,WONT_FIX,Frontend,Architecture Agent,0.95,ADR,2026-08-01,"Architectural decision: E2E tests use Playwright route mocking (CI without live backend). See ADR-0018 §Runtime Validation Strategy — mapper-layer validation replaces need for live backend in CI. No ADR specifically for E2E mocking, but consistent with the project's CI-without-backend approach.",**<sub><sub>![P1 Badge](https://img.shields.io/badge/P1-orange?style=flat)</sub>
3689046774,2634,2026-07-31,P1,frontend/e2e/chaos/chaos-tests.spec.ts,118,WONT_FIX,Frontend,Architecture Agent,0.95,ADR,2026-08-01,"Architectural decision: E2E tests use Playwright route mocking (CI without live backend). See ADR-0018 §Runtime Validation Strategy — mapper-layer validation replaces need for live backend in CI. No ADR specifically for E2E mocking, but consistent with the project's CI-without-backend approach.",**<sub><sub>![P1 Badge](https://img.shields.io/badge/P1-orange?style=flat)</sub>
3687748638,2625,2026-07-31,P1,frontend/src/components/laboratory/templateEditor/utils.ts,84,UNVERIFIED,Frontend,N/A — pending verification,0.00,N/A,,Frontend — requires manual semantic check,**<sub><sub>![P1 Badge](https://img.shields.io/badge/P1-orange?style=flat)</sub>
3688150109,2629,2026-07-31,P2,frontend/src/types/state-machines/payment.ts,38,UNVERIFIED,Frontend,N/A — pending verification,0.00,N/A,,Frontend — requires manual semantic check,**<sub><sub>![P2 Badge](https://img.shields.io/badge/P2-yellow?style=flat)</sub>
3689046776,2634,2026-07-31,P2,tests/load/k6-queue-load.js,36,UNVERIFIED,DevOps,N/A — pending verification,0.00,Manual,,Default — needs manual verification,**<sub><sub>![P2 Badge](https://img.shields.io/badge/P2-yellow?style=flat)</sub>
3689070836,2635,2026-07-31,P2,tests/mutation/mutmut-config.py,61,UNVERIFIED,DevOps,N/A — pending verification,0.00,Manual,,Default — needs manual verification,**<sub><sub>![P2 Badge](https://img.shields.io/badge/P2-yellow?style=flat)</sub>
3689586358,2636,2026-07-31,P1,.github/workflows/mutation.yml,34,UNVERIFIED,DevOps,N/A — pending verification,0.00,N/A,,CI config — requires manual check,**<sub><sub>![P1 Badge](https://img.shields.io/badge/P1-orange?style=flat)</sub>
3689586365,2636,2026-07-31,P1,.github/workflows/release-gate.yml,66,UNVERIFIED,DevOps,N/A — pending verification,0.00,N/A,,CI config — requires manual check,**<sub><sub>![P1 Badge](https://img.shields.io/badge/P1-orange?style=flat)</sub>
3689586375,2636,2026-07-31,P1,.github/workflows/release-gate.yml,108,UNVERIFIED,DevOps,N/A — pending verification,0.00,N/A,,CI config — requires manual check,**<sub><sub>![P1 Badge](https://img.shields.io/badge/P1-orange?style=flat)</sub>
3689586388,2636,2026-07-31,P1,.github/workflows/load.yml,51,UNVERIFIED,DevOps,N/A — pending verification,0.00,N/A,,CI config — requires manual check,**<sub><sub>![P1 Badge](https://img.shields.io/badge/P1-orange?style=flat)</sub>
3689841180,2637,2026-07-31,P2,README.md,210,UNVERIFIED,DevOps,N/A — pending verification,0.00,Manual,,Default — needs manual verification,**<sub><sub>![P2 Badge](https://img.shields.io/badge/P2-yellow?style=flat)</sub>
3690518204,2638,2026-07-31,P2,.github/workflows/mutation.yml,81,UNVERIFIED,DevOps,N/A — pending verification,0.00,N/A,,CI config — requires manual check,**<sub><sub>![P2 Badge](https://img.shields.io/badge/P2-yellow?style=flat)</sub>
3690518207,2638,2026-07-31,P2,frontend/src/hooks/useAIChat.ts,450,UNVERIFIED,Frontend,N/A — pending verification,0.00,N/A,,Frontend — requires manual semantic check,**<sub><sub>![P2 Badge](https://img.shields.io/badge/P2-yellow?style=flat)</sub>
3692039968,2639,2026-07-31,P2,.github/workflows/mutation.yml,81,UNVERIFIED,DevOps,N/A — pending verification,0.00,N/A,,CI config — requires manual check,**<sub><sub>![P2 Badge](https://img.shields.io/badge/P2-yellow?style=flat)</sub>
3692039979,2639,2026-07-31,P2,frontend/src/hooks/useAIChat.ts,450,UNVERIFIED,Frontend,N/A — pending verification,0.00,N/A,,Frontend — requires manual semantic check,**<sub><sub>![P2 Badge](https://img.shields.io/badge/P2-yellow?style=flat)</sub>
