{
    "root_group": {
        "name": "",
        "path": "",
        "id": "d41d8cd98f00b204e9800998ecf8427e",
        "groups": {},
        "checks": {
                "status is 2xx": {
                    "id": "625da780c1868b693c9052f10511e6a0",
                    "passes": 3601,
                    "fails": 0,
                    "name": "status is 2xx",
                    "path": "::status is 2xx"
                }
            }
    },
    "metrics": {
        "vus": {
            "min": 0,
            "max": 0,
            "value": 0
        },
        "http_req_sending": {
            "med": 0.017072,
            "max": 0.132348,
            "p(90)": 0.025428,
            "p(95)": 0.030217,
            "p(99)": 0.044727,
            "avg": 0.01782358872535407,
            "min": 0.006402
        },
        "data_received": {
            "count": 862366,
            "rate": 7186.247663804376
        },
        "iteration_duration": {
            "p(90)": 3.024659,
            "p(95)": 3.12287,
            "p(99)": 3.50938,
            "avg": 2.336528305193001,
            "min": 1.893839,
            "med": 2.13501,
            "max": 4.937416
        },
        "http_reqs": {
            "count": 3601,
            "rate": 30.00776681520324,
            "thresholds": {
                "rate>25": false
            }
        },
        "http_req_receiving": {
            "max": 0.269233,
            "p(90)": 0.147336,
            "p(95)": 0.155932,
            "p(99)": 0.168495,
            "avg": 0.12487975951124694,
            "min": 0.046076,
            "med": 0.124317
        },
        "http_req_failed": {
            "passes": 0,
            "fails": 3601,
            "thresholds": {
                "rate<0.01": false
            },
            "value": 0
        },
        "checks": {
            "passes": 3601,
            "fails": 0,
            "thresholds": {
                "rate>0.99": false
            },
            "value": 1
        },
        "iterations": {
            "count": 3601,
            "rate": 30.00776681520324
        },
        "vus_max": {
            "min": 40,
            "max": 40,
            "value": 40
        },
        "http_req_blocked": {
            "med": 0.003346,
            "max": 0.196255,
            "p(90)": 0.005109,
            "p(95)": 0.009809,
            "p(99)": 0.139479,
            "avg": 0.00604430574840323,
            "min": 0.002245
        },
        "http_req_duration": {
            "med": 2.030408,
            "max": 4.673647,
            "p(90)": 2.918583,
            "p(95)": 3.014656,
            "p(99)": 3.333587,
            "avg": 2.230183253540683,
            "min": 1.797192,
            "thresholds": {
                "p(95)<500": false
            }
        },
        "http_req_duration{expected_response:true}": {
            "max": 4.673647,
            "p(90)": 2.918583,
            "p(95)": 3.014656,
            "p(99)": 3.333587,
            "avg": 2.230183253540683,
            "min": 1.797192,
            "med": 2.030408
        },
        "data_sent": {
            "count": 298883,
            "rate": 2490.644645661869
        },
        "http_req_connecting": {
            "max": 0.15261,
            "p(90)": 0,
            "p(95)": 0,
            "p(99)": 0.091945,
            "avg": 0.001265028603165787,
            "min": 0,
            "med": 0
        },
        "http_req_tls_handshaking": {
            "avg": 0,
            "min": 0,
            "med": 0,
            "max": 0,
            "p(90)": 0,
            "p(95)": 0,
            "p(99)": 0
        },
        "http_req_waiting": {
            "med": 1.889018,
            "max": 4.455086,
            "p(90)": 2.77236,
            "p(95)": 2.86484,
            "p(99)": 3.169839,
            "avg": 2.0874799053040807,
            "min": 1.686965
        }
    }
}